video_name,folder_name
JxIYpcRMMyA.mp4,Camera view changes
fr00AH4B6E8.mp4,Camera view changes
eJqwL1utI9U.00.mp4,Camera view changes
5MatkFhxP6g.00.mp4,Camera view changes
CxqCgU0r7C4.00.mp4,Camera view changes
5QWA1tKxSbs.00.mp4,Camera view changes
0rJL5ipcvRk.mp4,Camera view changes
5S9BuibHb7k.01.mp4,Camera view changes
fsJdW_6HePY.mp4,Camera view changes
5r50jgzzMAY.mp4,Camera view changes
loTZgj0RUF8.mp4,Camera view changes
2edk0gKJzAA.mp4,Camera view changes
yiax9NZufow.mp4,Camera view changes
HBXQlGNAx_Q.mp4,Camera view changes
K0BgjSkZyZY.mp4,Camera view changes
1LLWWT4UnKs.00.mp4,Camera view changes
zsSLTyIhuf0.mp4,Camera view changes
cLagB_Uv_RA.mp4,Camera view changes
9UbnGrExaPs.00.mp4,Camera view changes
B1S5Ha-S6W4.mp4,Camera view changes
-tDq_wE8XUE.mp4,Camera view changes
hWOnhvaqamA.00.mp4,Camera view changes
5cLuty9wclc.mp4,Camera view changes
3t-ayJk_biw.00.mp4,Camera view changes
92_MOcLwMnU.00.mp4,Camera view changes
1DT6B_jXkUw.mp4,Camera view changes
hPuylJBmk_8.mp4,Camera view changes
7fsBIMRNhOE.mp4,Camera view changes
ge04b2Bc85s.00.mp4,Camera view changes
1CkbhRkAE6o.00.mp4,Camera view changes
at3mGS-FAVg.00.mp4,Camera view changes
0dQdHhQ-fYI.mp4,Camera view changes
-aiMjUX6eb8.mp4,Camera view changes
jcNMN5Jjla0.mp4,Camera view changes
j55G_1TSfj0.00.mp4,Camera view changes
gIaIfMvoJ4M.00.mp4,Camera view changes
1jSnPWULGSo.00.mp4,Camera view changes
UPZm0tx77Vw.mp4,Camera view changes
6GwjXluAztY.00.mp4,Camera view changes
BdcukeUOxNI.00.mp4,Camera view changes
3Q0K84jmKKA.00.mp4,Camera view changes
34ae-wS62uc.00.mp4,Camera view changes
47WaNth0_rU.00.mp4,Camera view changes
5S9BuibHb7k.00.mp4,Camera view changes
8i0-GCEwqtM.00.mp4,Camera view changes
1ElFK35u8Q0.00.mp4,Camera view changes
8ekKPh7Ff-o.00.mp4,Camera view changes
ci8sj1HmskI.00.mp4,Camera view changes
bZPW5b9TOho.00.mp4,Camera view changes
c6gsGRK5psQ.mp4,Camera view changes
4ANJ84KkegU.01.mp4,Camera view changes
pN6O_t9s0us.00.mp4,Camera view changes
9ClIgUzn1KU.00.mp4,Camera view changes
2X-hG2_sin0.00.mp4,Camera view changes
cJ0FQGu8Zi8.00.mp4,Camera view changes
d9BgJA1usfA.00.mp4,Camera view changes
meiKZyf2MWE.00.mp4,Camera view changes
4fjVdLOecdE.00.mp4,Camera view changes
F9pfbVIu0tY.mp4,Camera view changes
-VudsuhSnX4.mp4,Camera view changes
1T-Rqw_FbVI.00.mp4,Camera view changes
615tzb3SQ2A.00.mp4,Camera view changes
5R63ecyeTDE.00.mp4,Camera view changes
dKpyqhjFu14.00.mp4,Camera view changes
_9ub8t8y6Mg.mp4,Camera view changes
0AGO82M8wbY.00.mp4,Camera view changes
1C9bH7JisIk.00.mp4,Camera view changes
6hhzX5eATaQ.00.mp4,Camera view changes
j7Lcg9vhhP4.00.mp4,Camera view changes
e5FZidMRJxU.mp4,Occlusion
2nAm0OWimZ0.00.mp4,Occlusion
-_j4yNpyl3M.mp4,Occlusion
wkoelcaGEJY.mp4,Occlusion
3dLhTYGzoo4.00.mp4,Occlusion
1YcuoLNYQ8A.mp4,Occlusion
aWPjf_F5J2M.00.mp4,Occlusion
Ml_weFCeV68.00.mp4,Occlusion
H-WVBLt6muo.00.mp4,Occlusion
6owtWYt7MRE.00.mp4,Occlusion
3Rq_trM8Mxo.mp4,Occlusion
9rIsu5pZXAY.00.mp4,Low illumination
acYsrTaBoqU.00.mp4,Low illumination
BG3TqqFkrhc.00.mp4,Low illumination
e7Ne3YwwFUM.00.mp4,Low illumination
a2cWbiiAqks.00.mp4,Low illumination
5BzNU_RTfsI.00.mp4,Low illumination
0DadD72ipuM.00.mp4,Low illumination
4cYZ_Ez_Pjk.00.mp4,Low illumination
2hgdNCeZJEc.00.mp4,Low illumination
-Tok_g_jgE0.mp4,Low illumination
2bKErp84msI.00.mp4,Low illumination
fiay0793beU.00.mp4,Low illumination
9QRjrCdj4Xk.00.mp4,Low illumination
fhQTjKUdUSk.mp4,low resolution
70cexfbOyvc.00.mp4,low resolution
ltjuf_fH0ww.00.mp4,low resolution
38bvn8kTs-Y.00.mp4,low resolution
-EAW3_RlR2w.00.mp4,low resolution
ZnXcjrllWPw.mp4,low resolution
zsSLTyIhuf0.mp4,low resolution
a2cWbiiAqks.00.mp4,low resolution
2BZzzEriDyU.00.mp4,low resolution
iz39RntfH0I.00.mp4,low resolution
1DgxSewrXPk.00.mp4,low resolution
sFnX5gB99r8.mp4,low resolution
2shenaHrvwM.00.mp4,low resolution
6d_RTzFfQUE.mp4,low resolution
3YLkj739DaM.00.mp4,low resolution
BH5r7tlPkiQ.mp4,low resolution
07XWlRH4rF8.00.mp4,low resolution
wgF9lVdT6K4.mp4,low resolution
68mhtFPsemA.00.mp4,low resolution
iBaJ3XMe4i8.mp4,low resolution
hs_pUNxpOSQ.00.mp4,low resolution
e-JyMr8rU80.00.mp4,low resolution
af3XRd9BUNM.00.mp4,low resolution
i-UaQ5pKC2k.mp4,low resolution
GqU2VsvwNAQ.00.mp4,low resolution
-MrqXdoqCSI.00.mp4,low resolution
-r-lijxXqkk.mp4,low resolution
B6Iwf9YNe-g.00.mp4,low resolution
4kw8URqlVck.00.mp4,low resolution
75Jox6rqp8U.00.mp4,Fast motion
2d41lt8R79k.00.mp4,Fast motion
1r8l-NASslU.00.mp4,Fast motion
1u0XZLcBcp0.00.mp4,Fast motion
0EwY2n8dAtE.00.mp4,Fast motion
dCS01fUZY8k.00.mp4,Fast motion
1VSrIj3FEKQ.00.mp4,Fast motion
4cwl1ulL0BA.01.mp4,Fast motion
3ngQGTlgGKI.01.mp4,Fast motion
-PA0ixGEHFc.00.mp4,Fast motion
39crfK5qYG4.00.mp4,Fast motion
2zMYhDurxO4.00.mp4,Fast motion
3ngQGTlgGKI.00.mp4,Fast motion
1BcDZ1spW98.00.mp4,Fast motion
-Vw4q6p68Mw.00.mp4,Fast motion
-cKHpHzs9N0.00.mp4,Fast motion
0EQYTfW7TDc.00.mp4,Fast motion
8eoXX9B5B2A.00.mp4,Fast motion
-HUvp5iXpWM.00.mp4,Fast motion
-XhFLStnSno.00.mp4,Fast motion
hqAazxty7LU.00.mp4,Fast motion
2X-hG2_sin0.00.mp4,Fast motion
0EwY2n8dAtE.01.mp4,Fast motion
-MrqXdoqCSI.00.mp4,Fast motion
1n5Y1VrOWaM.00.mp4,Fast motion
4N8sMHnPWOo.00.mp4,Fast motion
1ma4b_TsEVA.mp4,Fast motion
1Bm6vU5SrJg.00.mp4,Fast motion
2zMYhDurxO4.01.mp4,Fast motion
67GmGx8FON0.00.mp4,Fast motion
1D9faa72mQM.00.mp4,Fast motion
uby2dcP6cmw.mp4,cluttered background
5yF9hfc7OOQ.00.mp4,cluttered background
I054zoPKNck.mp4,cluttered background
90O8dCO4XJY.00.mp4,cluttered background
5yF9hfc7OOQ.01.mp4,cluttered background
3XL1RKxHR-s.00.mp4,cluttered background
6dLztarU4KI.00.mp4,cluttered background
4U7RwpSr9uw.01.mp4,cluttered background
4dRHEmJLpXQ.00.mp4,cluttered background
2-nCcYuddL8.00.mp4,cluttered background
38bvn8kTs-Y.00.mp4,cluttered background
-0HwkO7TRmc.00.mp4,cluttered background
6dLztarU4KI.01.mp4,cluttered background
5KVCG1jL3-k.mp4,cluttered background
624rDx0cR_Y.00.mp4,cluttered background
85Ax9Hrghcs.00.mp4,cluttered background
2BZzzEriDyU.00.mp4,cluttered background
7i51NXFfF10.00.mp4,cluttered background
7_0iR2sRLKM.mp4,cluttered background
b-aYgXF24JE.00.mp4,cluttered background
8F6i-g0Ebi8.00.mp4,cluttered background
1-iwtA2boDw.00.mp4,cluttered background
49wXelxSCaE.00.mp4,cluttered background
bTjSfCPsLA8.00.mp4,cluttered background
5S5YI-ZnXdc.00.mp4,cluttered background
2x7moYmJu9A.00.mp4,cluttered background
B9alVd8MRO4.00.mp4,cluttered background
F2GlSHPf8PA.mp4,cluttered background
6owtWYt7MRE.00.mp4,cluttered background
-dxBq0WzYRU.00.mp4,cluttered background
4EK46v4E_Gs.00.mp4,cluttered background
-BVl3_9YajA.00.mp4,cluttered background
-dxBq0WzYRU.01.mp4,cluttered background
4U7RwpSr9uw.00.mp4,cluttered background
4kw8URqlVck.00.mp4,cluttered background
90O8dCO4XJY.01.mp4,cluttered background
7W5LbOiYVdY.00.mp4,cluttered background
1yv3uYO9lOQ.00.mp4,out of view movement
a7cRojOdljw.mp4,out of view movement
9qdhLeQaP1k.00.mp4,out of view movement
avzCakZN1Rs.00.mp4,out of view movement
1D7frgXM1qE.00.mp4,out of view movement
5iL201ao6fI.mp4,out of view movement
NjLHnT9ZtPw.mp4,out of view movement
Zd4YteIMwWY.mp4,out of view movement
6d_RTzFfQUE.mp4,out of view movement
9ee4cn4r-Fk.00.mp4,out of view movement
_K1kuSGS78w.mp4,out of view movement
hqAazxty7LU.01.mp4,out of view movement
by5umnFUoI8.mp4,out of view movement
-Tok_g_jgE0.mp4,out of view movement
GTVf8VgdKq8.00.mp4,out of view movement
-nXQisild9I.00.mp4,Scale variation
3fF9edlAjA4.00.mp4,Scale variation
3UPT0Kwg91g.00.mp4,Scale variation
dLRwBds0PwU.00.mp4,Scale variation
e5XFeUM5Oi8.00.mp4,Scale variation
5BzNU_RTfsI.00.mp4,Scale variation
UEbEmg3RuDM.mp4,Scale variation
sFnX5gB99r8.mp4,Scale variation
7fsBIMRNhOE.mp4,Scale variation
lM9iMGw7oAY.00.mp4,Scale variation
0IOxuaN_zkM.mp4,Scale variation
B9tPbJrO6Oc.00.mp4,Scale variation
BZdNy4jMbn0.00.mp4,Scale variation
9CHByf2Vb2Y.01.mp4,Scale variation
B9alVd8MRO4.00.mp4,Scale variation
59S58PFjGEo.00.mp4,Scale variation
eEG7ZOQG6LM.00.mp4,Scale variation
6b2gujvZ8_g.00.mp4,Scale variation
bEljrqeJDdo.mp4,Scale variation
9QIcq397MD8.00.mp4,Scale variation
04vlULXjzZc.00.mp4,Scale variation
etHNh5_LeFU.mp4,Scale variation
DAJmyGAdO7Q.00.mp4,Scale variation
3QJ99458W4c.00.mp4,Scale variation
8DDro-N5-54.mp4,Scale variation
