kept_split,kept_csv_file,kept_csv_row,removed_split,removed_csv_file,removed_csv_row,video_name,count,class,description,fps,kinetics_start_sec,kinetics_end_sec,repetition_segment_start_sec,repetition_segment_end_sec,repetition_segment_start_frame,repetition_segment_end_frame,rep_1_start_frame,rep_1_end_frame,rep_2_start_frame,rep_2_end_frame,rep_3_start_frame,rep_3_end_frame,rep_4_start_frame,rep_4_end_frame,rep_5_start_frame,rep_5_end_frame,rep_6_start_frame,rep_6_end_frame,rep_7_start_frame,rep_7_end_frame,rep_8_start_frame,rep_8_end_frame,rep_9_start_frame,rep_9_end_frame,rep_10_start_frame,rep_10_end_frame,rep_11_start_frame,rep_11_end_frame,rep_12_start_frame,rep_12_end_frame,rep_13_start_frame,rep_13_end_frame,rep_14_start_frame,rep_14_end_frame,rep_15_start_frame,rep_15_end_frame,rep_16_start_frame,rep_16_end_frame,rep_17_start_frame,rep_17_end_frame,rep_18_start_frame,rep_18_end_frame,rep_19_start_frame,rep_19_end_frame,rep_20_start_frame,rep_20_end_frame,rep_21_start_frame,rep_21_end_frame,rep_22_start_frame,rep_22_end_frame,rep_23_start_frame,rep_23_end_frame,rep_24_start_frame,rep_24_end_frame,rep_25_start_frame,rep_25_end_frame,rep_26_start_frame,rep_26_end_frame,rep_27_start_frame,rep_27_end_frame,rep_28_start_frame,rep_28_end_frame,rep_29_start_frame,rep_29_end_frame,rep_30_start_frame,rep_30_end_frame,rep_31_start_frame,rep_31_end_frame,rep_32_start_frame,rep_32_end_frame,rep_33_start_frame,rep_33_end_frame,rep_34_start_frame,rep_34_end_frame,rep_35_start_frame,rep_35_end_frame,rep_36_start_frame,rep_36_end_frame,rep_37_start_frame,rep_37_end_frame,rep_38_start_frame,rep_38_end_frame,rep_39_start_frame,rep_39_end_frame,rep_40_start_frame,rep_40_end_frame,rep_41_start_frame,rep_41_end_frame,rep_42_start_frame,rep_42_end_frame,rep_43_start_frame,rep_43_end_frame,rep_44_start_frame,rep_44_end_frame,rep_45_start_frame,rep_45_end_frame,rep_46_start_frame,rep_46_end_frame,rep_47_start_frame,rep_47_end_frame,rep_48_start_frame,rep_48_end_frame,rep_49_start_frame,rep_49_end_frame,rep_50_start_frame,rep_50_end_frame,rep_51_start_frame,rep_51_end_frame,rep_52_start_frame,rep_52_end_frame,rep_53_start_frame,rep_53_end_frame,rep_54_start_frame,rep_54_end_frame,rep_55_start_frame,rep_55_end_frame,rep_56_start_frame,rep_56_end_frame,rep_57_start_frame,rep_57_end_frame,rep_58_start_frame,rep_58_end_frame,rep_59_start_frame,rep_59_end_frame,rep_60_start_frame,rep_60_end_frame,rep_61_start_frame,rep_61_end_frame,rep_62_start_frame,rep_62_end_frame,rep_63_start_frame,rep_63_end_frame,rep_64_start_frame,rep_64_end_frame,rep_65_start_frame,rep_65_end_frame,rep_66_start_frame,rep_66_end_frame,rep_67_start_frame,rep_67_end_frame,rep_68_start_frame,rep_68_end_frame,rep_69_start_frame,rep_69_end_frame,rep_70_start_frame,rep_70_end_frame,rep_71_start_frame,rep_71_end_frame
train,ovr_ego4d_train.csv,867,train,ovr_ego4d_train.csv,6396,96bc5dbd-9d55-4159-ac2f-adf25ce059cb_807.2628.mp4,3,unknown,A person is sprinkling seeds,30.0,0.0,10.0,4.33,7.17,130,215,130,158,158,187,187,215,,,,,,,,,,,,,,,,,,,,,,,,,,,,,,,,,,,,,,,,,,,,,,,,,,,,,,,,,,,,,,,,,,,,,,,,,,,,,,,,,,,,,,,,,,,,,,,,,,,,,,,,,,,,,,,,,,,,,,,,,,,,,,,,,,,,,,,,
train,ovr_ego4d_train.csv,2688,train,ovr_ego4d_train.csv,7119,461453ca-6e9d-4e59-82b1-3138e76b62a1_1791.3339.mp4,8,unknown,A person is digging the soil,30.0,0.0,10.0,5.2,9.77,156,293,156,173,173,190,190,207,207,225,225,242,242,259,259,276,276,293,,,,,,,,,,,,,,,,,,,,,,,,,,,,,,,,,,,,,,,,,,,,,,,,,,,,,,,,,,,,,,,,,,,,,,,,,,,,,,,,,,,,,,,,,,,,,,,,,,,,,,,,,,,,,,,,,,,,,,,,,,,,,,
train,ovr_ego4d_train.csv,6537,train,ovr_ego4d_train.csv,7226,2dec618c-137e-47d5-9f0b-f927a407eabb_293.1730.mp4,13,unknown,A person is tightening the screw,30.0,0.0,10.0,5.97,9.8,179,294,179,188,188,197,197,206,206,214,214,223,223,232,232,241,241,250,250,259,259,267,267,276,276,285,285,294,,,,,,,,,,,,,,,,,,,,,,,,,,,,,,,,,,,,,,,,,,,,,,,,,,,,,,,,,,,,,,,,,,,,,,,,,,,,,,,,,,,,,,,,,,,,,,,,,,,,,,,,,,,,,,,,,,,,
train,ovr_ego4d_train.csv,1282,train,ovr_ego4d_train.csv,7982,ac456900-56a1-4cdd-b781-63aebe79d902_698.7221.mp4,3,unknown,A person is cleaning the floor,30.0,0.0,10.0,4.07,8.07,122,242,122,162,162,202,202,242,,,,,,,,,,,,,,,,,,,,,,,,,,,,,,,,,,,,,,,,,,,,,,,,,,,,,,,,,,,,,,,,,,,,,,,,,,,,,,,,,,,,,,,,,,,,,,,,,,,,,,,,,,,,,,,,,,,,,,,,,,,,,,,,,,,,,,,,
train,ovr_ego4d_train.csv,5165,train,ovr_ego4d_train.csv,8584,64cd3a1c-4c24-4116-b52d-6a2adc149e7e_1232.7106.mp4,5,unknown,A person is painting,30.0,0.0,10.0,4.5,5.47,135,164,135,141,141,147,147,152,152,158,158,164,,,,,,,,,,,,,,,,,,,,,,,,,,,,,,,,,,,,,,,,,,,,,,,,,,,,,,,,,,,,,,,,,,,,,,,,,,,,,,,,,,,,,,,,,,,,,,,,,,,,,,,,,,,,,,,,,,,,,,,,,,,,,,,,,,,,
train,ovr_ego4d_train.csv,5011,train,ovr_ego4d_train.csv,8786,320e73ce-08e0-40bf-945c-f4515d03621f_238.0852.mp4,4,unknown,A person is drying their fingers,30.0,0.0,10.0,5.73,7.03,172,211,172,182,182,191,191,201,201,211,,,,,,,,,,,,,,,,,,,,,,,,,,,,,,,,,,,,,,,,,,,,,,,,,,,,,,,,,,,,,,,,,,,,,,,,,,,,,,,,,,,,,,,,,,,,,,,,,,,,,,,,,,,,,,,,,,,,,,,,,,,,,,,,,,,,,,
train,ovr_ego4d_train.csv,820,train,ovr_ego4d_train.csv,9438,8e58a7b3-43ef-406d-ad5d-901f83418261_6917.9056.mp4,3,unknown,A person is rubbing their hands,30.0,0.0,10.0,3.13,4.13,94,124,94,104,104,114,114,124,,,,,,,,,,,,,,,,,,,,,,,,,,,,,,,,,,,,,,,,,,,,,,,,,,,,,,,,,,,,,,,,,,,,,,,,,,,,,,,,,,,,,,,,,,,,,,,,,,,,,,,,,,,,,,,,,,,,,,,,,,,,,,,,,,,,,,,,
train,ovr_ego4d_train.csv,6688,train,ovr_ego4d_train.csv,10784,5f7c489b-bfa0-4aa7-b707-45d12b2b114a_280.2194.mp4,22,unknown,A person is dusting the wood,30.0,0.0,10.0,0.03,8.9,1,267,1,13,13,25,25,37,37,49,49,61,61,73,73,86,86,98,98,110,110,122,122,134,134,146,146,158,158,170,170,182,182,194,194,207,207,219,219,231,231,243,243,255,255,267,,,,,,,,,,,,,,,,,,,,,,,,,,,,,,,,,,,,,,,,,,,,,,,,,,,,,,,,,,,,,,,,,,,,,,,,,,,,,,,,,,,,,,,,,,,,,,,,,,
train,ovr_ego4d_train.csv,2143,train,ovr_ego4d_train.csv,12553,8fe2d076-aef6-4093-9292-cf8afdd715d1_658.6881.mp4,2,unknown,A person is leveling the sand,30.0,0.0,10.0,1.67,5.6,50,168,50,109,109,168,,,,,,,,,,,,,,,,,,,,,,,,,,,,,,,,,,,,,,,,,,,,,,,,,,,,,,,,,,,,,,,,,,,,,,,,,,,,,,,,,,,,,,,,,,,,,,,,,,,,,,,,,,,,,,,,,,,,,,,,,,,,,,,,,,,,,,,,,,
train,ovr_ego4d_train.csv,11577,train,ovr_ego4d_train.csv,15713,94797ff8-a780-4f2b-8e0b-0242f8ffee19_1275.9140.mp4,2,unknown,A person is cutting a cloth with a sizer,30.0,0.0,10.0,0.0,1.0,0,30,0,15,15,30,,,,,,,,,,,,,,,,,,,,,,,,,,,,,,,,,,,,,,,,,,,,,,,,,,,,,,,,,,,,,,,,,,,,,,,,,,,,,,,,,,,,,,,,,,,,,,,,,,,,,,,,,,,,,,,,,,,,,,,,,,,,,,,,,,,,,,,,,,
train,ovr_ego4d_train.csv,11615,train,ovr_ego4d_train.csv,15931,34af64b6-2135-43dc-9a33-2899d92a0c8e_98.4618.mp4,9,unknown,A person is smoothing the wood,30.0,0.0,10.0,3.8,10.0,114,300,114,135,135,155,155,176,176,197,197,217,217,238,238,259,259,279,279,300,,,,,,,,,,,,,,,,,,,,,,,,,,,,,,,,,,,,,,,,,,,,,,,,,,,,,,,,,,,,,,,,,,,,,,,,,,,,,,,,,,,,,,,,,,,,,,,,,,,,,,,,,,,,,,,,,,,,,,,,,,,,
train,ovr_ego4d_train.csv,267,train,ovr_ego4d_train.csv,16472,3f457c04-3cbd-4950-9a24-f83712d9ad36_1212.0403.mp4,2,unknown,A person is knitting,30.0,0.0,10.0,0.03,2.63,1,79,1,40,40,79,,,,,,,,,,,,,,,,,,,,,,,,,,,,,,,,,,,,,,,,,,,,,,,,,,,,,,,,,,,,,,,,,,,,,,,,,,,,,,,,,,,,,,,,,,,,,,,,,,,,,,,,,,,,,,,,,,,,,,,,,,,,,,,,,,,,,,,,,,
train,ovr_ego4d_train.csv,13852,train,ovr_ego4d_train.csv,17301,a3a1246c-97fd-4824-be9e-f4e261ab525c_408.8577.mp4,3,unknown,A person is playing the guitar,30.0,0.0,10.0,0.03,1.0,1,30,1,11,11,20,20,30,,,,,,,,,,,,,,,,,,,,,,,,,,,,,,,,,,,,,,,,,,,,,,,,,,,,,,,,,,,,,,,,,,,,,,,,,,,,,,,,,,,,,,,,,,,,,,,,,,,,,,,,,,,,,,,,,,,,,,,,,,,,,,,,,,,,,,,,
train,ovr_ego4d_train.csv,1275,train,ovr_ego4d_train.csv,18120,25879c6c-48aa-41d0-82b0-cddb90952cd4_476.0087.mp4,12,unknown,A person is playing the musical instrument,30.0,0.0,10.0,1.8,5.17,54,155,54,62,62,71,71,79,79,88,88,96,96,105,105,113,113,121,121,130,130,138,138,147,147,155,,,,,,,,,,,,,,,,,,,,,,,,,,,,,,,,,,,,,,,,,,,,,,,,,,,,,,,,,,,,,,,,,,,,,,,,,,,,,,,,,,,,,,,,,,,,,,,,,,,,,,,,,,,,,,,,,,,,,,
train,ovr_ego4d_train.csv,4,train,ovr_ego4d_train.csv,19542,0a913608-709d-42d9-a90d-273caefdc153_594.9208.mp4,5,unknown,A person is playing the guitar,30.0,0.0,10.0,3.77,6.6,113,198,113,130,130,147,147,164,164,181,181,198,,,,,,,,,,,,,,,,,,,,,,,,,,,,,,,,,,,,,,,,,,,,,,,,,,,,,,,,,,,,,,,,,,,,,,,,,,,,,,,,,,,,,,,,,,,,,,,,,,,,,,,,,,,,,,,,,,,,,,,,,,,,,,,,,,,,
train,ovr_ego4d_train.csv,11483,train,ovr_ego4d_train.csv,20341,dc030d61-5866-4285-934f-b0144346e067_1341.4726.mp4,2,unknown,A person is knitting,30.0,0.0,10.0,0.03,2.17,1,65,1,33,33,65,,,,,,,,,,,,,,,,,,,,,,,,,,,,,,,,,,,,,,,,,,,,,,,,,,,,,,,,,,,,,,,,,,,,,,,,,,,,,,,,,,,,,,,,,,,,,,,,,,,,,,,,,,,,,,,,,,,,,,,,,,,,,,,,,,,,,,,,,,
train,ovr_ego4d_train.csv,10293,train,ovr_ego4d_train.csv,20879,3ee45f14-c819-48d1-ba54-ec49fb210de2_223.2070.mp4,4,unknown,A person is cutting the branches,30.0,0.0,10.0,5.6,8.73,168,262,168,191,191,215,215,238,238,262,,,,,,,,,,,,,,,,,,,,,,,,,,,,,,,,,,,,,,,,,,,,,,,,,,,,,,,,,,,,,,,,,,,,,,,,,,,,,,,,,,,,,,,,,,,,,,,,,,,,,,,,,,,,,,,,,,,,,,,,,,,,,,,,,,,,,,
train,ovr_ego4d_train.csv,14570,train,ovr_ego4d_train.csv,21231,0e16d011-c8d1-4ead-9934-f0913c17b5a6_1816.7006.mp4,2,unknown,A person is pulling the thread,30.0,0.0,10.0,4.2,5.83,126,175,126,150,150,175,,,,,,,,,,,,,,,,,,,,,,,,,,,,,,,,,,,,,,,,,,,,,,,,,,,,,,,,,,,,,,,,,,,,,,,,,,,,,,,,,,,,,,,,,,,,,,,,,,,,,,,,,,,,,,,,,,,,,,,,,,,,,,,,,,,,,,,,,,
train,ovr_ego4d_train.csv,15706,train,ovr_ego4d_train.csv,21600,fe231042-6163-48cc-a1c4-1d1163b0a440_928.5277.mp4,4,unknown,A person is moving the trowel in the cement,30.0,0.0,10.0,1.33,4.93,40,148,40,67,67,94,94,121,121,148,,,,,,,,,,,,,,,,,,,,,,,,,,,,,,,,,,,,,,,,,,,,,,,,,,,,,,,,,,,,,,,,,,,,,,,,,,,,,,,,,,,,,,,,,,,,,,,,,,,,,,,,,,,,,,,,,,,,,,,,,,,,,,,,,,,,,,
train,ovr_ego4d_train.csv,13462,train,ovr_ego4d_train.csv,21915,d3f76c88-5996-4da0-8b8f-6c1b8f85a4d8_13800.2066.mp4,2,unknown,A person is welding with a tool,30.0,0.0,10.0,0.67,2.53,20,76,20,48,48,76,,,,,,,,,,,,,,,,,,,,,,,,,,,,,,,,,,,,,,,,,,,,,,,,,,,,,,,,,,,,,,,,,,,,,,,,,,,,,,,,,,,,,,,,,,,,,,,,,,,,,,,,,,,,,,,,,,,,,,,,,,,,,,,,,,,,,,,,,,
train,ovr_ego4d_train.csv,5784,train,ovr_ego4d_train.csv,24253,7f296d37-a819-408f-aa34-80b63a40f01e_450.6609.mp4,5,unknown,A person is applying the cement to the wall,30.0,0.0,10.0,4.47,7.23,134,217,134,151,151,167,167,184,184,200,200,217,,,,,,,,,,,,,,,,,,,,,,,,,,,,,,,,,,,,,,,,,,,,,,,,,,,,,,,,,,,,,,,,,,,,,,,,,,,,,,,,,,,,,,,,,,,,,,,,,,,,,,,,,,,,,,,,,,,,,,,,,,,,,,,,,,,,
train,ovr_ego4d_train.csv,10690,train,ovr_ego4d_train.csv,25051,7d1a7274-808d-4927-8332-027a710cf214_1848.6270.mp4,3,unknown,A person is playing the piano,30.0,0.0,10.0,0.9,1.57,27,47,27,34,34,40,40,47,,,,,,,,,,,,,,,,,,,,,,,,,,,,,,,,,,,,,,,,,,,,,,,,,,,,,,,,,,,,,,,,,,,,,,,,,,,,,,,,,,,,,,,,,,,,,,,,,,,,,,,,,,,,,,,,,,,,,,,,,,,,,,,,,,,,,,,,
train,ovr_ego4d_train.csv,13750,train,ovr_ego4d_train.csv,25178,1eee4aaf-a21c-4ae5-82cd-96fdccae6742_1438.6885.mp4,3,unknown,A person is drying the hair,30.0,0.0,10.0,0.03,7.07,1,212,1,71,71,142,142,212,,,,,,,,,,,,,,,,,,,,,,,,,,,,,,,,,,,,,,,,,,,,,,,,,,,,,,,,,,,,,,,,,,,,,,,,,,,,,,,,,,,,,,,,,,,,,,,,,,,,,,,,,,,,,,,,,,,,,,,,,,,,,,,,,,,,,,,,
train,ovr_ego4d_train.csv,2821,train,ovr_ego4d_train.csv,25269,a4c1f23e-702e-49a1-9600-0538e4e2e7db_2184.9224.mp4,12,unknown,A person is hitting with a hammer,30.0,0.0,10.0,0.03,3.73,1,112,1,10,10,19,19,29,29,38,38,47,47,56,56,66,66,75,75,84,84,93,93,103,103,112,,,,,,,,,,,,,,,,,,,,,,,,,,,,,,,,,,,,,,,,,,,,,,,,,,,,,,,,,,,,,,,,,,,,,,,,,,,,,,,,,,,,,,,,,,,,,,,,,,,,,,,,,,,,,,,,,,,,,,
train,ovr_ego4d_train.csv,5655,train,ovr_ego4d_train.csv,26009,e0ff0f60-0e71-479a-85a5-864812e93d8e_291.1658.mp4,13,unknown,A person is mixing the food,30.0,0.0,10.0,0.97,4.1,29,123,29,36,36,44,44,51,51,58,58,65,65,72,72,80,80,87,87,94,94,101,101,109,109,116,116,123,,,,,,,,,,,,,,,,,,,,,,,,,,,,,,,,,,,,,,,,,,,,,,,,,,,,,,,,,,,,,,,,,,,,,,,,,,,,,,,,,,,,,,,,,,,,,,,,,,,,,,,,,,,,,,,,,,,,
train,ovr_ego4d_train.csv,12146,train,ovr_ego4d_train.csv,26087,f3d6800a-2cb0-4d2e-918c-6ba2dc627eef_347.8443.mp4,3,unknown,A person is painting with the brush,30.0,0.0,10.0,2.73,3.63,82,109,82,91,91,100,100,109,,,,,,,,,,,,,,,,,,,,,,,,,,,,,,,,,,,,,,,,,,,,,,,,,,,,,,,,,,,,,,,,,,,,,,,,,,,,,,,,,,,,,,,,,,,,,,,,,,,,,,,,,,,,,,,,,,,,,,,,,,,,,,,,,,,,,,,,
train,ovr_ego4d_train.csv,17835,train,ovr_ego4d_train.csv,26568,52b90aba-a419-477e-97e8-ad74ff428a8d_4187.6924.mp4,3,unknown,A person is scraping with the sickle,30.0,0.0,10.0,5.97,7.1,179,213,179,190,190,202,202,213,,,,,,,,,,,,,,,,,,,,,,,,,,,,,,,,,,,,,,,,,,,,,,,,,,,,,,,,,,,,,,,,,,,,,,,,,,,,,,,,,,,,,,,,,,,,,,,,,,,,,,,,,,,,,,,,,,,,,,,,,,,,,,,,,,,,,,,,
train,ovr_ego4d_train.csv,25515,train,ovr_ego4d_train.csv,26995,059e95e3-0efe-4186-9cba-c98c7c6fd7af_547.6663.mp4,3,unknown,A person is mixing the paint,30.0,0.0,10.0,5.0,5.8,150,174,150,158,158,166,166,174,,,,,,,,,,,,,,,,,,,,,,,,,,,,,,,,,,,,,,,,,,,,,,,,,,,,,,,,,,,,,,,,,,,,,,,,,,,,,,,,,,,,,,,,,,,,,,,,,,,,,,,,,,,,,,,,,,,,,,,,,,,,,,,,,,,,,,,,
train,ovr_ego4d_train.csv,20631,train,ovr_ego4d_train.csv,27207,d86b20bb-9b82-417e-b6b8-7c57931c7fdd_852.8877.mp4,2,unknown,A person is moving the wood,30.0,0.0,10.0,3.03,7.93,91,238,91,164,164,238,,,,,,,,,,,,,,,,,,,,,,,,,,,,,,,,,,,,,,,,,,,,,,,,,,,,,,,,,,,,,,,,,,,,,,,,,,,,,,,,,,,,,,,,,,,,,,,,,,,,,,,,,,,,,,,,,,,,,,,,,,,,,,,,,,,,,,,,,,
train,ovr_ego4d_train.csv,5028,train,ovr_ego4d_train.csv,27326,2182b74b-52fe-4607-a9cd-d162a6c9d952_233.0676.mp4,2,unknown,A person is dividing the objects,30.0,0.0,10.0,4.4,5.97,132,179,132,156,156,179,,,,,,,,,,,,,,,,,,,,,,,,,,,,,,,,,,,,,,,,,,,,,,,,,,,,,,,,,,,,,,,,,,,,,,,,,,,,,,,,,,,,,,,,,,,,,,,,,,,,,,,,,,,,,,,,,,,,,,,,,,,,,,,,,,,,,,,,,,
train,ovr_ego4d_train.csv,3034,train,ovr_ego4d_train.csv,27654,c40736ec-e68f-43f6-960d-7d8bd467b1c7_576.4884.mp4,3,unknown,A person is washing the spoon,30.0,0.0,10.0,0.03,1.33,1,40,1,14,14,27,27,40,,,,,,,,,,,,,,,,,,,,,,,,,,,,,,,,,,,,,,,,,,,,,,,,,,,,,,,,,,,,,,,,,,,,,,,,,,,,,,,,,,,,,,,,,,,,,,,,,,,,,,,,,,,,,,,,,,,,,,,,,,,,,,,,,,,,,,,,
train,ovr_ego4d_train.csv,7569,train,ovr_ego4d_train.csv,27869,9f4e5f51-eac3-4070-9097-f6e18a7b90f9_303.0134.mp4,4,unknown,A person is painting,30.0,0.0,10.0,0.03,2.5,1,75,1,19,19,38,38,56,56,75,,,,,,,,,,,,,,,,,,,,,,,,,,,,,,,,,,,,,,,,,,,,,,,,,,,,,,,,,,,,,,,,,,,,,,,,,,,,,,,,,,,,,,,,,,,,,,,,,,,,,,,,,,,,,,,,,,,,,,,,,,,,,,,,,,,,,,
train,ovr_ego4d_train.csv,11926,train,ovr_ego4d_train.csv,28924,d79fde7f-2cb7-459d-a395-977ce9cd8f95_203.5555.mp4,3,unknown,A person is adjusting the thread,30.0,0.0,10.0,1.3,1.97,39,59,39,46,46,52,52,59,,,,,,,,,,,,,,,,,,,,,,,,,,,,,,,,,,,,,,,,,,,,,,,,,,,,,,,,,,,,,,,,,,,,,,,,,,,,,,,,,,,,,,,,,,,,,,,,,,,,,,,,,,,,,,,,,,,,,,,,,,,,,,,,,,,,,,,,
train,ovr_ego4d_train.csv,13744,train,ovr_ego4d_train.csv,29007,15d2dc4a-b935-49f4-ae91-4c9100b681c8_582.8956.mp4,4,unknown,A person shaking hands,30.0,0.0,10.0,8.97,9.83,269,295,269,276,276,282,282,288,288,295,,,,,,,,,,,,,,,,,,,,,,,,,,,,,,,,,,,,,,,,,,,,,,,,,,,,,,,,,,,,,,,,,,,,,,,,,,,,,,,,,,,,,,,,,,,,,,,,,,,,,,,,,,,,,,,,,,,,,,,,,,,,,,,,,,,,,,
train,ovr_ego4d_train.csv,24236,train,ovr_ego4d_train.csv,29492,8e58a7b3-43ef-406d-ad5d-901f83418261_11970.5178.mp4,3,unknown,A person is painting with the brush,30.0,0.0,10.0,0.03,1.4,1,42,1,15,15,28,28,42,,,,,,,,,,,,,,,,,,,,,,,,,,,,,,,,,,,,,,,,,,,,,,,,,,,,,,,,,,,,,,,,,,,,,,,,,,,,,,,,,,,,,,,,,,,,,,,,,,,,,,,,,,,,,,,,,,,,,,,,,,,,,,,,,,,,,,,,
train,ovr_ego4d_train.csv,23638,train,ovr_ego4d_train.csv,29579,bef6d752-a5f2-405f-bf3a-71e400bd8b06_851.5855.mp4,4,unknown,A person is cleaning with a brush,30.0,0.0,10.0,4.67,10.0,140,300,140,180,180,220,220,260,260,300,,,,,,,,,,,,,,,,,,,,,,,,,,,,,,,,,,,,,,,,,,,,,,,,,,,,,,,,,,,,,,,,,,,,,,,,,,,,,,,,,,,,,,,,,,,,,,,,,,,,,,,,,,,,,,,,,,,,,,,,,,,,,,,,,,,,,,
train,ovr_ego4d_train.csv,17766,train,ovr_ego4d_train.csv,30011,53da674a-089d-428a-a719-e322b2de002b_1730.2747.mp4,3,unknown,A person is cutting the dough,30.0,0.0,10.0,7.67,9.23,230,277,230,246,246,261,261,277,,,,,,,,,,,,,,,,,,,,,,,,,,,,,,,,,,,,,,,,,,,,,,,,,,,,,,,,,,,,,,,,,,,,,,,,,,,,,,,,,,,,,,,,,,,,,,,,,,,,,,,,,,,,,,,,,,,,,,,,,,,,,,,,,,,,,,,,
train,ovr_ego4d_train.csv,10169,train,ovr_ego4d_train.csv,30552,ce444cf8-eaf9-4506-96d4-e94c3bacb28c_4557.5584.mp4,3,unknown,A person is painting with a brush,30.0,0.0,10.0,0.03,1.4,1,42,1,15,15,28,28,42,,,,,,,,,,,,,,,,,,,,,,,,,,,,,,,,,,,,,,,,,,,,,,,,,,,,,,,,,,,,,,,,,,,,,,,,,,,,,,,,,,,,,,,,,,,,,,,,,,,,,,,,,,,,,,,,,,,,,,,,,,,,,,,,,,,,,,,,
train,ovr_ego4d_train.csv,18320,train,ovr_ego4d_train.csv,30886,941a7e25-09f7-4bed-a427-1022a8711783_1464.1788.mp4,2,unknown,A person is arranging the cards,30.0,0.0,10.0,6.77,9.8,203,294,203,249,249,294,,,,,,,,,,,,,,,,,,,,,,,,,,,,,,,,,,,,,,,,,,,,,,,,,,,,,,,,,,,,,,,,,,,,,,,,,,,,,,,,,,,,,,,,,,,,,,,,,,,,,,,,,,,,,,,,,,,,,,,,,,,,,,,,,,,,,,,,,,
train,ovr_ego4d_train.csv,27562,train,ovr_ego4d_train.csv,31327,8914a2d4-a066-4503-93c2-6bd6d52ea08c_224.5640.mp4,6,unknown,A person is peeling the stick with a sickle,30.0,0.0,10.0,0.03,3.43,1,103,1,18,18,35,35,52,52,69,69,86,86,103,,,,,,,,,,,,,,,,,,,,,,,,,,,,,,,,,,,,,,,,,,,,,,,,,,,,,,,,,,,,,,,,,,,,,,,,,,,,,,,,,,,,,,,,,,,,,,,,,,,,,,,,,,,,,,,,,,,,,,,,,,,,,,,,,,
train,ovr_ego4d_train.csv,15125,train,ovr_ego4d_train.csv,31402,eb2c9739-dba0-479c-81b7-9dda51c4ac20_1152.1703.mp4,2,unknown,A person is playing badminton,30.0,0.0,10.0,6.0,7.6,180,228,180,204,204,228,,,,,,,,,,,,,,,,,,,,,,,,,,,,,,,,,,,,,,,,,,,,,,,,,,,,,,,,,,,,,,,,,,,,,,,,,,,,,,,,,,,,,,,,,,,,,,,,,,,,,,,,,,,,,,,,,,,,,,,,,,,,,,,,,,,,,,,,,,
train,ovr_ego4d_train.csv,10757,train,ovr_ego4d_train.csv,31438,540c91d9-37a9-4148-bf24-3418feb7e212_408.6645.mp4,7,unknown,A person is turning the pages,30.0,0.0,10.0,4.5,10.0,135,300,135,159,159,182,182,206,206,229,229,253,253,276,276,300,,,,,,,,,,,,,,,,,,,,,,,,,,,,,,,,,,,,,,,,,,,,,,,,,,,,,,,,,,,,,,,,,,,,,,,,,,,,,,,,,,,,,,,,,,,,,,,,,,,,,,,,,,,,,,,,,,,,,,,,,,,,,,,,
train,ovr_ego4d_train.csv,7481,train,ovr_ego4d_train.csv,31550,0d2231f9-d67a-4df0-b36f-40cbf374ed03_2344.2640.mp4,9,unknown,A person is hitting with a hammer,30.0,0.0,10.0,7.27,10.0,218,300,218,227,227,236,236,245,245,254,254,264,264,273,273,282,282,291,291,300,,,,,,,,,,,,,,,,,,,,,,,,,,,,,,,,,,,,,,,,,,,,,,,,,,,,,,,,,,,,,,,,,,,,,,,,,,,,,,,,,,,,,,,,,,,,,,,,,,,,,,,,,,,,,,,,,,,,,,,,,,,,
train,ovr_ego4d_train.csv,25428,train,ovr_ego4d_train.csv,32060,a72e19cf-4a1b-4926-8191-c913e1e39e08_29.2206.mp4,2,unknown,A person is knitting,30.0,0.0,10.0,0.03,3.73,1,112,1,56,56,112,,,,,,,,,,,,,,,,,,,,,,,,,,,,,,,,,,,,,,,,,,,,,,,,,,,,,,,,,,,,,,,,,,,,,,,,,,,,,,,,,,,,,,,,,,,,,,,,,,,,,,,,,,,,,,,,,,,,,,,,,,,,,,,,,,,,,,,,,,
train,ovr_ego4d_train.csv,11356,train,ovr_ego4d_train.csv,33290,74e37c3b-9b5d-41ef-a806-61000cb6857c_390.2292.mp4,5,unknown,A person is making the dough ball,30.0,0.0,10.0,5.93,9.4,178,282,178,199,199,220,220,240,240,261,261,282,,,,,,,,,,,,,,,,,,,,,,,,,,,,,,,,,,,,,,,,,,,,,,,,,,,,,,,,,,,,,,,,,,,,,,,,,,,,,,,,,,,,,,,,,,,,,,,,,,,,,,,,,,,,,,,,,,,,,,,,,,,,,,,,,,,,
train,ovr_ego4d_train.csv,28721,train,ovr_ego4d_train.csv,33456,da6a171b-188a-4a9d-978f-0a8a784481d7_190.8699.mp4,4,unknown,A person is rolling the dough,30.0,0.0,10.0,7.73,9.07,232,272,232,242,242,252,252,262,262,272,,,,,,,,,,,,,,,,,,,,,,,,,,,,,,,,,,,,,,,,,,,,,,,,,,,,,,,,,,,,,,,,,,,,,,,,,,,,,,,,,,,,,,,,,,,,,,,,,,,,,,,,,,,,,,,,,,,,,,,,,,,,,,,,,,,,,,
train,ovr_ego4d_train.csv,25010,train,ovr_ego4d_train.csv,33639,c714f483-e332-4dd3-8b28-010b4e320d78_50.4075.mp4,13,unknown,A person is scratching the wood,30.0,0.0,10.0,6.7,10.0,201,300,201,209,209,216,216,224,224,231,231,239,239,247,247,254,254,262,262,270,270,277,277,285,285,292,292,300,,,,,,,,,,,,,,,,,,,,,,,,,,,,,,,,,,,,,,,,,,,,,,,,,,,,,,,,,,,,,,,,,,,,,,,,,,,,,,,,,,,,,,,,,,,,,,,,,,,,,,,,,,,,,,,,,,,,
train,ovr_ego4d_train.csv,3411,train,ovr_ego4d_train.csv,33949,192accf0-c649-46b7-a9c1-c0595b2f83d5_340.0627.mp4,2,unknown,A person is pressing the cloth,30.0,0.0,10.0,1.07,2.07,32,62,32,47,47,62,,,,,,,,,,,,,,,,,,,,,,,,,,,,,,,,,,,,,,,,,,,,,,,,,,,,,,,,,,,,,,,,,,,,,,,,,,,,,,,,,,,,,,,,,,,,,,,,,,,,,,,,,,,,,,,,,,,,,,,,,,,,,,,,,,,,,,,,,,
train,ovr_ego4d_train.csv,5013,train,ovr_ego4d_train.csv,33975,b505339f-e9da-4ee8-81c8-f2a60063a9d7_3606.4494.mp4,19,unknown,A person is painting,30.0,0.0,10.0,4.93,10.0,148,300,148,156,156,164,164,172,172,180,180,188,188,196,196,204,204,212,212,220,220,228,228,236,236,244,244,252,252,260,260,268,268,276,276,284,284,292,292,300,,,,,,,,,,,,,,,,,,,,,,,,,,,,,,,,,,,,,,,,,,,,,,,,,,,,,,,,,,,,,,,,,,,,,,,,,,,,,,,,,,,,,,,,,,,,,,,,,,,,,,,,
train,ovr_ego4d_train.csv,5006,train,ovr_ego4d_train.csv,34458,ae59dda2-8aa0-40e1-bd48-af368ea8e149_4220.5226.mp4,9,unknown,A person is peeling the bamboo stick,30.0,0.0,10.0,5.2,9.77,156,293,156,171,171,186,186,202,202,217,217,232,232,247,247,263,263,278,278,293,,,,,,,,,,,,,,,,,,,,,,,,,,,,,,,,,,,,,,,,,,,,,,,,,,,,,,,,,,,,,,,,,,,,,,,,,,,,,,,,,,,,,,,,,,,,,,,,,,,,,,,,,,,,,,,,,,,,,,,,,,,,
train,ovr_ego4d_train.csv,31867,train,ovr_ego4d_train.csv,34616,32287654-7f5b-4d24-bdb0-5f0ceb6dfd24_12.4668.mp4,4,unknown,A person is tightening,30.0,0.0,10.0,0.03,3.27,1,98,1,25,25,50,50,74,74,98,,,,,,,,,,,,,,,,,,,,,,,,,,,,,,,,,,,,,,,,,,,,,,,,,,,,,,,,,,,,,,,,,,,,,,,,,,,,,,,,,,,,,,,,,,,,,,,,,,,,,,,,,,,,,,,,,,,,,,,,,,,,,,,,,,,,,,
train,ovr_ego4d_train.csv,26004,train,ovr_ego4d_train.csv,34619,1558e9f2-d7f3-4a23-9627-4240f506d7df_1153.6187.mp4,2,unknown,A person is washing their hands,30.0,0.0,10.0,4.83,5.23,145,157,145,151,151,157,,,,,,,,,,,,,,,,,,,,,,,,,,,,,,,,,,,,,,,,,,,,,,,,,,,,,,,,,,,,,,,,,,,,,,,,,,,,,,,,,,,,,,,,,,,,,,,,,,,,,,,,,,,,,,,,,,,,,,,,,,,,,,,,,,,,,,,,,,
train,ovr_ego4d_train.csv,20648,train,ovr_ego4d_train.csv,34686,0752c643-18c8-4fd3-9a32-7ec985f2a6bd_4546.8220.mp4,4,unknown,A person waving the hand,30.0,0.0,10.0,2.53,3.33,76,100,76,82,82,88,88,94,94,100,,,,,,,,,,,,,,,,,,,,,,,,,,,,,,,,,,,,,,,,,,,,,,,,,,,,,,,,,,,,,,,,,,,,,,,,,,,,,,,,,,,,,,,,,,,,,,,,,,,,,,,,,,,,,,,,,,,,,,,,,,,,,,,,,,,,,,
train,ovr_ego4d_train.csv,31465,train,ovr_ego4d_train.csv,35057,359ea15f-6813-4040-bd31-8355a8c63af2_1480.3808.mp4,16,unknown,A person is putting dots on the paper,30.0,0.0,10.0,2.03,4.47,61,134,61,65,65,70,70,75,75,79,79,84,84,88,88,93,93,98,98,102,102,107,107,111,111,116,116,120,120,125,125,130,130,134,,,,,,,,,,,,,,,,,,,,,,,,,,,,,,,,,,,,,,,,,,,,,,,,,,,,,,,,,,,,,,,,,,,,,,,,,,,,,,,,,,,,,,,,,,,,,,,,,,,,,,,,,,,,,,
train,ovr_ego4d_train.csv,25277,train,ovr_ego4d_train.csv,35221,2759eecc-cac8-4025-a705-c84745195006_4050.2505.mp4,8,unknown,A person is moving the pawn,30.0,0.0,10.0,1.0,4.6,30,138,30,44,44,57,57,70,70,84,84,98,98,111,111,124,124,138,,,,,,,,,,,,,,,,,,,,,,,,,,,,,,,,,,,,,,,,,,,,,,,,,,,,,,,,,,,,,,,,,,,,,,,,,,,,,,,,,,,,,,,,,,,,,,,,,,,,,,,,,,,,,,,,,,,,,,,,,,,,,,
train,ovr_ego4d_train.csv,4617,train,ovr_ego4d_train.csv,35488,a487bdea-8fdc-4926-a0ca-8f344803e916_1214.9496.mp4,8,unknown,A person is playing the guitar,30.0,0.0,10.0,5.13,10.0,154,300,154,172,172,190,190,209,209,227,227,245,245,263,263,282,282,300,,,,,,,,,,,,,,,,,,,,,,,,,,,,,,,,,,,,,,,,,,,,,,,,,,,,,,,,,,,,,,,,,,,,,,,,,,,,,,,,,,,,,,,,,,,,,,,,,,,,,,,,,,,,,,,,,,,,,,,,,,,,,,
train,ovr_ego4d_train.csv,8185,train,ovr_ego4d_train.csv,35661,f374039b-7f08-4dc3-af64-4e9ff61db531_2584.8017.mp4,3,unknown,A person is applying the cement,30.0,0.0,10.0,7.07,9.97,212,299,212,241,241,270,270,299,,,,,,,,,,,,,,,,,,,,,,,,,,,,,,,,,,,,,,,,,,,,,,,,,,,,,,,,,,,,,,,,,,,,,,,,,,,,,,,,,,,,,,,,,,,,,,,,,,,,,,,,,,,,,,,,,,,,,,,,,,,,,,,,,,,,,,,,
train,ovr_ego4d_train.csv,28214,train,ovr_ego4d_train.csv,35791,8f847cfc-ae36-461c-a96b-8fc58766fb2d_128.7914.mp4,8,unknown,A person is painting on the wall,30.0,0.0,10.0,8.47,10.0,254,300,254,260,260,266,266,271,271,277,277,283,283,289,289,294,294,300,,,,,,,,,,,,,,,,,,,,,,,,,,,,,,,,,,,,,,,,,,,,,,,,,,,,,,,,,,,,,,,,,,,,,,,,,,,,,,,,,,,,,,,,,,,,,,,,,,,,,,,,,,,,,,,,,,,,,,,,,,,,,,
train,ovr_ego4d_train.csv,33885,train,ovr_ego4d_train.csv,35891,3b318882-0514-4713-b56e-d76c9810111c_2471.9279.mp4,3,unknown,A person is painting,30.0,0.0,10.0,0.03,1.43,1,43,1,15,15,29,29,43,,,,,,,,,,,,,,,,,,,,,,,,,,,,,,,,,,,,,,,,,,,,,,,,,,,,,,,,,,,,,,,,,,,,,,,,,,,,,,,,,,,,,,,,,,,,,,,,,,,,,,,,,,,,,,,,,,,,,,,,,,,,,,,,,,,,,,,,
train,ovr_ego4d_train.csv,2711,train,ovr_ego4d_train.csv,35935,adb4d6fa-b8bb-4ccd-a08a-ade21ee5c3c2_330.8683.mp4,2,unknown,A person is painting on the wall,30.0,0.0,10.0,4.93,9.6,148,288,148,218,218,288,,,,,,,,,,,,,,,,,,,,,,,,,,,,,,,,,,,,,,,,,,,,,,,,,,,,,,,,,,,,,,,,,,,,,,,,,,,,,,,,,,,,,,,,,,,,,,,,,,,,,,,,,,,,,,,,,,,,,,,,,,,,,,,,,,,,,,,,,,
train,ovr_ego4d_train.csv,25713,train,ovr_ego4d_train.csv,36103,478d7fa4-b174-4266-b0ff-bd180ba0b806_3461.3289.mp4,8,unknown,A person is rolling the dough with a rolling pin,30.0,0.0,10.0,6.2,9.77,186,293,186,199,199,213,213,226,226,240,240,253,253,266,266,280,280,293,,,,,,,,,,,,,,,,,,,,,,,,,,,,,,,,,,,,,,,,,,,,,,,,,,,,,,,,,,,,,,,,,,,,,,,,,,,,,,,,,,,,,,,,,,,,,,,,,,,,,,,,,,,,,,,,,,,,,,,,,,,,,,
train,ovr_ego4d_train.csv,4364,train,ovr_ego4d_train.csv,36412,5819e52c-4e12-4f86-ad69-76fc215dfbcb_2080.7378.mp4,2,unknown,A person is playing the piano,30.0,0.0,10.0,4.1,9.23,123,277,123,200,200,277,,,,,,,,,,,,,,,,,,,,,,,,,,,,,,,,,,,,,,,,,,,,,,,,,,,,,,,,,,,,,,,,,,,,,,,,,,,,,,,,,,,,,,,,,,,,,,,,,,,,,,,,,,,,,,,,,,,,,,,,,,,,,,,,,,,,,,,,,,
train,ovr_ego4d_train.csv,32288,train,ovr_ego4d_train.csv,37578,7c51055a-64f3-4ade-ab9d-1550b6e85c17_1237.6150.mp4,3,unknown,A person is knitting,30.0,0.0,10.0,2.17,4.7,65,141,65,90,90,116,116,141,,,,,,,,,,,,,,,,,,,,,,,,,,,,,,,,,,,,,,,,,,,,,,,,,,,,,,,,,,,,,,,,,,,,,,,,,,,,,,,,,,,,,,,,,,,,,,,,,,,,,,,,,,,,,,,,,,,,,,,,,,,,,,,,,,,,,,,,
train,ovr_ego4d_train.csv,9883,train,ovr_ego4d_train.csv,37597,a60ed96f-4ac0-4653-be50-f9cb4a36fab9_550.1267.mp4,2,unknown,A person is rotating the bowl,30.0,0.0,10.0,9.27,10.0,278,300,278,289,289,300,,,,,,,,,,,,,,,,,,,,,,,,,,,,,,,,,,,,,,,,,,,,,,,,,,,,,,,,,,,,,,,,,,,,,,,,,,,,,,,,,,,,,,,,,,,,,,,,,,,,,,,,,,,,,,,,,,,,,,,,,,,,,,,,,,,,,,,,,,
train,ovr_ego4d_train.csv,3718,train,ovr_ego4d_train.csv,38480,c92cfd96-21ca-4b52-a56a-6345fbf57de0_1752.2754.mp4,3,unknown,A person is closing the paint tube cap,30.0,0.0,10.0,7.63,9.43,229,283,229,247,247,265,265,283,,,,,,,,,,,,,,,,,,,,,,,,,,,,,,,,,,,,,,,,,,,,,,,,,,,,,,,,,,,,,,,,,,,,,,,,,,,,,,,,,,,,,,,,,,,,,,,,,,,,,,,,,,,,,,,,,,,,,,,,,,,,,,,,,,,,,,,,
train,ovr_ego4d_train.csv,14153,train,ovr_ego4d_train.csv,38846,38802829-2f8b-4023-b00e-23c00570b820_1818.0894.mp4,4,unknown,A person sewing the cloth,30.0,0.0,10.0,0.0,9.0,0,270,0,68,68,135,135,202,202,270,,,,,,,,,,,,,,,,,,,,,,,,,,,,,,,,,,,,,,,,,,,,,,,,,,,,,,,,,,,,,,,,,,,,,,,,,,,,,,,,,,,,,,,,,,,,,,,,,,,,,,,,,,,,,,,,,,,,,,,,,,,,,,,,,,,,,,
train,ovr_ego4d_train.csv,18599,train,ovr_ego4d_train.csv,38891,5d7eb356-9b7d-4c9b-b963-4604f92953d1_1096.5872.mp4,2,unknown,A person is shaping the clay,30.0,0.0,10.0,7.03,8.27,211,248,211,230,230,248,,,,,,,,,,,,,,,,,,,,,,,,,,,,,,,,,,,,,,,,,,,,,,,,,,,,,,,,,,,,,,,,,,,,,,,,,,,,,,,,,,,,,,,,,,,,,,,,,,,,,,,,,,,,,,,,,,,,,,,,,,,,,,,,,,,,,,,,,,
train,ovr_ego4d_train.csv,27866,train,ovr_ego4d_train.csv,39078,02b5eaa4-537f-4dff-af23-244de91b614a_443.9020.mp4,12,unknown,A person is painting,30.0,0.0,10.0,7.87,10.0,236,300,236,241,241,247,247,252,252,257,257,263,263,268,268,273,273,279,279,284,284,289,289,295,295,300,,,,,,,,,,,,,,,,,,,,,,,,,,,,,,,,,,,,,,,,,,,,,,,,,,,,,,,,,,,,,,,,,,,,,,,,,,,,,,,,,,,,,,,,,,,,,,,,,,,,,,,,,,,,,,,,,,,,,,
train,ovr_ego4d_train.csv,11101,train,ovr_ego4d_train.csv,39358,5330b145-fe2b-4741-90ee-4e9da735fa60_393.7974.mp4,2,unknown,A person is rubbing their hands,30.0,0.0,10.0,4.77,5.43,143,163,143,153,153,163,,,,,,,,,,,,,,,,,,,,,,,,,,,,,,,,,,,,,,,,,,,,,,,,,,,,,,,,,,,,,,,,,,,,,,,,,,,,,,,,,,,,,,,,,,,,,,,,,,,,,,,,,,,,,,,,,,,,,,,,,,,,,,,,,,,,,,,,,,
train,ovr_ego4d_train.csv,25538,train,ovr_ego4d_train.csv,40288,02995fb6-f8ac-4168-a60d-8a0b1a7210bd_1048.3069.mp4,2,unknown,A person is cutting the grass,30.0,0.0,10.0,0.03,3.93,1,118,1,59,59,118,,,,,,,,,,,,,,,,,,,,,,,,,,,,,,,,,,,,,,,,,,,,,,,,,,,,,,,,,,,,,,,,,,,,,,,,,,,,,,,,,,,,,,,,,,,,,,,,,,,,,,,,,,,,,,,,,,,,,,,,,,,,,,,,,,,,,,,,,,
train,ovr_ego4d_train.csv,40657,train,ovr_ego4d_train.csv,41080,141e36da-2551-4fb5-aeff-021a3682c60a_1007.9072.mp4,13,unknown,A person is hitting with a hammer,30.0,0.0,10.0,5.07,9.83,152,295,152,163,163,174,174,185,185,196,196,207,207,218,218,229,229,240,240,251,251,262,262,273,273,284,284,295,,,,,,,,,,,,,,,,,,,,,,,,,,,,,,,,,,,,,,,,,,,,,,,,,,,,,,,,,,,,,,,,,,,,,,,,,,,,,,,,,,,,,,,,,,,,,,,,,,,,,,,,,,,,,,,,,,,,
train,ovr_ego4d_train.csv,19972,train,ovr_ego4d_train.csv,41168,91155366-856d-445b-8324-f7db85a51628_854.7608.mp4,2,unknown,A person is polishing the metal,30.0,0.0,10.0,0.03,3.43,1,103,1,52,52,103,,,,,,,,,,,,,,,,,,,,,,,,,,,,,,,,,,,,,,,,,,,,,,,,,,,,,,,,,,,,,,,,,,,,,,,,,,,,,,,,,,,,,,,,,,,,,,,,,,,,,,,,,,,,,,,,,,,,,,,,,,,,,,,,,,,,,,,,,,
train,ovr_ego4d_train.csv,39194,train,ovr_ego4d_train.csv,41390,b27d932b-2636-4924-94e6-026b760d0280_375.3403.mp4,3,unknown,A person is trying to turn the pages,30.0,0.0,10.0,3.3,4.87,99,146,99,115,115,130,130,146,,,,,,,,,,,,,,,,,,,,,,,,,,,,,,,,,,,,,,,,,,,,,,,,,,,,,,,,,,,,,,,,,,,,,,,,,,,,,,,,,,,,,,,,,,,,,,,,,,,,,,,,,,,,,,,,,,,,,,,,,,,,,,,,,,,,,,,,
train,ovr_ego4d_train.csv,15902,train,ovr_ego4d_train.csv,42215,db9463d4-b1db-4e4b-b24b-60c7e6116664_4646.3403.mp4,7,unknown,A person is rubbing their hands,30.0,0.0,10.0,5.0,7.07,150,212,150,159,159,168,168,177,177,185,185,194,194,203,203,212,,,,,,,,,,,,,,,,,,,,,,,,,,,,,,,,,,,,,,,,,,,,,,,,,,,,,,,,,,,,,,,,,,,,,,,,,,,,,,,,,,,,,,,,,,,,,,,,,,,,,,,,,,,,,,,,,,,,,,,,,,,,,,,,
train,ovr_ego4d_train.csv,2902,train,ovr_ego4d_train.csv,42481,3aabb286-4108-4d17-a193-b3bab5901f7a_4799.1236.mp4,3,unknown,A person plastering the wall,30.0,0.0,10.0,1.83,4.1,55,123,55,78,78,100,100,123,,,,,,,,,,,,,,,,,,,,,,,,,,,,,,,,,,,,,,,,,,,,,,,,,,,,,,,,,,,,,,,,,,,,,,,,,,,,,,,,,,,,,,,,,,,,,,,,,,,,,,,,,,,,,,,,,,,,,,,,,,,,,,,,,,,,,,,,
train,ovr_ego4d_train.csv,42026,train,ovr_ego4d_train.csv,42496,467778c8-f0dd-4d89-ad35-af2c9d0efa1a_298.0622.mp4,3,unknown,A person is rotating the cotton,30.0,0.0,10.0,7.43,8.97,223,269,223,238,238,254,254,269,,,,,,,,,,,,,,,,,,,,,,,,,,,,,,,,,,,,,,,,,,,,,,,,,,,,,,,,,,,,,,,,,,,,,,,,,,,,,,,,,,,,,,,,,,,,,,,,,,,,,,,,,,,,,,,,,,,,,,,,,,,,,,,,,,,,,,,,
train,ovr_ego4d_train.csv,25540,train,ovr_ego4d_train.csv,42981,11c5ba95-0abf-48e7-b738-57bc2428848f_720.7288.mp4,4,unknown,The person is rolling the roller in the paint,30.0,0.0,10.0,0.67,1.83,20,55,20,29,29,38,38,46,46,55,,,,,,,,,,,,,,,,,,,,,,,,,,,,,,,,,,,,,,,,,,,,,,,,,,,,,,,,,,,,,,,,,,,,,,,,,,,,,,,,,,,,,,,,,,,,,,,,,,,,,,,,,,,,,,,,,,,,,,,,,,,,,,,,,,,,,,
train,ovr_ego4d_train.csv,19781,train,ovr_ego4d_train.csv,43037,8d27f903-5c76-4a63-9d0b-2ff2d29ae9a9_957.7956.mp4,2,unknown,A person picking noodles with a fork,30.0,0.0,10.0,4.4,6.1,132,183,132,158,158,183,,,,,,,,,,,,,,,,,,,,,,,,,,,,,,,,,,,,,,,,,,,,,,,,,,,,,,,,,,,,,,,,,,,,,,,,,,,,,,,,,,,,,,,,,,,,,,,,,,,,,,,,,,,,,,,,,,,,,,,,,,,,,,,,,,,,,,,,,,
train,ovr_ego4d_train.csv,41495,train,ovr_ego4d_train.csv,43169,4c642620-db0e-4096-9ece-2b2c6fdb47b0_4183.6376.mp4,5,unknown,A person is rolling the dough,30.0,0.0,10.0,0.03,2.27,1,68,1,14,14,28,28,41,41,55,55,68,,,,,,,,,,,,,,,,,,,,,,,,,,,,,,,,,,,,,,,,,,,,,,,,,,,,,,,,,,,,,,,,,,,,,,,,,,,,,,,,,,,,,,,,,,,,,,,,,,,,,,,,,,,,,,,,,,,,,,,,,,,,,,,,,,,,
train,ovr_ego4d_train.csv,1539,train,ovr_ego4d_train.csv,43333,dafc3206-3b70-4f43-b386-e0d01a3516a7_1566.3524.mp4,3,unknown,A person is moving the spoon,30.0,0.0,10.0,8.07,8.53,242,256,242,247,247,251,251,256,,,,,,,,,,,,,,,,,,,,,,,,,,,,,,,,,,,,,,,,,,,,,,,,,,,,,,,,,,,,,,,,,,,,,,,,,,,,,,,,,,,,,,,,,,,,,,,,,,,,,,,,,,,,,,,,,,,,,,,,,,,,,,,,,,,,,,,,
train,ovr_ego4d_train.csv,1104,train,ovr_ego4d_train.csv,43522,fb45b5e3-498c-4177-a7f4-161063093014_620.3006.mp4,6,unknown,A person is sharpening the pencil,30.0,0.0,10.0,6.2,10.0,186,300,186,205,205,224,224,243,243,262,262,281,281,300,,,,,,,,,,,,,,,,,,,,,,,,,,,,,,,,,,,,,,,,,,,,,,,,,,,,,,,,,,,,,,,,,,,,,,,,,,,,,,,,,,,,,,,,,,,,,,,,,,,,,,,,,,,,,,,,,,,,,,,,,,,,,,,,,,
train,ovr_ego4d_train.csv,29108,train,ovr_ego4d_train.csv,43553,0a913608-709d-42d9-a90d-273caefdc153_902.6637.mp4,2,unknown,A person is playing a guitar,30.0,0.0,10.0,3.53,6.0,106,180,106,143,143,180,,,,,,,,,,,,,,,,,,,,,,,,,,,,,,,,,,,,,,,,,,,,,,,,,,,,,,,,,,,,,,,,,,,,,,,,,,,,,,,,,,,,,,,,,,,,,,,,,,,,,,,,,,,,,,,,,,,,,,,,,,,,,,,,,,,,,,,,,,
train,ovr_ego4d_train.csv,38447,train,ovr_ego4d_train.csv,43760,2a831288-6e91-4aba-9385-f22f666fab99_17.4983.mp4,2,unknown,A person is ironing the cloth,30.0,0.0,10.0,4.0,5.0,120,150,120,135,135,150,,,,,,,,,,,,,,,,,,,,,,,,,,,,,,,,,,,,,,,,,,,,,,,,,,,,,,,,,,,,,,,,,,,,,,,,,,,,,,,,,,,,,,,,,,,,,,,,,,,,,,,,,,,,,,,,,,,,,,,,,,,,,,,,,,,,,,,,,,
train,ovr_ego4d_train.csv,39299,train,ovr_ego4d_train.csv,44029,b4f8496d-dc4a-483c-94e5-b0dabce47fc8_1468.4961.mp4,17,unknown,A person is sharpening the knife,30.0,0.0,10.0,0.0,4.0,0,120,0,7,7,14,14,21,21,28,28,35,35,42,42,49,49,56,56,64,64,71,71,78,78,85,85,92,92,99,99,106,106,113,113,120,,,,,,,,,,,,,,,,,,,,,,,,,,,,,,,,,,,,,,,,,,,,,,,,,,,,,,,,,,,,,,,,,,,,,,,,,,,,,,,,,,,,,,,,,,,,,,,,,,,,,,,,,,,,
train,ovr_ego4d_train.csv,40496,train,ovr_ego4d_train.csv,44132,722811b1-93f9-4790-b3ae-b9ae8142a718_507.8050.mp4,5,unknown,A person is painting the wall,30.0,0.0,10.0,5.4,9.2,162,276,162,185,185,208,208,230,230,253,253,276,,,,,,,,,,,,,,,,,,,,,,,,,,,,,,,,,,,,,,,,,,,,,,,,,,,,,,,,,,,,,,,,,,,,,,,,,,,,,,,,,,,,,,,,,,,,,,,,,,,,,,,,,,,,,,,,,,,,,,,,,,,,,,,,,,,,
train,ovr_ego4d_train.csv,18001,train,ovr_ego4d_train.csv,44250,f7aec252-bd4f-4696-8de5-ef7b871e2194_790.7637.mp4,2,unknown,A person is rolling the dough,30.0,0.0,10.0,4.87,5.73,146,172,146,159,159,172,,,,,,,,,,,,,,,,,,,,,,,,,,,,,,,,,,,,,,,,,,,,,,,,,,,,,,,,,,,,,,,,,,,,,,,,,,,,,,,,,,,,,,,,,,,,,,,,,,,,,,,,,,,,,,,,,,,,,,,,,,,,,,,,,,,,,,,,,,
train,ovr_ego4d_train.csv,44227,train,ovr_ego4d_train.csv,44341,0b215326-8706-4611-9b76-3402d617f19e_304.3937.mp4,2,unknown,A person is tapping with his hand,30.0,0.0,10.0,0.6,0.87,18,26,18,22,22,26,,,,,,,,,,,,,,,,,,,,,,,,,,,,,,,,,,,,,,,,,,,,,,,,,,,,,,,,,,,,,,,,,,,,,,,,,,,,,,,,,,,,,,,,,,,,,,,,,,,,,,,,,,,,,,,,,,,,,,,,,,,,,,,,,,,,,,,,,,
train,ovr_ego4d_train.csv,23721,train,ovr_ego4d_train.csv,44365,f8cbac27-db1d-4be2-85d5-5af602246f61_386.0025.mp4,4,unknown,A person is painting the wall,30.0,0.0,10.0,0.03,4.0,1,120,1,31,31,60,60,90,90,120,,,,,,,,,,,,,,,,,,,,,,,,,,,,,,,,,,,,,,,,,,,,,,,,,,,,,,,,,,,,,,,,,,,,,,,,,,,,,,,,,,,,,,,,,,,,,,,,,,,,,,,,,,,,,,,,,,,,,,,,,,,,,,,,,,,,,,
train,ovr_ego4d_train.csv,945,train,ovr_ego4d_train.csv,45023,11c5ba95-0abf-48e7-b738-57bc2428848f_894.5766.mp4,2,unknown,A person is painting the wall,30.0,0.0,10.0,0.03,4.33,1,130,1,65,65,130,,,,,,,,,,,,,,,,,,,,,,,,,,,,,,,,,,,,,,,,,,,,,,,,,,,,,,,,,,,,,,,,,,,,,,,,,,,,,,,,,,,,,,,,,,,,,,,,,,,,,,,,,,,,,,,,,,,,,,,,,,,,,,,,,,,,,,,,,,
train,ovr_ego4d_train.csv,39160,train,ovr_ego4d_train.csv,45503,2c78909f-ff5c-4a70-b5ae-2d74e11fbe93_1940.8908.mp4,2,unknown,A person is shaking a bucket,30.0,0.0,10.0,4.23,4.63,127,139,127,133,133,139,,,,,,,,,,,,,,,,,,,,,,,,,,,,,,,,,,,,,,,,,,,,,,,,,,,,,,,,,,,,,,,,,,,,,,,,,,,,,,,,,,,,,,,,,,,,,,,,,,,,,,,,,,,,,,,,,,,,,,,,,,,,,,,,,,,,,,,,,,
train,ovr_ego4d_train.csv,10296,train,ovr_ego4d_train.csv,45945,e7fb0d28-0ff3-43fd-88f4-ab04f15a8c97_3301.9741.mp4,2,unknown,A person is knitting,30.0,0.0,10.0,5.6,7.4,168,222,168,195,195,222,,,,,,,,,,,,,,,,,,,,,,,,,,,,,,,,,,,,,,,,,,,,,,,,,,,,,,,,,,,,,,,,,,,,,,,,,,,,,,,,,,,,,,,,,,,,,,,,,,,,,,,,,,,,,,,,,,,,,,,,,,,,,,,,,,,,,,,,,,
train,ovr_ego4d_train.csv,13603,train,ovr_ego4d_train.csv,46007,162c1bc4-89df-4475-a549-3faa7ef27c1e_55.5135.mp4,3,unknown,A person is rolling the cloth,30.0,0.0,10.0,0.0,2.0,0,60,0,20,20,40,40,60,,,,,,,,,,,,,,,,,,,,,,,,,,,,,,,,,,,,,,,,,,,,,,,,,,,,,,,,,,,,,,,,,,,,,,,,,,,,,,,,,,,,,,,,,,,,,,,,,,,,,,,,,,,,,,,,,,,,,,,,,,,,,,,,,,,,,,,,
train,ovr_ego4d_train.csv,7252,train,ovr_ego4d_train.csv,46538,36ab35f0-7882-4f35-86f2-43ae8e613aac_64.8750.mp4,2,unknown,A person is washing the chopsticks,30.0,0.0,10.0,1.73,2.97,52,89,52,70,70,89,,,,,,,,,,,,,,,,,,,,,,,,,,,,,,,,,,,,,,,,,,,,,,,,,,,,,,,,,,,,,,,,,,,,,,,,,,,,,,,,,,,,,,,,,,,,,,,,,,,,,,,,,,,,,,,,,,,,,,,,,,,,,,,,,,,,,,,,,,
train,ovr_ego4d_train.csv,43048,train,ovr_ego4d_train.csv,46931,5605bd9a-d151-4d5b-b0f6-cfc28ae6937e_2907.2375.mp4,3,unknown,A person is digging,30.0,0.0,10.0,5.07,8.87,152,266,152,190,190,228,228,266,,,,,,,,,,,,,,,,,,,,,,,,,,,,,,,,,,,,,,,,,,,,,,,,,,,,,,,,,,,,,,,,,,,,,,,,,,,,,,,,,,,,,,,,,,,,,,,,,,,,,,,,,,,,,,,,,,,,,,,,,,,,,,,,,,,,,,,,
train,ovr_ego4d_train.csv,36245,train,ovr_ego4d_train.csv,47039,624a6c0a-a4cb-4073-b501-48e4b6b679e4_15.9304.mp4,12,unknown,A person is adjusting with a tool,30.0,0.0,10.0,7.0,10.0,210,300,210,218,218,225,225,232,232,240,240,248,248,255,255,262,262,270,270,278,278,285,285,292,292,300,,,,,,,,,,,,,,,,,,,,,,,,,,,,,,,,,,,,,,,,,,,,,,,,,,,,,,,,,,,,,,,,,,,,,,,,,,,,,,,,,,,,,,,,,,,,,,,,,,,,,,,,,,,,,,,,,,,,,,
train,ovr_ego4d_train.csv,15447,train,ovr_ego4d_train.csv,47791,aa14c20d-cadf-4393-935f-52175427539d_50.5055.mp4,2,unknown,A person is shaking the spoon,30.0,0.0,10.0,0.03,0.37,1,11,1,6,6,11,,,,,,,,,,,,,,,,,,,,,,,,,,,,,,,,,,,,,,,,,,,,,,,,,,,,,,,,,,,,,,,,,,,,,,,,,,,,,,,,,,,,,,,,,,,,,,,,,,,,,,,,,,,,,,,,,,,,,,,,,,,,,,,,,,,,,,,,,,
train,ovr_ego4d_train.csv,15380,train,ovr_ego4d_train.csv,48041,bf6e4f01-7891-42fe-9b52-1b5033379b44_719.5120.mp4,3,unknown,A person is mixing the food,30.0,0.0,10.0,7.43,9.17,223,275,223,240,240,258,258,275,,,,,,,,,,,,,,,,,,,,,,,,,,,,,,,,,,,,,,,,,,,,,,,,,,,,,,,,,,,,,,,,,,,,,,,,,,,,,,,,,,,,,,,,,,,,,,,,,,,,,,,,,,,,,,,,,,,,,,,,,,,,,,,,,,,,,,,,
train,ovr_ego4d_train.csv,29782,train,ovr_ego4d_train.csv,48068,a02c4cbe-aa34-4807-96e8-cff20f0e5039_3801.2761.mp4,5,unknown,A person is shuffling the cards,30.0,0.0,10.0,1.33,3.7,40,111,40,54,54,68,68,83,83,97,97,111,,,,,,,,,,,,,,,,,,,,,,,,,,,,,,,,,,,,,,,,,,,,,,,,,,,,,,,,,,,,,,,,,,,,,,,,,,,,,,,,,,,,,,,,,,,,,,,,,,,,,,,,,,,,,,,,,,,,,,,,,,,,,,,,,,,,
train,ovr_ego4d_train.csv,12434,train,ovr_ego4d_train.csv,48120,3d035e35-2bd5-4359-9744-7c035460088f_2316.4740.mp4,4,unknown,A person painting the wall,30.0,0.0,10.0,0.1,3.57,3,107,3,29,29,55,55,81,81,107,,,,,,,,,,,,,,,,,,,,,,,,,,,,,,,,,,,,,,,,,,,,,,,,,,,,,,,,,,,,,,,,,,,,,,,,,,,,,,,,,,,,,,,,,,,,,,,,,,,,,,,,,,,,,,,,,,,,,,,,,,,,,,,,,,,,,,
train,ovr_ego4d_train.csv,37490,train,ovr_ego4d_train.csv,48319,5304a43a-7373-4d85-a6ef-ba0aa41c4de8_736.1620.mp4,2,unknown,A person is pulling the stick,30.0,0.0,10.0,1.57,2.5,47,75,47,61,61,75,,,,,,,,,,,,,,,,,,,,,,,,,,,,,,,,,,,,,,,,,,,,,,,,,,,,,,,,,,,,,,,,,,,,,,,,,,,,,,,,,,,,,,,,,,,,,,,,,,,,,,,,,,,,,,,,,,,,,,,,,,,,,,,,,,,,,,,,,,
train,ovr_ego4d_train.csv,33483,train,ovr_ego4d_train.csv,48411,8b72b54f-f87c-4fdb-84dc-97e42ab111ac_526.0408.mp4,4,unknown,A person is chopping the vegetables,30.0,0.0,10.0,4.9,9.8,147,294,147,184,184,221,221,257,257,294,,,,,,,,,,,,,,,,,,,,,,,,,,,,,,,,,,,,,,,,,,,,,,,,,,,,,,,,,,,,,,,,,,,,,,,,,,,,,,,,,,,,,,,,,,,,,,,,,,,,,,,,,,,,,,,,,,,,,,,,,,,,,,,,,,,,,,
train,ovr_ego4d_train.csv,10878,train,ovr_ego4d_train.csv,48458,c530a5b5-32f9-4c9a-ab72-861fe6f34c1b_243.3831.mp4,5,unknown,A person is cleaning with a cloth,30.0,0.0,10.0,8.43,10.0,253,300,253,262,262,272,272,281,281,291,291,300,,,,,,,,,,,,,,,,,,,,,,,,,,,,,,,,,,,,,,,,,,,,,,,,,,,,,,,,,,,,,,,,,,,,,,,,,,,,,,,,,,,,,,,,,,,,,,,,,,,,,,,,,,,,,,,,,,,,,,,,,,,,,,,,,,,,
train,ovr_ego4d_train.csv,31770,train,ovr_ego4d_train.csv,48459,f9ce56a3-3e9b-4edd-b133-c05eed792ec0_1946.7645.mp4,6,unknown,A person is rotating a cake pan,30.0,0.0,10.0,5.03,9.3,151,279,151,172,172,194,194,215,215,236,236,258,258,279,,,,,,,,,,,,,,,,,,,,,,,,,,,,,,,,,,,,,,,,,,,,,,,,,,,,,,,,,,,,,,,,,,,,,,,,,,,,,,,,,,,,,,,,,,,,,,,,,,,,,,,,,,,,,,,,,,,,,,,,,,,,,,,,,,
train,ovr_ego4d_train.csv,36499,train,ovr_ego4d_train.csv,48583,9d72fb6b-ba44-45fc-ab70-1588a572ebfe_1452.1424.mp4,9,unknown,A person is hitting with a hammer,30.0,0.0,10.0,4.7,10.0,141,300,141,159,159,176,176,194,194,212,212,229,229,247,247,265,265,282,282,300,,,,,,,,,,,,,,,,,,,,,,,,,,,,,,,,,,,,,,,,,,,,,,,,,,,,,,,,,,,,,,,,,,,,,,,,,,,,,,,,,,,,,,,,,,,,,,,,,,,,,,,,,,,,,,,,,,,,,,,,,,,,
train,ovr_ego4d_train.csv,10673,train,ovr_ego4d_train.csv,49080,28fe3d66-382b-425a-8409-3cf17f5c8670_933.2441.mp4,2,unknown,A person is cutting the fruit,30.0,0.0,10.0,5.63,10.0,169,300,169,234,234,300,,,,,,,,,,,,,,,,,,,,,,,,,,,,,,,,,,,,,,,,,,,,,,,,,,,,,,,,,,,,,,,,,,,,,,,,,,,,,,,,,,,,,,,,,,,,,,,,,,,,,,,,,,,,,,,,,,,,,,,,,,,,,,,,,,,,,,,,,,
train,ovr_ego4d_train.csv,14539,train,ovr_ego4d_train.csv,49193,c92cfd96-21ca-4b52-a56a-6345fbf57de0_2499.5981.mp4,14,unknown,A person is painting with a paintbrush,30.0,0.0,10.0,5.67,9.1,170,273,170,177,177,185,185,192,192,199,199,207,207,214,214,222,222,229,229,236,236,244,244,251,251,258,258,266,266,273,,,,,,,,,,,,,,,,,,,,,,,,,,,,,,,,,,,,,,,,,,,,,,,,,,,,,,,,,,,,,,,,,,,,,,,,,,,,,,,,,,,,,,,,,,,,,,,,,,,,,,,,,,,,,,,,,,
train,ovr_ego4d_train.csv,48042,train,ovr_ego4d_train.csv,49329,a2f25985-0589-42ca-af57-58930079dfb9_398.0978.mp4,5,unknown,A person is exercising,30.0,0.0,10.0,0.03,5.23,1,157,1,32,32,63,63,94,94,126,126,157,,,,,,,,,,,,,,,,,,,,,,,,,,,,,,,,,,,,,,,,,,,,,,,,,,,,,,,,,,,,,,,,,,,,,,,,,,,,,,,,,,,,,,,,,,,,,,,,,,,,,,,,,,,,,,,,,,,,,,,,,,,,,,,,,,,,
train,ovr_ego4d_train.csv,13992,train,ovr_ego4d_train.csv,49538,86e38202-ef01-4bee-8e82-87313fd6c0b1_763.1365.mp4,3,unknown,A person is moving their fingers,30.0,0.0,10.0,5.93,6.83,178,205,178,187,187,196,196,205,,,,,,,,,,,,,,,,,,,,,,,,,,,,,,,,,,,,,,,,,,,,,,,,,,,,,,,,,,,,,,,,,,,,,,,,,,,,,,,,,,,,,,,,,,,,,,,,,,,,,,,,,,,,,,,,,,,,,,,,,,,,,,,,,,,,,,,,
train,ovr_ego4d_train.csv,20919,train,ovr_ego4d_train.csv,49714,41a86310-2cc1-48f9-b5b5-6b495a95fbac_1309.8187.mp4,6,unknown,A person is tightening the screw,30.0,0.0,10.0,8.0,10.0,240,300,240,250,250,260,260,270,270,280,280,290,290,300,,,,,,,,,,,,,,,,,,,,,,,,,,,,,,,,,,,,,,,,,,,,,,,,,,,,,,,,,,,,,,,,,,,,,,,,,,,,,,,,,,,,,,,,,,,,,,,,,,,,,,,,,,,,,,,,,,,,,,,,,,,,,,,,,,
train,ovr_ego4d_train.csv,40793,train,ovr_ego4d_train.csv,49768,5b97f47f-f015-46f3-8879-3fcc2a61a728_1236.2762.mp4,2,unknown,A person is painting the wall,30.0,0.0,10.0,4.83,7.33,145,220,145,182,182,220,,,,,,,,,,,,,,,,,,,,,,,,,,,,,,,,,,,,,,,,,,,,,,,,,,,,,,,,,,,,,,,,,,,,,,,,,,,,,,,,,,,,,,,,,,,,,,,,,,,,,,,,,,,,,,,,,,,,,,,,,,,,,,,,,,,,,,,,,,
train,ovr_ego4d_train.csv,22426,train,ovr_ego4d_train.csv,49771,a487bdea-8fdc-4926-a0ca-8f344803e916_122.6893.mp4,3,unknown,A person is playing the guitar,30.0,0.0,10.0,0.03,1.7,1,51,1,18,18,34,34,51,,,,,,,,,,,,,,,,,,,,,,,,,,,,,,,,,,,,,,,,,,,,,,,,,,,,,,,,,,,,,,,,,,,,,,,,,,,,,,,,,,,,,,,,,,,,,,,,,,,,,,,,,,,,,,,,,,,,,,,,,,,,,,,,,,,,,,,,
train,ovr_ego4d_train.csv,41978,train,ovr_ego4d_train.csv,50235,bc38d4d4-ec29-4d4b-92d6-ca3c76043a57_1049.3576.mp4,10,unknown,A person is playing the guitar,30.0,0.0,10.0,0.03,4.43,1,133,1,14,14,27,27,40,40,54,54,67,67,80,80,93,93,106,106,120,120,133,,,,,,,,,,,,,,,,,,,,,,,,,,,,,,,,,,,,,,,,,,,,,,,,,,,,,,,,,,,,,,,,,,,,,,,,,,,,,,,,,,,,,,,,,,,,,,,,,,,,,,,,,,,,,,,,,,,,,,,,,,
train,ovr_ego4d_train.csv,1559,train,ovr_ego4d_train.csv,50833,3929b4b5-3d36-43d9-ac7e-0690b3b560cb_629.3939.mp4,12,unknown,A person is painting,30.0,0.0,10.0,0.93,4.43,28,133,28,37,37,45,45,54,54,63,63,72,72,80,80,89,89,98,98,107,107,115,115,124,124,133,,,,,,,,,,,,,,,,,,,,,,,,,,,,,,,,,,,,,,,,,,,,,,,,,,,,,,,,,,,,,,,,,,,,,,,,,,,,,,,,,,,,,,,,,,,,,,,,,,,,,,,,,,,,,,,,,,,,,,
train,ovr_ego4d_train.csv,23929,train,ovr_ego4d_train.csv,51004,c2d06df7-5d3a-4116-9edb-f1c81a4f669b_2049.1255.mp4,5,unknown,A person rotating the hand,30.0,0.0,10.0,4.0,6.0,120,180,120,132,132,144,144,156,156,168,168,180,,,,,,,,,,,,,,,,,,,,,,,,,,,,,,,,,,,,,,,,,,,,,,,,,,,,,,,,,,,,,,,,,,,,,,,,,,,,,,,,,,,,,,,,,,,,,,,,,,,,,,,,,,,,,,,,,,,,,,,,,,,,,,,,,,,,
train,ovr_ego4d_train.csv,2939,train,ovr_ego4d_train.csv,51151,a3a1246c-97fd-4824-be9e-f4e261ab525c_1455.1510.mp4,15,unknown,A person is playing the guitar,30.0,0.0,10.0,0.0,10.0,0,300,0,20,20,40,40,60,60,80,80,100,100,120,120,140,140,160,160,180,180,200,200,220,220,240,240,260,260,280,280,300,,,,,,,,,,,,,,,,,,,,,,,,,,,,,,,,,,,,,,,,,,,,,,,,,,,,,,,,,,,,,,,,,,,,,,,,,,,,,,,,,,,,,,,,,,,,,,,,,,,,,,,,,,,,,,,,
train,ovr_ego4d_train.csv,20310,train,ovr_ego4d_train.csv,51503,25c120c8-8e0c-43e0-b458-db26a6e71327_405.3276.mp4,3,unknown,A person is washing the chopsticks,30.0,0.0,10.0,0.17,1.4,5,42,5,17,17,30,30,42,,,,,,,,,,,,,,,,,,,,,,,,,,,,,,,,,,,,,,,,,,,,,,,,,,,,,,,,,,,,,,,,,,,,,,,,,,,,,,,,,,,,,,,,,,,,,,,,,,,,,,,,,,,,,,,,,,,,,,,,,,,,,,,,,,,,,,,,
train,ovr_ego4d_train.csv,50984,train,ovr_ego4d_train.csv,51602,59815805-de31-4993-8f5e-f12b1537bcfc_4469.2548.mp4,2,unknown,A person is ironing the cloth,30.0,0.0,10.0,6.07,10.0,182,300,182,241,241,300,,,,,,,,,,,,,,,,,,,,,,,,,,,,,,,,,,,,,,,,,,,,,,,,,,,,,,,,,,,,,,,,,,,,,,,,,,,,,,,,,,,,,,,,,,,,,,,,,,,,,,,,,,,,,,,,,,,,,,,,,,,,,,,,,,,,,,,,,,
train,ovr_ego4d_train.csv,48085,train,ovr_ego4d_train.csv,51607,4f465381-4e5c-4423-ba30-1dfedff851e2_1173.0821.mp4,5,unknown,A person is playing the piano,30.0,0.0,10.0,0.03,3.07,1,92,1,19,19,37,37,56,56,74,74,92,,,,,,,,,,,,,,,,,,,,,,,,,,,,,,,,,,,,,,,,,,,,,,,,,,,,,,,,,,,,,,,,,,,,,,,,,,,,,,,,,,,,,,,,,,,,,,,,,,,,,,,,,,,,,,,,,,,,,,,,,,,,,,,,,,,,
train,ovr_ego4d_train.csv,23544,train,ovr_ego4d_train.csv,51734,0d825fa6-51fc-41d7-b179-db3b3a0b148f_101.3550.mp4,6,unknown,A person is cleaning with the cloth,30.0,0.0,10.0,4.83,7.03,145,211,145,156,156,167,167,178,178,189,189,200,200,211,,,,,,,,,,,,,,,,,,,,,,,,,,,,,,,,,,,,,,,,,,,,,,,,,,,,,,,,,,,,,,,,,,,,,,,,,,,,,,,,,,,,,,,,,,,,,,,,,,,,,,,,,,,,,,,,,,,,,,,,,,,,,,,,,,
train,ovr_ego4d_train.csv,30225,train,ovr_ego4d_train.csv,51777,fa8a5802-fc36-488d-b646-9831f6afeea5_1253.0353.mp4,7,unknown,A person is moving the bicycle chain,30.0,0.0,10.0,5.6,7.67,168,230,168,177,177,186,186,195,195,203,203,212,212,221,221,230,,,,,,,,,,,,,,,,,,,,,,,,,,,,,,,,,,,,,,,,,,,,,,,,,,,,,,,,,,,,,,,,,,,,,,,,,,,,,,,,,,,,,,,,,,,,,,,,,,,,,,,,,,,,,,,,,,,,,,,,,,,,,,,,
train,ovr_ego4d_train.csv,6629,train,ovr_ego4d_train.csv,51878,90d08ffc-4207-4c4e-9932-3754795d03b0_4808.1401.mp4,6,unknown,A person is knitting the wool,30.0,0.0,10.0,0.03,10.0,1,300,1,51,51,101,101,150,150,200,200,250,250,300,,,,,,,,,,,,,,,,,,,,,,,,,,,,,,,,,,,,,,,,,,,,,,,,,,,,,,,,,,,,,,,,,,,,,,,,,,,,,,,,,,,,,,,,,,,,,,,,,,,,,,,,,,,,,,,,,,,,,,,,,,,,,,,,,,
train,ovr_ego4d_train.csv,13304,train,ovr_ego4d_train.csv,51992,4e3fd705-5ab8-4672-817d-37627660880a_499.1191.mp4,7,unknown,A person is hitting with a hammer,30.0,0.0,10.0,5.1,6.47,153,194,153,159,159,165,165,171,171,176,176,182,182,188,188,194,,,,,,,,,,,,,,,,,,,,,,,,,,,,,,,,,,,,,,,,,,,,,,,,,,,,,,,,,,,,,,,,,,,,,,,,,,,,,,,,,,,,,,,,,,,,,,,,,,,,,,,,,,,,,,,,,,,,,,,,,,,,,,,,
train,ovr_ego4d_train.csv,43097,train,ovr_ego4d_train.csv,52554,dc58cd89-810e-455d-b51e-1b66ce022edd_1160.6829.mp4,3,unknown,A person is collecting the cards,30.0,0.0,10.0,6.4,8.0,192,240,192,208,208,224,224,240,,,,,,,,,,,,,,,,,,,,,,,,,,,,,,,,,,,,,,,,,,,,,,,,,,,,,,,,,,,,,,,,,,,,,,,,,,,,,,,,,,,,,,,,,,,,,,,,,,,,,,,,,,,,,,,,,,,,,,,,,,,,,,,,,,,,,,,,
train,ovr_ego4d_train.csv,25880,train,ovr_ego4d_train.csv,52627,fff5b8bd-1fc2-457b-9760-7691a7c1d095_1754.2941.mp4,2,unknown,A person is knitting the wool,30.0,0.0,10.0,1.67,7.37,50,221,50,136,136,221,,,,,,,,,,,,,,,,,,,,,,,,,,,,,,,,,,,,,,,,,,,,,,,,,,,,,,,,,,,,,,,,,,,,,,,,,,,,,,,,,,,,,,,,,,,,,,,,,,,,,,,,,,,,,,,,,,,,,,,,,,,,,,,,,,,,,,,,,,
train,ovr_ego4d_train.csv,11261,train,ovr_ego4d_train.csv,52719,737e9619-7768-407c-8a4f-6fe1e8d61f04_382.9513.mp4,4,unknown,A person is mixing the food,30.0,0.0,10.0,5.7,7.43,171,223,171,184,184,197,197,210,210,223,,,,,,,,,,,,,,,,,,,,,,,,,,,,,,,,,,,,,,,,,,,,,,,,,,,,,,,,,,,,,,,,,,,,,,,,,,,,,,,,,,,,,,,,,,,,,,,,,,,,,,,,,,,,,,,,,,,,,,,,,,,,,,,,,,,,,,
train,ovr_ego4d_train.csv,52625,train,ovr_ego4d_train.csv,53019,4c642620-db0e-4096-9ece-2b2c6fdb47b0_1587.0321.mp4,6,unknown,A person is cutting the dough,30.0,0.0,10.0,4.83,7.4,145,222,145,158,158,171,171,183,183,196,196,209,209,222,,,,,,,,,,,,,,,,,,,,,,,,,,,,,,,,,,,,,,,,,,,,,,,,,,,,,,,,,,,,,,,,,,,,,,,,,,,,,,,,,,,,,,,,,,,,,,,,,,,,,,,,,,,,,,,,,,,,,,,,,,,,,,,,,,
train,ovr_ego4d_train.csv,15095,train,ovr_ego4d_train.csv,53464,d3146817-e038-4fce-b407-fa955b2d1963_4194.4019.mp4,4,unknown,A person is knitting a woolen cloth,30.0,0.0,10.0,0.03,10.0,1,300,1,76,76,150,150,225,225,300,,,,,,,,,,,,,,,,,,,,,,,,,,,,,,,,,,,,,,,,,,,,,,,,,,,,,,,,,,,,,,,,,,,,,,,,,,,,,,,,,,,,,,,,,,,,,,,,,,,,,,,,,,,,,,,,,,,,,,,,,,,,,,,,,,,,,,
train,ovr_ego4d_train.csv,37710,train,ovr_ego4d_train.csv,53625,d98bfb3a-5d88-4ece-946f-0acb15dc72b2_790.6026.mp4,5,unknown,A person is pulling the thread,30.0,0.0,10.0,8.0,10.0,240,300,240,252,252,264,264,276,276,288,288,300,,,,,,,,,,,,,,,,,,,,,,,,,,,,,,,,,,,,,,,,,,,,,,,,,,,,,,,,,,,,,,,,,,,,,,,,,,,,,,,,,,,,,,,,,,,,,,,,,,,,,,,,,,,,,,,,,,,,,,,,,,,,,,,,,,,,
train,ovr_ego4d_train.csv,22503,train,ovr_ego4d_train.csv,53771,cd087f89-9c3e-4224-a11c-3fa89405d057_879.1616.mp4,10,unknown,A person is stirring the paintbrush,30.0,0.0,10.0,0.03,1.9,1,57,1,7,7,12,12,18,18,23,23,29,29,35,35,40,40,46,46,51,51,57,,,,,,,,,,,,,,,,,,,,,,,,,,,,,,,,,,,,,,,,,,,,,,,,,,,,,,,,,,,,,,,,,,,,,,,,,,,,,,,,,,,,,,,,,,,,,,,,,,,,,,,,,,,,,,,,,,,,,,,,,,
train,ovr_ego4d_train.csv,40625,train,ovr_ego4d_train.csv,53870,7a31915e-3534-43e3-abdf-342ab8144106_2212.6013.mp4,2,unknown,A person is making a basket,30.0,0.0,10.0,0.6,3.67,18,110,18,64,64,110,,,,,,,,,,,,,,,,,,,,,,,,,,,,,,,,,,,,,,,,,,,,,,,,,,,,,,,,,,,,,,,,,,,,,,,,,,,,,,,,,,,,,,,,,,,,,,,,,,,,,,,,,,,,,,,,,,,,,,,,,,,,,,,,,,,,,,,,,,
train,ovr_ego4d_train.csv,25947,train,ovr_ego4d_train.csv,53938,5af8e5f9-2a28-485c-9604-6f5f9f290c82_1465.1702.mp4,4,unknown,A person is cutting the plants,30.0,0.0,10.0,4.33,9.93,130,298,130,172,172,214,214,256,256,298,,,,,,,,,,,,,,,,,,,,,,,,,,,,,,,,,,,,,,,,,,,,,,,,,,,,,,,,,,,,,,,,,,,,,,,,,,,,,,,,,,,,,,,,,,,,,,,,,,,,,,,,,,,,,,,,,,,,,,,,,,,,,,,,,,,,,,
train,ovr_ego4d_train.csv,25979,train,ovr_ego4d_train.csv,54609,31bb1175-5459-4812-bb9e-f9300e2733f1_4211.0688.mp4,5,unknown,A person is clapping,30.0,0.0,10.0,3.6,4.33,108,130,108,112,112,117,117,121,121,126,126,130,,,,,,,,,,,,,,,,,,,,,,,,,,,,,,,,,,,,,,,,,,,,,,,,,,,,,,,,,,,,,,,,,,,,,,,,,,,,,,,,,,,,,,,,,,,,,,,,,,,,,,,,,,,,,,,,,,,,,,,,,,,,,,,,,,,,
train,ovr_ego4d_train.csv,53966,train,ovr_ego4d_train.csv,54616,b9c91169-7019-4bfa-8a63-97df8cbefe97_97.2013.mp4,2,unknown,A person is rolling the dough,30.0,0.0,10.0,5.77,6.5,173,195,173,184,184,195,,,,,,,,,,,,,,,,,,,,,,,,,,,,,,,,,,,,,,,,,,,,,,,,,,,,,,,,,,,,,,,,,,,,,,,,,,,,,,,,,,,,,,,,,,,,,,,,,,,,,,,,,,,,,,,,,,,,,,,,,,,,,,,,,,,,,,,,,,
train,ovr_ego4d_train.csv,375,train,ovr_ego4d_train.csv,54667,27f9cd4e-8b61-477c-9b63-ca3d437a0dff_269.7279.mp4,2,unknown,A person removing cement from a cement bag,30.0,0.0,10.0,0.03,8.17,1,245,1,123,123,245,,,,,,,,,,,,,,,,,,,,,,,,,,,,,,,,,,,,,,,,,,,,,,,,,,,,,,,,,,,,,,,,,,,,,,,,,,,,,,,,,,,,,,,,,,,,,,,,,,,,,,,,,,,,,,,,,,,,,,,,,,,,,,,,,,,,,,,,,,
train,ovr_ego4d_train.csv,48134,train,ovr_ego4d_train.csv,54898,aac2fbb8-678c-4510-a615-83f036012813_262.2007.mp4,2,unknown,A person is trying to pull the thread,30.0,0.0,10.0,1.0,3.0,30,90,30,60,60,90,,,,,,,,,,,,,,,,,,,,,,,,,,,,,,,,,,,,,,,,,,,,,,,,,,,,,,,,,,,,,,,,,,,,,,,,,,,,,,,,,,,,,,,,,,,,,,,,,,,,,,,,,,,,,,,,,,,,,,,,,,,,,,,,,,,,,,,,,,
train,ovr_ego4d_train.csv,21572,train,ovr_ego4d_train.csv,55141,b4f8496d-dc4a-483c-94e5-b0dabce47fc8_1487.6495.mp4,11,unknown,A person is sharpening the knife,30.0,0.0,10.0,0.03,2.93,1,88,1,9,9,17,17,25,25,33,33,40,40,48,48,56,56,64,64,72,72,80,80,88,,,,,,,,,,,,,,,,,,,,,,,,,,,,,,,,,,,,,,,,,,,,,,,,,,,,,,,,,,,,,,,,,,,,,,,,,,,,,,,,,,,,,,,,,,,,,,,,,,,,,,,,,,,,,,,,,,,,,,,,
train,ovr_ego4d_train.csv,17358,train,ovr_ego4d_train.csv,55260,9198b9a4-8d8f-4ba6-9924-4c86982d890a_2892.7144.mp4,2,unknown,A person is breaking the eggs,30.0,0.0,10.0,0.03,10.0,1,300,1,150,150,300,,,,,,,,,,,,,,,,,,,,,,,,,,,,,,,,,,,,,,,,,,,,,,,,,,,,,,,,,,,,,,,,,,,,,,,,,,,,,,,,,,,,,,,,,,,,,,,,,,,,,,,,,,,,,,,,,,,,,,,,,,,,,,,,,,,,,,,,,,
train,ovr_ego4d_train.csv,15651,train,ovr_ego4d_train.csv,55547,584f625d-15b0-49e8-bfa6-718b9cf010e0_314.3556.mp4,2,unknown,A person is knitting yarn,30.0,0.0,10.0,3.17,8.17,95,245,95,170,170,245,,,,,,,,,,,,,,,,,,,,,,,,,,,,,,,,,,,,,,,,,,,,,,,,,,,,,,,,,,,,,,,,,,,,,,,,,,,,,,,,,,,,,,,,,,,,,,,,,,,,,,,,,,,,,,,,,,,,,,,,,,,,,,,,,,,,,,,,,,
train,ovr_ego4d_train.csv,8968,train,ovr_ego4d_train.csv,55869,5c000b99-ed7b-4f13-9319-b3c2f1250010_1507.7110.mp4,5,unknown,A person is moving the cards,30.0,0.0,10.0,4.13,6.83,124,205,124,140,140,156,156,172,172,189,189,205,,,,,,,,,,,,,,,,,,,,,,,,,,,,,,,,,,,,,,,,,,,,,,,,,,,,,,,,,,,,,,,,,,,,,,,,,,,,,,,,,,,,,,,,,,,,,,,,,,,,,,,,,,,,,,,,,,,,,,,,,,,,,,,,,,,,
train,ovr_ego4d_train.csv,37009,train,ovr_ego4d_train.csv,55897,51a656f5-d81e-4ff6-9ada-61a74bec224f_620.4544.mp4,4,unknown,A person is shaping with a sickle,30.0,0.0,10.0,7.1,8.8,213,264,213,226,226,238,238,251,251,264,,,,,,,,,,,,,,,,,,,,,,,,,,,,,,,,,,,,,,,,,,,,,,,,,,,,,,,,,,,,,,,,,,,,,,,,,,,,,,,,,,,,,,,,,,,,,,,,,,,,,,,,,,,,,,,,,,,,,,,,,,,,,,,,,,,,,,
train,ovr_ego4d_train.csv,9773,train,ovr_ego4d_train.csv,56036,c615d305-14fe-41cd-9099-caf420beb604_668.6333.mp4,5,unknown,A person is picking the curry from the bowl,30.0,0.0,10.0,0.03,6.1,1,183,1,37,37,74,74,110,110,147,147,183,,,,,,,,,,,,,,,,,,,,,,,,,,,,,,,,,,,,,,,,,,,,,,,,,,,,,,,,,,,,,,,,,,,,,,,,,,,,,,,,,,,,,,,,,,,,,,,,,,,,,,,,,,,,,,,,,,,,,,,,,,,,,,,,,,,,
train,ovr_ego4d_train.csv,16306,train,ovr_ego4d_train.csv,56084,53f77451-7cf7-47bf-9f87-7e90c0129a02_1631.8190.mp4,2,unknown,A person is painting the wall with a brush,30.0,0.0,10.0,5.93,7.33,178,220,178,199,199,220,,,,,,,,,,,,,,,,,,,,,,,,,,,,,,,,,,,,,,,,,,,,,,,,,,,,,,,,,,,,,,,,,,,,,,,,,,,,,,,,,,,,,,,,,,,,,,,,,,,,,,,,,,,,,,,,,,,,,,,,,,,,,,,,,,,,,,,,,,
train,ovr_ego4d_train.csv,24691,train,ovr_ego4d_train.csv,56429,9d784ed4-477c-42bb-a997-5781e3345d90_1013.7131.mp4,9,unknown,A person is painting with a paint roller,30.0,0.0,10.0,5.2,9.6,156,288,156,171,171,185,185,200,200,215,215,229,229,244,244,259,259,273,273,288,,,,,,,,,,,,,,,,,,,,,,,,,,,,,,,,,,,,,,,,,,,,,,,,,,,,,,,,,,,,,,,,,,,,,,,,,,,,,,,,,,,,,,,,,,,,,,,,,,,,,,,,,,,,,,,,,,,,,,,,,,,,
train,ovr_ego4d_train.csv,27466,train,ovr_ego4d_train.csv,56894,150c104e-f9bd-4a81-b885-0e8b9968cada_1448.4914.mp4,9,unknown,A person is rubbing the knife on the wood,30.0,0.0,10.0,5.47,9.77,164,293,164,178,178,193,193,207,207,221,221,236,236,250,250,264,264,279,279,293,,,,,,,,,,,,,,,,,,,,,,,,,,,,,,,,,,,,,,,,,,,,,,,,,,,,,,,,,,,,,,,,,,,,,,,,,,,,,,,,,,,,,,,,,,,,,,,,,,,,,,,,,,,,,,,,,,,,,,,,,,,,
train,ovr_ego4d_train.csv,2023,train,ovr_ego4d_train.csv,57061,4bf46557-3c5a-4a89-840d-158403590c9f_332.9223.mp4,2,unknown,A person is pressing the button,30.0,0.0,10.0,4.83,9.2,145,276,145,210,210,276,,,,,,,,,,,,,,,,,,,,,,,,,,,,,,,,,,,,,,,,,,,,,,,,,,,,,,,,,,,,,,,,,,,,,,,,,,,,,,,,,,,,,,,,,,,,,,,,,,,,,,,,,,,,,,,,,,,,,,,,,,,,,,,,,,,,,,,,,,
train,ovr_ego4d_train.csv,56543,train,ovr_ego4d_train.csv,57118,e58a1cd6-cf82-4477-b8a3-8f749ebceffe_1401.7307.mp4,3,unknown,A person is cleaning the floor,30.0,0.0,10.0,0.23,2.63,7,79,7,31,31,55,55,79,,,,,,,,,,,,,,,,,,,,,,,,,,,,,,,,,,,,,,,,,,,,,,,,,,,,,,,,,,,,,,,,,,,,,,,,,,,,,,,,,,,,,,,,,,,,,,,,,,,,,,,,,,,,,,,,,,,,,,,,,,,,,,,,,,,,,,,,
train,ovr_ego4d_train.csv,6564,train,ovr_ego4d_train.csv,57399,bef1d436-14c4-4ed6-b5c7-6d8a9282e996_1052.8063.mp4,2,unknown,A person is moving the hand,30.0,0.0,10.0,0.03,4.57,1,137,1,69,69,137,,,,,,,,,,,,,,,,,,,,,,,,,,,,,,,,,,,,,,,,,,,,,,,,,,,,,,,,,,,,,,,,,,,,,,,,,,,,,,,,,,,,,,,,,,,,,,,,,,,,,,,,,,,,,,,,,,,,,,,,,,,,,,,,,,,,,,,,,,
train,ovr_ego4d_train.csv,3093,train,ovr_ego4d_train.csv,57526,c17ec3e1-9f2c-4776-9ea7-1a3324e291bd_262.7818.mp4,2,unknown,A person is knitting,30.0,0.0,10.0,0.97,4.8,29,144,29,87,87,144,,,,,,,,,,,,,,,,,,,,,,,,,,,,,,,,,,,,,,,,,,,,,,,,,,,,,,,,,,,,,,,,,,,,,,,,,,,,,,,,,,,,,,,,,,,,,,,,,,,,,,,,,,,,,,,,,,,,,,,,,,,,,,,,,,,,,,,,,,
train,ovr_ego4d_train.csv,26107,train,ovr_ego4d_train.csv,58604,7dbf5e5b-0837-47c0-a9b5-43024a8addf3_1632.4294.mp4,3,unknown,A person is cycling,30.0,0.0,10.0,4.5,10.0,135,300,135,190,190,245,245,300,,,,,,,,,,,,,,,,,,,,,,,,,,,,,,,,,,,,,,,,,,,,,,,,,,,,,,,,,,,,,,,,,,,,,,,,,,,,,,,,,,,,,,,,,,,,,,,,,,,,,,,,,,,,,,,,,,,,,,,,,,,,,,,,,,,,,,,,
train,ovr_ego4d_train.csv,58061,train,ovr_ego4d_train.csv,58964,461453ca-6e9d-4e59-82b1-3138e76b62a1_3612.0902.mp4,6,unknown,A person is digging the ground,30.0,0.0,10.0,6.0,10.0,180,300,180,200,200,220,220,240,240,260,260,280,280,300,,,,,,,,,,,,,,,,,,,,,,,,,,,,,,,,,,,,,,,,,,,,,,,,,,,,,,,,,,,,,,,,,,,,,,,,,,,,,,,,,,,,,,,,,,,,,,,,,,,,,,,,,,,,,,,,,,,,,,,,,,,,,,,,,,
train,ovr_ego4d_train.csv,19068,train,ovr_ego4d_train.csv,58976,318ad257-bf3f-4436-9dac-9de4bda710c3_707.0537.mp4,4,unknown,A person is sprinkling the powder,30.0,0.0,10.0,4.7,5.97,141,179,141,151,151,160,160,170,170,179,,,,,,,,,,,,,,,,,,,,,,,,,,,,,,,,,,,,,,,,,,,,,,,,,,,,,,,,,,,,,,,,,,,,,,,,,,,,,,,,,,,,,,,,,,,,,,,,,,,,,,,,,,,,,,,,,,,,,,,,,,,,,,,,,,,,,,
train,ovr_ego4d_train.csv,15839,train,ovr_ego4d_train.csv,58990,3cbd049a-0d7d-410b-b9b0-761efb801c8a_1806.9962.mp4,5,unknown,A person is adjusting the cards,30.0,0.0,10.0,3.23,4.63,97,139,97,105,105,114,114,122,122,130,130,139,,,,,,,,,,,,,,,,,,,,,,,,,,,,,,,,,,,,,,,,,,,,,,,,,,,,,,,,,,,,,,,,,,,,,,,,,,,,,,,,,,,,,,,,,,,,,,,,,,,,,,,,,,,,,,,,,,,,,,,,,,,,,,,,,,,,
train,ovr_ego4d_train.csv,33166,train,ovr_ego4d_train.csv,59013,d98bfb3a-5d88-4ece-946f-0acb15dc72b2_532.1111.mp4,2,unknown,A person is pulling the thread,30.0,0.0,10.0,0.03,1.2,1,36,1,18,18,36,,,,,,,,,,,,,,,,,,,,,,,,,,,,,,,,,,,,,,,,,,,,,,,,,,,,,,,,,,,,,,,,,,,,,,,,,,,,,,,,,,,,,,,,,,,,,,,,,,,,,,,,,,,,,,,,,,,,,,,,,,,,,,,,,,,,,,,,,,
train,ovr_ego4d_train.csv,45687,train,ovr_ego4d_train.csv,59156,95ab1ca9-e2d0-4086-b2ff-8a01fe32212b_41.6430.mp4,2,unknown,A person is cleaning a chopping board with tissue paper,30.0,0.0,10.0,8.47,10.0,254,300,254,277,277,300,,,,,,,,,,,,,,,,,,,,,,,,,,,,,,,,,,,,,,,,,,,,,,,,,,,,,,,,,,,,,,,,,,,,,,,,,,,,,,,,,,,,,,,,,,,,,,,,,,,,,,,,,,,,,,,,,,,,,,,,,,,,,,,,,,,,,,,,,,
train,ovr_ego4d_train.csv,56240,train,ovr_ego4d_train.csv,59699,ece7309f-9e11-4cd0-93e7-e5bcf38eb78b_106.8584.mp4,2,unknown,A person is peeling the onion,30.0,0.0,10.0,4.73,10.0,142,300,142,221,221,300,,,,,,,,,,,,,,,,,,,,,,,,,,,,,,,,,,,,,,,,,,,,,,,,,,,,,,,,,,,,,,,,,,,,,,,,,,,,,,,,,,,,,,,,,,,,,,,,,,,,,,,,,,,,,,,,,,,,,,,,,,,,,,,,,,,,,,,,,,
train,ovr_ego4d_train.csv,20086,train,ovr_ego4d_train.csv,60190,133a8f91-5bd3-487f-87c5-1beb528aafc4_723.7840.mp4,9,unknown,A person is playing the piano,30.0,0.0,10.0,0.03,3.33,1,100,1,12,12,23,23,34,34,45,45,56,56,67,67,78,78,89,89,100,,,,,,,,,,,,,,,,,,,,,,,,,,,,,,,,,,,,,,,,,,,,,,,,,,,,,,,,,,,,,,,,,,,,,,,,,,,,,,,,,,,,,,,,,,,,,,,,,,,,,,,,,,,,,,,,,,,,,,,,,,,,
train,ovr_ego4d_train.csv,38468,train,ovr_ego4d_train.csv,60494,0ee70fb4-ac6d-4da8-80e6-f5a94834eb10_88.2100.mp4,3,unknown,A person is pulling the thread,30.0,0.0,10.0,7.03,10.0,211,300,211,241,241,270,270,300,,,,,,,,,,,,,,,,,,,,,,,,,,,,,,,,,,,,,,,,,,,,,,,,,,,,,,,,,,,,,,,,,,,,,,,,,,,,,,,,,,,,,,,,,,,,,,,,,,,,,,,,,,,,,,,,,,,,,,,,,,,,,,,,,,,,,,,,
train,ovr_ego4d_train.csv,23096,train,ovr_ego4d_train.csv,60644,0b70ed1e-c914-4de0-b748-5c808b254152_1673.5319.mp4,2,unknown,A person is cleaning with a cloth,30.0,0.0,10.0,5.13,6.17,154,185,154,170,170,185,,,,,,,,,,,,,,,,,,,,,,,,,,,,,,,,,,,,,,,,,,,,,,,,,,,,,,,,,,,,,,,,,,,,,,,,,,,,,,,,,,,,,,,,,,,,,,,,,,,,,,,,,,,,,,,,,,,,,,,,,,,,,,,,,,,,,,,,,,
train,ovr_ego4d_train.csv,54385,train,ovr_ego4d_train.csv,60767,a9686ff0-b20b-4cf8-8e12-85e16a459339_86.4322.mp4,4,unknown,A person is applying the paint to the brush,30.0,0.0,10.0,8.4,9.17,252,275,252,258,258,264,264,269,269,275,,,,,,,,,,,,,,,,,,,,,,,,,,,,,,,,,,,,,,,,,,,,,,,,,,,,,,,,,,,,,,,,,,,,,,,,,,,,,,,,,,,,,,,,,,,,,,,,,,,,,,,,,,,,,,,,,,,,,,,,,,,,,,,,,,,,,,
train,ovr_ego4d_train.csv,33103,train,ovr_ego4d_train.csv,60896,c07fd00f-e660-4779-8f14-523fcbe80199_2845.8491.mp4,3,unknown,A person is knitting,30.0,0.0,10.0,5.07,10.0,152,300,152,201,201,251,251,300,,,,,,,,,,,,,,,,,,,,,,,,,,,,,,,,,,,,,,,,,,,,,,,,,,,,,,,,,,,,,,,,,,,,,,,,,,,,,,,,,,,,,,,,,,,,,,,,,,,,,,,,,,,,,,,,,,,,,,,,,,,,,,,,,,,,,,,,
train,ovr_ego4d_train.csv,8060,train,ovr_ego4d_train.csv,61031,3a9a2d70-75f5-4aa1-9afe-083a3a02b837_2229.1359.mp4,2,unknown,A person is picking the extra threads,30.0,0.0,10.0,3.63,4.37,109,131,109,120,120,131,,,,,,,,,,,,,,,,,,,,,,,,,,,,,,,,,,,,,,,,,,,,,,,,,,,,,,,,,,,,,,,,,,,,,,,,,,,,,,,,,,,,,,,,,,,,,,,,,,,,,,,,,,,,,,,,,,,,,,,,,,,,,,,,,,,,,,,,,,
train,ovr_ego4d_train.csv,47964,train,ovr_ego4d_train.csv,61092,e6f1accd-e18d-43ec-b854-e7633b15cbf7_1982.7535.mp4,2,unknown,A person is rolling the dough,30.0,0.0,10.0,4.0,5.0,120,150,120,135,135,150,,,,,,,,,,,,,,,,,,,,,,,,,,,,,,,,,,,,,,,,,,,,,,,,,,,,,,,,,,,,,,,,,,,,,,,,,,,,,,,,,,,,,,,,,,,,,,,,,,,,,,,,,,,,,,,,,,,,,,,,,,,,,,,,,,,,,,,,,,
train,ovr_ego4d_train.csv,48016,train,ovr_ego4d_train.csv,61141,7d1a7274-808d-4927-8332-027a710cf214_1122.2596.mp4,11,unknown,A person is playing the piano,30.0,0.0,10.0,0.07,7.97,2,239,2,24,24,45,45,67,67,88,88,110,110,131,131,153,153,174,174,196,196,218,218,239,,,,,,,,,,,,,,,,,,,,,,,,,,,,,,,,,,,,,,,,,,,,,,,,,,,,,,,,,,,,,,,,,,,,,,,,,,,,,,,,,,,,,,,,,,,,,,,,,,,,,,,,,,,,,,,,,,,,,,,,
train,ovr_ego4d_train.csv,35485,train,ovr_ego4d_train.csv,61177,27470817-f803-45b4-b9d4-e754cb3196bc_383.3832.mp4,4,unknown,A person is rubbing their hands,30.0,0.0,10.0,0.47,1.4,14,42,14,21,21,28,28,35,35,42,,,,,,,,,,,,,,,,,,,,,,,,,,,,,,,,,,,,,,,,,,,,,,,,,,,,,,,,,,,,,,,,,,,,,,,,,,,,,,,,,,,,,,,,,,,,,,,,,,,,,,,,,,,,,,,,,,,,,,,,,,,,,,,,,,,,,,
train,ovr_ego4d_train.csv,53577,train,ovr_ego4d_train.csv,61232,0b0c7c26-8f38-4a22-8a9e-b99e4ae334fc_1.9679.mp4,8,unknown,A person is sweeping the ground,30.0,0.0,10.0,2.0,6.0,60,180,60,75,75,90,90,105,105,120,120,135,135,150,150,165,165,180,,,,,,,,,,,,,,,,,,,,,,,,,,,,,,,,,,,,,,,,,,,,,,,,,,,,,,,,,,,,,,,,,,,,,,,,,,,,,,,,,,,,,,,,,,,,,,,,,,,,,,,,,,,,,,,,,,,,,,,,,,,,,,
train,ovr_ego4d_train.csv,21719,train,ovr_ego4d_train.csv,61330,7627344d-503f-4a25-b418-10a6929d5a18_811.3555.mp4,2,unknown,A person is playing the guitar,30.0,0.0,10.0,4.23,6.93,127,208,127,167,167,208,,,,,,,,,,,,,,,,,,,,,,,,,,,,,,,,,,,,,,,,,,,,,,,,,,,,,,,,,,,,,,,,,,,,,,,,,,,,,,,,,,,,,,,,,,,,,,,,,,,,,,,,,,,,,,,,,,,,,,,,,,,,,,,,,,,,,,,,,,
train,ovr_ego4d_train.csv,38983,train,ovr_ego4d_train.csv,61430,4abd8edc-4751-4a47-9808-696d960b7557_3448.4107.mp4,2,unknown,A person is shifting mud,30.0,0.0,10.0,1.67,7.0,50,210,50,130,130,210,,,,,,,,,,,,,,,,,,,,,,,,,,,,,,,,,,,,,,,,,,,,,,,,,,,,,,,,,,,,,,,,,,,,,,,,,,,,,,,,,,,,,,,,,,,,,,,,,,,,,,,,,,,,,,,,,,,,,,,,,,,,,,,,,,,,,,,,,,
train,ovr_ego4d_train.csv,18464,train,ovr_ego4d_train.csv,61636,25b86bdb-b2ca-4d25-b139-2d203cc48979_2090.9059.mp4,3,unknown,A person is picking the food from the basket,30.0,0.0,10.0,3.63,6.63,109,199,109,139,139,169,169,199,,,,,,,,,,,,,,,,,,,,,,,,,,,,,,,,,,,,,,,,,,,,,,,,,,,,,,,,,,,,,,,,,,,,,,,,,,,,,,,,,,,,,,,,,,,,,,,,,,,,,,,,,,,,,,,,,,,,,,,,,,,,,,,,,,,,,,,,
train,ovr_ego4d_train.csv,31571,train,ovr_ego4d_train.csv,61665,ca1773b8-ec8e-4f61-8e8f-7e4211830793_1044.0822.mp4,2,unknown,A person is trying to pick the food,30.0,0.0,10.0,5.43,7.43,163,223,163,193,193,223,,,,,,,,,,,,,,,,,,,,,,,,,,,,,,,,,,,,,,,,,,,,,,,,,,,,,,,,,,,,,,,,,,,,,,,,,,,,,,,,,,,,,,,,,,,,,,,,,,,,,,,,,,,,,,,,,,,,,,,,,,,,,,,,,,,,,,,,,,
train,ovr_ego4d_train.csv,50686,train,ovr_ego4d_train.csv,61813,2578155d-dc0b-40b5-9f54-4ebf4d0817cf_147.7689.mp4,20,unknown,A person is playing the drums,30.0,0.0,10.0,0.03,4.03,1,121,1,7,7,13,13,19,19,25,25,31,31,37,37,43,43,49,49,55,55,61,61,67,67,73,73,79,79,85,85,91,91,97,97,103,103,109,109,115,115,121,,,,,,,,,,,,,,,,,,,,,,,,,,,,,,,,,,,,,,,,,,,,,,,,,,,,,,,,,,,,,,,,,,,,,,,,,,,,,,,,,,,,,,,,,,,,,,,,,,,,,,
train,ovr_ego4d_train.csv,51308,train,ovr_ego4d_train.csv,61979,afe05c48-b6df-4ca2-8f00-8315433a3f58_87.4732.mp4,7,unknown,A person is painting,30.0,0.0,10.0,0.03,1.73,1,52,1,8,8,15,15,23,23,30,30,37,37,45,45,52,,,,,,,,,,,,,,,,,,,,,,,,,,,,,,,,,,,,,,,,,,,,,,,,,,,,,,,,,,,,,,,,,,,,,,,,,,,,,,,,,,,,,,,,,,,,,,,,,,,,,,,,,,,,,,,,,,,,,,,,,,,,,,,,
train,ovr_ego4d_train.csv,7568,train,ovr_ego4d_train.csv,62080,72617bc4-fbc3-425f-904b-87fdb98d02b4_405.3492.mp4,6,unknown,A person is polishing,30.0,0.0,10.0,5.5,10.0,165,300,165,188,188,210,210,232,232,255,255,278,278,300,,,,,,,,,,,,,,,,,,,,,,,,,,,,,,,,,,,,,,,,,,,,,,,,,,,,,,,,,,,,,,,,,,,,,,,,,,,,,,,,,,,,,,,,,,,,,,,,,,,,,,,,,,,,,,,,,,,,,,,,,,,,,,,,,,
train,ovr_ego4d_train.csv,43682,train,ovr_ego4d_train.csv,62121,28d73c89-e96d-4296-876a-329f908aeac6_232.1331.mp4,11,unknown,A person is shaping the wood,30.0,0.0,10.0,4.87,8.63,146,259,146,156,156,167,167,177,177,187,187,197,197,208,208,218,218,228,228,238,238,249,249,259,,,,,,,,,,,,,,,,,,,,,,,,,,,,,,,,,,,,,,,,,,,,,,,,,,,,,,,,,,,,,,,,,,,,,,,,,,,,,,,,,,,,,,,,,,,,,,,,,,,,,,,,,,,,,,,,,,,,,,,,
train,ovr_ego4d_train.csv,61849,val,ovr_ego4d_val.csv,225,a54b4d01-0962-4e75-be97-a9f50edb43a9_928.5431.mp4,2,unknown,A person is drawing on the floor,30.0,0.0,10.0,1.13,4.0,34,120,34,77,77,120,,,,,,,,,,,,,,,,,,,,,,,,,,,,,,,,,,,,,,,,,,,,,,,,,,,,,,,,,,,,,,,,,,,,,,,,,,,,,,,,,,,,,,,,,,,,,,,,,,,,,,,,,,,,,,,,,,,,,,,,,,,,,,,,,,,,,,,,,,
train,ovr_ego4d_train.csv,1322,val,ovr_ego4d_val.csv,492,c8d88b2c-d6ed-4ef3-a7a1-e3b3dac0550f_519.7843.mp4,9,unknown,A person is adjusting the cards,30.0,0.0,10.0,3.1,9.13,93,274,93,113,113,133,133,153,153,173,173,194,194,214,214,234,234,254,254,274,,,,,,,,,,,,,,,,,,,,,,,,,,,,,,,,,,,,,,,,,,,,,,,,,,,,,,,,,,,,,,,,,,,,,,,,,,,,,,,,,,,,,,,,,,,,,,,,,,,,,,,,,,,,,,,,,,,,,,,,,,,,
train,ovr_ego4d_train.csv,57480,val,ovr_ego4d_val.csv,668,b190d371-f806-4f6a-9af3-df12f1af0934_22.2866.mp4,6,unknown,A person is dipping the roller in the paint,30.0,0.0,10.0,0.03,3.03,1,91,1,16,16,31,31,46,46,61,61,76,76,91,,,,,,,,,,,,,,,,,,,,,,,,,,,,,,,,,,,,,,,,,,,,,,,,,,,,,,,,,,,,,,,,,,,,,,,,,,,,,,,,,,,,,,,,,,,,,,,,,,,,,,,,,,,,,,,,,,,,,,,,,,,,,,,,,,
val,ovr_ego4d_val.csv,99,val,ovr_ego4d_val.csv,944,eaa3ba4c-0da9-47c8-9aca-0b5cc83c902a_760.1483.mp4,3,unknown,A person is pulling the cotton,30.0,0.0,10.0,4.9,9.1,147,273,147,189,189,231,231,273,,,,,,,,,,,,,,,,,,,,,,,,,,,,,,,,,,,,,,,,,,,,,,,,,,,,,,,,,,,,,,,,,,,,,,,,,,,,,,,,,,,,,,,,,,,,,,,,,,,,,,,,,,,,,,,,,,,,,,,,,,,,,,,,,,,,,,,,
train,ovr_ego4d_train.csv,52704,val,ovr_ego4d_val.csv,1102,2fb9573c-036a-49e1-9664-a17b04716b71_679.1159.mp4,11,unknown,A person is playing the guitar,30.0,0.0,10.0,3.93,10.0,118,300,118,134,134,151,151,168,168,184,184,201,201,217,217,234,234,250,250,267,267,283,283,300,,,,,,,,,,,,,,,,,,,,,,,,,,,,,,,,,,,,,,,,,,,,,,,,,,,,,,,,,,,,,,,,,,,,,,,,,,,,,,,,,,,,,,,,,,,,,,,,,,,,,,,,,,,,,,,,,,,,,,,,
train,ovr_ego4d_train.csv,7053,val,ovr_ego4d_val.csv,1170,a2437493-31b9-4574-9a35-3bdb8f38196d_13106.1562.mp4,2,unknown,A person is dragging the food,30.0,0.0,10.0,8.2,10.0,246,300,246,273,273,300,,,,,,,,,,,,,,,,,,,,,,,,,,,,,,,,,,,,,,,,,,,,,,,,,,,,,,,,,,,,,,,,,,,,,,,,,,,,,,,,,,,,,,,,,,,,,,,,,,,,,,,,,,,,,,,,,,,,,,,,,,,,,,,,,,,,,,,,,,
train,ovr_ego4d_train.csv,37792,val,ovr_ego4d_val.csv,1173,4894e32d-7aab-4717-981c-9bfc1eac6aa4_4090.3741.mp4,4,unknown,A person is painting,30.0,0.0,10.0,5.03,6.33,151,190,151,161,161,170,170,180,180,190,,,,,,,,,,,,,,,,,,,,,,,,,,,,,,,,,,,,,,,,,,,,,,,,,,,,,,,,,,,,,,,,,,,,,,,,,,,,,,,,,,,,,,,,,,,,,,,,,,,,,,,,,,,,,,,,,,,,,,,,,,,,,,,,,,,,,,
train,ovr_ego4d_train.csv,30863,val,ovr_ego4d_val.csv,1321,433fb84b-4f39-4d31-9975-3185d8a9bac1_131.6468.mp4,3,unknown,A person is grinding,30.0,0.0,10.0,0.03,1.67,1,50,1,17,17,34,34,50,,,,,,,,,,,,,,,,,,,,,,,,,,,,,,,,,,,,,,,,,,,,,,,,,,,,,,,,,,,,,,,,,,,,,,,,,,,,,,,,,,,,,,,,,,,,,,,,,,,,,,,,,,,,,,,,,,,,,,,,,,,,,,,,,,,,,,,,
train,ovr_ego4d_train.csv,58568,val,ovr_ego4d_val.csv,1390,3d3efb83-4b41-41e3-94db-50f0f22e67ef_5163.3000.mp4,2,unknown,A person throwing the mud,30.0,0.0,10.0,1.0,6.0,30,180,30,105,105,180,,,,,,,,,,,,,,,,,,,,,,,,,,,,,,,,,,,,,,,,,,,,,,,,,,,,,,,,,,,,,,,,,,,,,,,,,,,,,,,,,,,,,,,,,,,,,,,,,,,,,,,,,,,,,,,,,,,,,,,,,,,,,,,,,,,,,,,,,,
train,ovr_ego4d_train.csv,28564,val,ovr_ego4d_val.csv,1633,3f6e7d56-6bf0-43d6-81cf-2bd11827455e_395.4456.mp4,4,unknown,A person is rubbing the wood with sandpaper,30.0,0.0,10.0,6.57,8.7,197,261,197,213,213,229,229,245,245,261,,,,,,,,,,,,,,,,,,,,,,,,,,,,,,,,,,,,,,,,,,,,,,,,,,,,,,,,,,,,,,,,,,,,,,,,,,,,,,,,,,,,,,,,,,,,,,,,,,,,,,,,,,,,,,,,,,,,,,,,,,,,,,,,,,,,,,
train,ovr_ego4d_train.csv,33178,val,ovr_ego4d_val.csv,1696,10beec0f-0e23-4506-b446-b8389aabe0bb_711.9360.mp4,9,unknown,A person is tapping with a finger,30.0,0.0,10.0,2.87,4.53,86,136,86,92,92,97,97,103,103,108,108,114,114,119,119,125,125,130,130,136,,,,,,,,,,,,,,,,,,,,,,,,,,,,,,,,,,,,,,,,,,,,,,,,,,,,,,,,,,,,,,,,,,,,,,,,,,,,,,,,,,,,,,,,,,,,,,,,,,,,,,,,,,,,,,,,,,,,,,,,,,,,
train,ovr_ego4d_train.csv,27567,val,ovr_ego4d_val.csv,1781,2ce4a646-43d5-4501-ae4c-fcba545baa9f_248.1161.mp4,2,unknown,A person is making chapatti,30.0,0.0,10.0,3.9,10.0,117,300,117,208,208,300,,,,,,,,,,,,,,,,,,,,,,,,,,,,,,,,,,,,,,,,,,,,,,,,,,,,,,,,,,,,,,,,,,,,,,,,,,,,,,,,,,,,,,,,,,,,,,,,,,,,,,,,,,,,,,,,,,,,,,,,,,,,,,,,,,,,,,,,,,
train,ovr_ego4d_train.csv,37788,val,ovr_ego4d_val.csv,2065,e54d654b-86ca-4219-bbf4-68575fffa098_15733.8030.mp4,3,unknown,A person sitting at the second position from the left is scrolling the phone,30.0,0.0,10.0,6.2,7.7,186,231,186,201,201,216,216,231,,,,,,,,,,,,,,,,,,,,,,,,,,,,,,,,,,,,,,,,,,,,,,,,,,,,,,,,,,,,,,,,,,,,,,,,,,,,,,,,,,,,,,,,,,,,,,,,,,,,,,,,,,,,,,,,,,,,,,,,,,,,,,,,,,,,,,,,
train,ovr_ego4d_train.csv,57121,val,ovr_ego4d_val.csv,2106,941a7e25-09f7-4bed-a427-1022a8711783_851.9853.mp4,4,unknown,A person is counting the cards,30.0,0.0,10.0,4.03,7.07,121,212,121,144,144,167,167,189,189,212,,,,,,,,,,,,,,,,,,,,,,,,,,,,,,,,,,,,,,,,,,,,,,,,,,,,,,,,,,,,,,,,,,,,,,,,,,,,,,,,,,,,,,,,,,,,,,,,,,,,,,,,,,,,,,,,,,,,,,,,,,,,,,,,,,,,,,
train,ovr_ego4d_train.csv,12077,val,ovr_ego4d_val.csv,2399,0091e812-f56f-4bd9-ad65-019fc97c1ffe_599.3212.mp4,5,unknown,A person is playing the guitar,30.0,0.0,10.0,4.73,5.9,142,177,142,149,149,156,156,163,163,170,170,177,,,,,,,,,,,,,,,,,,,,,,,,,,,,,,,,,,,,,,,,,,,,,,,,,,,,,,,,,,,,,,,,,,,,,,,,,,,,,,,,,,,,,,,,,,,,,,,,,,,,,,,,,,,,,,,,,,,,,,,,,,,,,,,,,,,,
train,ovr_ego4d_train.csv,59332,val,ovr_ego4d_val.csv,2580,a5a4777c-3874-478e-b183-69fc864d92d9_7.3425.mp4,4,unknown,A person is pressing the tube with their fingers,30.0,0.0,10.0,0.0,2.0,0,60,0,15,15,30,30,45,45,60,,,,,,,,,,,,,,,,,,,,,,,,,,,,,,,,,,,,,,,,,,,,,,,,,,,,,,,,,,,,,,,,,,,,,,,,,,,,,,,,,,,,,,,,,,,,,,,,,,,,,,,,,,,,,,,,,,,,,,,,,,,,,,,,,,,,,,
train,ovr_ego4d_train.csv,61275,val,ovr_ego4d_val.csv,2656,c3af150d-6f33-4ad2-8191-d0f9164506ac_389.9950.mp4,2,unknown,A person is playing the piano,30.0,0.0,10.0,8.83,9.67,265,290,265,278,278,290,,,,,,,,,,,,,,,,,,,,,,,,,,,,,,,,,,,,,,,,,,,,,,,,,,,,,,,,,,,,,,,,,,,,,,,,,,,,,,,,,,,,,,,,,,,,,,,,,,,,,,,,,,,,,,,,,,,,,,,,,,,,,,,,,,,,,,,,,,
train,ovr_ego4d_train.csv,45544,val,ovr_ego4d_val.csv,2768,7ea94f18-3b89-4c8e-aa91-685a76fc4e01_2872.6154.mp4,4,unknown,A person is washing the chopsticks,30.0,0.0,10.0,5.1,6.47,153,194,153,163,163,174,174,184,184,194,,,,,,,,,,,,,,,,,,,,,,,,,,,,,,,,,,,,,,,,,,,,,,,,,,,,,,,,,,,,,,,,,,,,,,,,,,,,,,,,,,,,,,,,,,,,,,,,,,,,,,,,,,,,,,,,,,,,,,,,,,,,,,,,,,,,,,
train,ovr_ego4d_train.csv,7256,val,ovr_ego4d_val.csv,2831,fc9824ed-63c1-4844-a80a-2c223d4ff7c1_212.1327.mp4,2,unknown,A person is cutting the stems,30.0,0.0,10.0,8.13,10.0,244,300,244,272,272,300,,,,,,,,,,,,,,,,,,,,,,,,,,,,,,,,,,,,,,,,,,,,,,,,,,,,,,,,,,,,,,,,,,,,,,,,,,,,,,,,,,,,,,,,,,,,,,,,,,,,,,,,,,,,,,,,,,,,,,,,,,,,,,,,,,,,,,,,,,
train,ovr_ego4d_train.csv,43575,val,ovr_ego4d_val.csv,3003,89a95cd8-ca13-4edf-807e-d62138fd30e0_2574.3474.mp4,2,unknown,A person is tapping the tortilla,30.0,0.0,10.0,0.03,1.67,1,50,1,26,26,50,,,,,,,,,,,,,,,,,,,,,,,,,,,,,,,,,,,,,,,,,,,,,,,,,,,,,,,,,,,,,,,,,,,,,,,,,,,,,,,,,,,,,,,,,,,,,,,,,,,,,,,,,,,,,,,,,,,,,,,,,,,,,,,,,,,,,,,,,,
train,ovr_ego4d_train.csv,36298,val,ovr_ego4d_val.csv,3261,d2a62ce8-78e7-485a-bc7e-e0072540949a_1351.1419.mp4,10,unknown,A person is cleaning the book with a cloth,30.0,0.0,10.0,0.07,3.93,2,118,2,14,14,25,25,37,37,48,48,60,60,72,72,83,83,95,95,106,106,118,,,,,,,,,,,,,,,,,,,,,,,,,,,,,,,,,,,,,,,,,,,,,,,,,,,,,,,,,,,,,,,,,,,,,,,,,,,,,,,,,,,,,,,,,,,,,,,,,,,,,,,,,,,,,,,,,,,,,,,,,,
train,ovr_ego4d_train.csv,8505,val,ovr_ego4d_val.csv,3598,83081c5a-8456-44d8-af67-280034f8f0a6_2326.9773.mp4,3,unknown,A person is touching the strings with his right hand,30.0,0.0,10.0,0.03,2.03,1,61,1,21,21,41,41,61,,,,,,,,,,,,,,,,,,,,,,,,,,,,,,,,,,,,,,,,,,,,,,,,,,,,,,,,,,,,,,,,,,,,,,,,,,,,,,,,,,,,,,,,,,,,,,,,,,,,,,,,,,,,,,,,,,,,,,,,,,,,,,,,,,,,,,,,
train,ovr_ego4d_train.csv,19851,val,ovr_ego4d_val.csv,3755,f8514af9-61ce-49d9-9628-fbc0bcc736f9_163.5049.mp4,6,unknown,A person is sharpening the knife,30.0,0.0,10.0,0.03,1.33,1,40,1,7,7,14,14,20,20,27,27,33,33,40,,,,,,,,,,,,,,,,,,,,,,,,,,,,,,,,,,,,,,,,,,,,,,,,,,,,,,,,,,,,,,,,,,,,,,,,,,,,,,,,,,,,,,,,,,,,,,,,,,,,,,,,,,,,,,,,,,,,,,,,,,,,,,,,,,
val,ovr_ego4d_val.csv,1486,val,ovr_ego4d_val.csv,3977,7d8b9b9f-7781-4357-a695-c88f7c7f7591_3200.9148.mp4,6,unknown,A person is tapping on the table,30.0,0.0,10.0,5.9,7.8,177,234,177,186,186,196,196,206,206,215,215,224,224,234,,,,,,,,,,,,,,,,,,,,,,,,,,,,,,,,,,,,,,,,,,,,,,,,,,,,,,,,,,,,,,,,,,,,,,,,,,,,,,,,,,,,,,,,,,,,,,,,,,,,,,,,,,,,,,,,,,,,,,,,,,,,,,,,,,
train,ovr_ego4d_train.csv,42690,val,ovr_ego4d_val.csv,4014,dd94f1e6-3bd2-4c3c-a56f-76d4b134b3c5_1201.3939.mp4,7,unknown,A person is painting with a paintbrush,30.0,0.0,10.0,1.0,2.0,30,60,30,34,34,39,39,43,43,47,47,51,51,56,56,60,,,,,,,,,,,,,,,,,,,,,,,,,,,,,,,,,,,,,,,,,,,,,,,,,,,,,,,,,,,,,,,,,,,,,,,,,,,,,,,,,,,,,,,,,,,,,,,,,,,,,,,,,,,,,,,,,,,,,,,,,,,,,,,,
train,ovr_ego4d_train.csv,24521,val,ovr_ego4d_val.csv,4057,e50734ac-fb81-4466-86f2-404701722362_418.8279.mp4,6,unknown,A person is painting,30.0,0.0,10.0,8.17,10.0,245,300,245,254,254,263,263,273,273,282,282,291,291,300,,,,,,,,,,,,,,,,,,,,,,,,,,,,,,,,,,,,,,,,,,,,,,,,,,,,,,,,,,,,,,,,,,,,,,,,,,,,,,,,,,,,,,,,,,,,,,,,,,,,,,,,,,,,,,,,,,,,,,,,,,,,,,,,,,
train,ovr_ego4d_train.csv,40694,val,ovr_ego4d_val.csv,4230,f6da4761-4774-4e05-bb2a-beca6db68f51_1540.7496.mp4,2,unknown,A person is tapping on the cement,30.0,0.0,10.0,9.53,10.0,286,300,286,293,293,300,,,,,,,,,,,,,,,,,,,,,,,,,,,,,,,,,,,,,,,,,,,,,,,,,,,,,,,,,,,,,,,,,,,,,,,,,,,,,,,,,,,,,,,,,,,,,,,,,,,,,,,,,,,,,,,,,,,,,,,,,,,,,,,,,,,,,,,,,,
train,ovr_ego4d_train.csv,48335,val,ovr_ego4d_val.csv,4493,5a6434fd-e0ea-4777-b4d2-45845362f171_357.4840.mp4,12,unknown,A person is tapping on the device,30.0,0.0,10.0,0.03,4.4,1,132,1,12,12,23,23,34,34,45,45,56,56,66,66,77,77,88,88,99,99,110,110,121,121,132,,,,,,,,,,,,,,,,,,,,,,,,,,,,,,,,,,,,,,,,,,,,,,,,,,,,,,,,,,,,,,,,,,,,,,,,,,,,,,,,,,,,,,,,,,,,,,,,,,,,,,,,,,,,,,,,,,,,,,
train,ovr_ego4d_train.csv,18333,val,ovr_ego4d_val.csv,4495,d8f0089b-cac5-41f4-af66-e11d6f54a43c_572.1250.mp4,9,unknown,A person is cutting vegetables with a knife,30.0,0.0,10.0,0.03,3.0,1,90,1,11,11,21,21,31,31,40,40,50,50,60,60,70,70,80,80,90,,,,,,,,,,,,,,,,,,,,,,,,,,,,,,,,,,,,,,,,,,,,,,,,,,,,,,,,,,,,,,,,,,,,,,,,,,,,,,,,,,,,,,,,,,,,,,,,,,,,,,,,,,,,,,,,,,,,,,,,,,,,
train,ovr_ego4d_train.csv,47986,val,ovr_ego4d_val.csv,4604,64614775-1899-4f09-a145-51af89024d48_65.9652.mp4,2,unknown,A person is knitting the wool,30.0,0.0,10.0,5.0,6.0,150,180,150,165,165,180,,,,,,,,,,,,,,,,,,,,,,,,,,,,,,,,,,,,,,,,,,,,,,,,,,,,,,,,,,,,,,,,,,,,,,,,,,,,,,,,,,,,,,,,,,,,,,,,,,,,,,,,,,,,,,,,,,,,,,,,,,,,,,,,,,,,,,,,,,
train,ovr_ego4d_train.csv,57756,val,ovr_ego4d_val.csv,4760,c00d3596-99db-4ea7-9a65-57ab4319d640_1840.7000.mp4,2,unknown,A person is rolling the mud,30.0,0.0,10.0,0.03,0.8,1,24,1,12,12,24,,,,,,,,,,,,,,,,,,,,,,,,,,,,,,,,,,,,,,,,,,,,,,,,,,,,,,,,,,,,,,,,,,,,,,,,,,,,,,,,,,,,,,,,,,,,,,,,,,,,,,,,,,,,,,,,,,,,,,,,,,,,,,,,,,,,,,,,,,
train,ovr_ego4d_train.csv,51373,val,ovr_ego4d_val.csv,4996,8fb142f0-8eb4-4c90-8e3d-08d1bcc2314b_1148.3535.mp4,2,unknown,A person is hitting with a hammer,30.0,0.0,10.0,4.53,5.3,136,159,136,147,147,159,,,,,,,,,,,,,,,,,,,,,,,,,,,,,,,,,,,,,,,,,,,,,,,,,,,,,,,,,,,,,,,,,,,,,,,,,,,,,,,,,,,,,,,,,,,,,,,,,,,,,,,,,,,,,,,,,,,,,,,,,,,,,,,,,,,,,,,,,,
train,ovr_ego4d_train.csv,630,val,ovr_ego4d_val.csv,5222,f248a4aa-dd14-42fb-91fc-ec9f6bc16f20_699.5712.mp4,2,unknown,A person is mixing the food with chopsticks,30.0,0.0,10.0,4.93,6.27,148,188,148,168,168,188,,,,,,,,,,,,,,,,,,,,,,,,,,,,,,,,,,,,,,,,,,,,,,,,,,,,,,,,,,,,,,,,,,,,,,,,,,,,,,,,,,,,,,,,,,,,,,,,,,,,,,,,,,,,,,,,,,,,,,,,,,,,,,,,,,,,,,,,,,
train,ovr_ego4d_train.csv,60407,val,ovr_ego4d_val.csv,5966,f0bd434f-1b03-4448-a87c-517f50f36056_1884.8884.mp4,2,unknown,A person is applying white cement,30.0,0.0,10.0,0.03,8.37,1,251,1,126,126,251,,,,,,,,,,,,,,,,,,,,,,,,,,,,,,,,,,,,,,,,,,,,,,,,,,,,,,,,,,,,,,,,,,,,,,,,,,,,,,,,,,,,,,,,,,,,,,,,,,,,,,,,,,,,,,,,,,,,,,,,,,,,,,,,,,,,,,,,,,
train,ovr_ego4d_train.csv,48268,val,ovr_ego4d_val.csv,6008,9e99e8b0-b99d-4c0b-9095-3bed41d74f5d_1333.6389.mp4,5,unknown,A person is removing the wall paint,30.0,0.0,10.0,4.8,8.53,144,256,144,166,166,189,189,211,211,234,234,256,,,,,,,,,,,,,,,,,,,,,,,,,,,,,,,,,,,,,,,,,,,,,,,,,,,,,,,,,,,,,,,,,,,,,,,,,,,,,,,,,,,,,,,,,,,,,,,,,,,,,,,,,,,,,,,,,,,,,,,,,,,,,,,,,,,,
train,ovr_ego4d_train.csv,40794,val,ovr_ego4d_val.csv,6414,8914a2d4-a066-4503-93c2-6bd6d52ea08c_1047.0492.mp4,2,unknown,A person is making a basket,30.0,0.0,10.0,0.33,7.13,10,214,10,112,112,214,,,,,,,,,,,,,,,,,,,,,,,,,,,,,,,,,,,,,,,,,,,,,,,,,,,,,,,,,,,,,,,,,,,,,,,,,,,,,,,,,,,,,,,,,,,,,,,,,,,,,,,,,,,,,,,,,,,,,,,,,,,,,,,,,,,,,,,,,,
train,ovr_ego4d_train.csv,29591,val,ovr_ego4d_val.csv,6571,0f308219-b1a0-45ec-a4af-91648121bcff_138.1950.mp4,3,unknown,A person is writing on the paper,30.0,0.0,10.0,0.6,2.2,18,66,18,34,34,50,50,66,,,,,,,,,,,,,,,,,,,,,,,,,,,,,,,,,,,,,,,,,,,,,,,,,,,,,,,,,,,,,,,,,,,,,,,,,,,,,,,,,,,,,,,,,,,,,,,,,,,,,,,,,,,,,,,,,,,,,,,,,,,,,,,,,,,,,,,,
train,ovr_ego4d_train.csv,29005,val,ovr_ego4d_val.csv,6657,1a870d5d-5787-4098-ad8d-fe7343c43698_3758.4909.mp4,2,unknown,A person is rotating the object,30.0,0.0,10.0,0.03,1.0,1,30,1,15,15,30,,,,,,,,,,,,,,,,,,,,,,,,,,,,,,,,,,,,,,,,,,,,,,,,,,,,,,,,,,,,,,,,,,,,,,,,,,,,,,,,,,,,,,,,,,,,,,,,,,,,,,,,,,,,,,,,,,,,,,,,,,,,,,,,,,,,,,,,,,
train,ovr_ego4d_train.csv,26109,val,ovr_ego4d_val.csv,6728,72718087-8e04-4b32-a589-b57ef40651a5_1392.2055.mp4,9,unknown,A person is playing the piano,30.0,0.0,10.0,0.03,10.0,1,300,1,34,34,67,67,101,101,134,134,167,167,200,200,234,234,267,267,300,,,,,,,,,,,,,,,,,,,,,,,,,,,,,,,,,,,,,,,,,,,,,,,,,,,,,,,,,,,,,,,,,,,,,,,,,,,,,,,,,,,,,,,,,,,,,,,,,,,,,,,,,,,,,,,,,,,,,,,,,,,,
train,ovr_ego4d_train.csv,21513,val,ovr_ego4d_val.csv,6811,f6204d72-b776-48c9-8212-1de0ed04d4c6_557.3186.mp4,3,unknown,A person is cutting the grass,30.0,0.0,10.0,4.7,10.0,141,300,141,194,194,247,247,300,,,,,,,,,,,,,,,,,,,,,,,,,,,,,,,,,,,,,,,,,,,,,,,,,,,,,,,,,,,,,,,,,,,,,,,,,,,,,,,,,,,,,,,,,,,,,,,,,,,,,,,,,,,,,,,,,,,,,,,,,,,,,,,,,,,,,,,,
test,ovr_ego4d_test.csv,78,test,ovr_ego4d_test.csv,79,f78d1cdb-909e-4558-bc72-73b7afdaf7b3_4865.2302.mp4,5,unknown,A person rolls the object continuously,30.0,0.0,10.0,5.0,10.0,150,300,150,180,180,210,210,240,240,270,270,300,,,,,,,,,,,,,,,,,,,,,,,,,,,,,,,,,,,,,,,,,,,,,,,,,,,,,,,,,,,,,,,,,,,,,,,,,,,,,,,,,,,,,,,,,,,,,,,,,,,,,,,,,,,,,,,,,,,,,,,,,,,,,,,,,,,,
test,ovr_ego4d_test.csv,342,test,ovr_ego4d_test.csv,343,e456df39-0980-4b2c-92e8-b03193a6e90f_1138.1852.mp4,14,unknown,A person is making a design in circular motion,30.0,0.0,10.0,4.0,10.0,120,300,120,133,133,146,146,159,159,171,171,184,184,197,197,210,210,223,223,236,236,249,249,261,261,274,274,287,287,300,,,,,,,,,,,,,,,,,,,,,,,,,,,,,,,,,,,,,,,,,,,,,,,,,,,,,,,,,,,,,,,,,,,,,,,,,,,,,,,,,,,,,,,,,,,,,,,,,,,,,,,,,,,,,,,,,,
test,ovr_ego4d_test.csv,426,test,ovr_ego4d_test.csv,427,9d4612dc-de21-48a6-a003-0f7485adb8cd_796.2884.mp4,2,unknown,A person is cutting the plants with a sickle,30.0,0.0,10.0,7.5,8.33,225,250,225,237,237,250,,,,,,,,,,,,,,,,,,,,,,,,,,,,,,,,,,,,,,,,,,,,,,,,,,,,,,,,,,,,,,,,,,,,,,,,,,,,,,,,,,,,,,,,,,,,,,,,,,,,,,,,,,,,,,,,,,,,,,,,,,,,,,,,,,,,,,,,,,
test,ovr_ego4d_test.csv,673,test,ovr_ego4d_test.csv,674,4663fe50-1d7f-4213-a3d7-b1d29c86b998_0.2842.mp4,20,unknown,A person moving his hand continuously,30.0,0.0,10.0,1.0,10.0,30,300,30,44,44,57,57,70,70,84,84,98,98,111,111,125,125,138,138,152,152,165,165,178,178,192,192,206,206,219,219,232,232,246,246,260,260,273,273,286,286,300,,,,,,,,,,,,,,,,,,,,,,,,,,,,,,,,,,,,,,,,,,,,,,,,,,,,,,,,,,,,,,,,,,,,,,,,,,,,,,,,,,,,,,,,,,,,,,,,,,,,,,
test,ovr_ego4d_test.csv,711,test,ovr_ego4d_test.csv,712,d3a0899e-2093-454c-9f65-30087883193a_3132.1832.mp4,2,unknown,A person is painting with a paintbrush,30.0,0.0,10.0,5.0,6.0,150,180,150,165,165,180,,,,,,,,,,,,,,,,,,,,,,,,,,,,,,,,,,,,,,,,,,,,,,,,,,,,,,,,,,,,,,,,,,,,,,,,,,,,,,,,,,,,,,,,,,,,,,,,,,,,,,,,,,,,,,,,,,,,,,,,,,,,,,,,,,,,,,,,,,
test,ovr_ego4d_test.csv,895,test,ovr_ego4d_test.csv,896,8141fd19-b419-4f2c-a432-e2bb5fbad9b4_126.6850.mp4,7,unknown,A person is fitting the screw,30.0,0.0,10.0,5.0,7.0,150,210,150,159,159,167,167,176,176,184,184,193,193,201,201,210,,,,,,,,,,,,,,,,,,,,,,,,,,,,,,,,,,,,,,,,,,,,,,,,,,,,,,,,,,,,,,,,,,,,,,,,,,,,,,,,,,,,,,,,,,,,,,,,,,,,,,,,,,,,,,,,,,,,,,,,,,,,,,,,
test,ovr_ego4d_test.csv,906,test,ovr_ego4d_test.csv,907,1dcc108c-8bd4-42ad-b2c5-03662be62eda_3714.2210.mp4,8,unknown,A person is rubbing the cycle tube,30.0,0.0,10.0,0.0,2.0,0,60,0,8,8,15,15,22,22,30,30,38,38,45,45,52,52,60,,,,,,,,,,,,,,,,,,,,,,,,,,,,,,,,,,,,,,,,,,,,,,,,,,,,,,,,,,,,,,,,,,,,,,,,,,,,,,,,,,,,,,,,,,,,,,,,,,,,,,,,,,,,,,,,,,,,,,,,,,,,,,
test,ovr_ego4d_test.csv,1158,test,ovr_ego4d_test.csv,1159,258a7d18-4e66-4e3a-9fa0-f8daf7315a6d_2611.0629.mp4,5,unknown,A person is smoothing the cement,30.0,0.0,10.0,5.37,8.9,161,267,161,182,182,203,203,225,225,246,246,267,,,,,,,,,,,,,,,,,,,,,,,,,,,,,,,,,,,,,,,,,,,,,,,,,,,,,,,,,,,,,,,,,,,,,,,,,,,,,,,,,,,,,,,,,,,,,,,,,,,,,,,,,,,,,,,,,,,,,,,,,,,,,,,,,,,,
test,ovr_ego4d_test.csv,1800,test,ovr_ego4d_test.csv,1802,6f0bbdcd-1677-4cfa-af89-16f00de99db0_2548.4858.mp4,5,unknown,A person painting with a paintbrush,30.0,0.0,10.0,8.83,10.0,265,300,265,272,272,279,279,286,286,293,293,300,,,,,,,,,,,,,,,,,,,,,,,,,,,,,,,,,,,,,,,,,,,,,,,,,,,,,,,,,,,,,,,,,,,,,,,,,,,,,,,,,,,,,,,,,,,,,,,,,,,,,,,,,,,,,,,,,,,,,,,,,,,,,,,,,,,,
test,ovr_ego4d_test.csv,1809,test,ovr_ego4d_test.csv,1810,e2dd39cb-63e2-4ebb-b99a-ad7ff579b048_2229.3611.mp4,2,unknown,A person is pressing the needle,30.0,0.0,10.0,7.03,7.57,211,227,211,219,219,227,,,,,,,,,,,,,,,,,,,,,,,,,,,,,,,,,,,,,,,,,,,,,,,,,,,,,,,,,,,,,,,,,,,,,,,,,,,,,,,,,,,,,,,,,,,,,,,,,,,,,,,,,,,,,,,,,,,,,,,,,,,,,,,,,,,,,,,,,,
test,ovr_ego4d_test.csv,1896,test,ovr_ego4d_test.csv,1897,f735d4bb-d65e-4965-ac0d-270c0b9e5993_2458.2680.mp4,9,unknown,A person is tapping the spatula on the plate,30.0,0.0,10.0,1.33,4.1,40,123,40,49,49,58,58,68,68,77,77,86,86,95,95,105,105,114,114,123,,,,,,,,,,,,,,,,,,,,,,,,,,,,,,,,,,,,,,,,,,,,,,,,,,,,,,,,,,,,,,,,,,,,,,,,,,,,,,,,,,,,,,,,,,,,,,,,,,,,,,,,,,,,,,,,,,,,,,,,,,,,
test,ovr_ego4d_test.csv,2134,test,ovr_ego4d_test.csv,2135,50d4198e-2ddd-462e-8c24-3bd45e0a7a3c_189.3424.mp4,2,unknown,A person is ironing a cloth,30.0,0.0,10.0,5.13,6.93,154,208,154,181,181,208,,,,,,,,,,,,,,,,,,,,,,,,,,,,,,,,,,,,,,,,,,,,,,,,,,,,,,,,,,,,,,,,,,,,,,,,,,,,,,,,,,,,,,,,,,,,,,,,,,,,,,,,,,,,,,,,,,,,,,,,,,,,,,,,,,,,,,,,,,
test,ovr_ego4d_test.csv,2245,test,ovr_ego4d_test.csv,2247,5cff48d5-d4e3-465f-8302-64cd493aba53_844.4776.mp4,2,unknown,A person is rolling the mud,30.0,0.0,10.0,0.03,1.03,1,31,1,16,16,31,,,,,,,,,,,,,,,,,,,,,,,,,,,,,,,,,,,,,,,,,,,,,,,,,,,,,,,,,,,,,,,,,,,,,,,,,,,,,,,,,,,,,,,,,,,,,,,,,,,,,,,,,,,,,,,,,,,,,,,,,,,,,,,,,,,,,,,,,,
test,ovr_ego4d_test.csv,2275,test,ovr_ego4d_test.csv,2277,786ced75-8534-469a-be44-4e7354b1c9b8_1659.4170.mp4,4,unknown,A person is rolling the dough,30.0,0.0,10.0,0.03,1.67,1,50,1,13,13,26,26,38,38,50,,,,,,,,,,,,,,,,,,,,,,,,,,,,,,,,,,,,,,,,,,,,,,,,,,,,,,,,,,,,,,,,,,,,,,,,,,,,,,,,,,,,,,,,,,,,,,,,,,,,,,,,,,,,,,,,,,,,,,,,,,,,,,,,,,,,,,
test,ovr_ego4d_test.csv,2302,test,ovr_ego4d_test.csv,2303,8e2af1f2-83bc-46c5-91cb-fe99708c73eb_2059.0525.mp4,3,unknown,A person is painting with a pencil,30.0,0.0,10.0,5.0,6.17,150,185,150,162,162,173,173,185,,,,,,,,,,,,,,,,,,,,,,,,,,,,,,,,,,,,,,,,,,,,,,,,,,,,,,,,,,,,,,,,,,,,,,,,,,,,,,,,,,,,,,,,,,,,,,,,,,,,,,,,,,,,,,,,,,,,,,,,,,,,,,,,,,,,,,,,
test,ovr_ego4d_test.csv,2304,test,ovr_ego4d_test.csv,2305,277e93fa-11cf-416d-913d-a91fa82069c6_968.5031.mp4,4,unknown,A person is playing the piano,30.0,0.0,10.0,1.0,2.8,30,84,30,44,44,57,57,70,70,84,,,,,,,,,,,,,,,,,,,,,,,,,,,,,,,,,,,,,,,,,,,,,,,,,,,,,,,,,,,,,,,,,,,,,,,,,,,,,,,,,,,,,,,,,,,,,,,,,,,,,,,,,,,,,,,,,,,,,,,,,,,,,,,,,,,,,,
test,ovr_ego4d_test.csv,3309,test,ovr_ego4d_test.csv,3310,dadbfacb-9100-4479-a8c7-75332ebb8acd_1031.2109.mp4,4,unknown,A person is painting with a paintbrush,30.0,0.0,10.0,0.03,0.83,1,25,1,7,7,13,13,19,19,25,,,,,,,,,,,,,,,,,,,,,,,,,,,,,,,,,,,,,,,,,,,,,,,,,,,,,,,,,,,,,,,,,,,,,,,,,,,,,,,,,,,,,,,,,,,,,,,,,,,,,,,,,,,,,,,,,,,,,,,,,,,,,,,,,,,,,,
test,ovr_ego4d_test.csv,3636,test,ovr_ego4d_test.csv,3637,e8283c8f-ecc0-448a-84d2-9f16160d7a4b_578.4236.mp4,4,unknown,A person is sharpening the knife,30.0,0.0,10.0,0.47,4.33,14,130,14,43,43,72,72,101,101,130,,,,,,,,,,,,,,,,,,,,,,,,,,,,,,,,,,,,,,,,,,,,,,,,,,,,,,,,,,,,,,,,,,,,,,,,,,,,,,,,,,,,,,,,,,,,,,,,,,,,,,,,,,,,,,,,,,,,,,,,,,,,,,,,,,,,,,
test,ovr_ego4d_test.csv,4627,test,ovr_ego4d_test.csv,4628,71901504-51df-4794-8143-767a19bc134d_313.0822.mp4,19,unknown,A person is cleaning the scissors with the blade,30.0,0.0,10.0,3.3,7.23,99,217,99,105,105,111,111,118,118,124,124,130,130,136,136,142,142,149,149,155,155,161,161,167,167,173,173,180,180,186,186,192,192,198,198,204,204,211,211,217,,,,,,,,,,,,,,,,,,,,,,,,,,,,,,,,,,,,,,,,,,,,,,,,,,,,,,,,,,,,,,,,,,,,,,,,,,,,,,,,,,,,,,,,,,,,,,,,,,,,,,,,
test,ovr_ego4d_test.csv,5043,test,ovr_ego4d_test.csv,5044,379a70f3-7042-4802-a6be-0676aab2fc50_881.1850.mp4,4,unknown,A person is playing the piano,30.0,0.0,10.0,4.97,10.0,149,300,149,187,187,225,225,262,262,300,,,,,,,,,,,,,,,,,,,,,,,,,,,,,,,,,,,,,,,,,,,,,,,,,,,,,,,,,,,,,,,,,,,,,,,,,,,,,,,,,,,,,,,,,,,,,,,,,,,,,,,,,,,,,,,,,,,,,,,,,,,,,,,,,,,,,,
test,ovr_ego4d_test.csv,5175,test,ovr_ego4d_test.csv,5176,c2932d5f-47ec-4f00-8eb9-453ac4780dac_1625.4704.mp4,2,unknown,A person is knitting,30.0,0.0,10.0,1.87,10.0,56,300,56,178,178,300,,,,,,,,,,,,,,,,,,,,,,,,,,,,,,,,,,,,,,,,,,,,,,,,,,,,,,,,,,,,,,,,,,,,,,,,,,,,,,,,,,,,,,,,,,,,,,,,,,,,,,,,,,,,,,,,,,,,,,,,,,,,,,,,,,,,,,,,,,
test,ovr_ego4d_test.csv,5205,test,ovr_ego4d_test.csv,5206,b2a1b8ca-99d6-4f26-953f-426e89649e90_4647.0937.mp4,6,unknown,A person is rolling the dough,30.0,0.0,10.0,0.03,2.87,1,86,1,15,15,29,29,44,44,58,58,72,72,86,,,,,,,,,,,,,,,,,,,,,,,,,,,,,,,,,,,,,,,,,,,,,,,,,,,,,,,,,,,,,,,,,,,,,,,,,,,,,,,,,,,,,,,,,,,,,,,,,,,,,,,,,,,,,,,,,,,,,,,,,,,,,,,,,,
test,ovr_ego4d_test.csv,5229,test,ovr_ego4d_test.csv,5230,b2a1b8ca-99d6-4f26-953f-426e89649e90_4723.2062.mp4,4,unknown,A person is patting the dough,30.0,0.0,10.0,5.13,6.27,154,188,154,162,162,171,171,180,180,188,,,,,,,,,,,,,,,,,,,,,,,,,,,,,,,,,,,,,,,,,,,,,,,,,,,,,,,,,,,,,,,,,,,,,,,,,,,,,,,,,,,,,,,,,,,,,,,,,,,,,,,,,,,,,,,,,,,,,,,,,,,,,,,,,,,,,,
test,ovr_ego4d_test.csv,5650,test,ovr_ego4d_test.csv,5651,a24e2240-8720-4bc2-aad8-0801f0a2c5e6_1836.3933.mp4,2,unknown,A person is knitting,30.0,0.0,10.0,0.6,2.67,18,80,18,49,49,80,,,,,,,,,,,,,,,,,,,,,,,,,,,,,,,,,,,,,,,,,,,,,,,,,,,,,,,,,,,,,,,,,,,,,,,,,,,,,,,,,,,,,,,,,,,,,,,,,,,,,,,,,,,,,,,,,,,,,,,,,,,,,,,,,,,,,,,,,,
test,ovr_ego4d_test.csv,6677,test,ovr_ego4d_test.csv,6678,48d7d009-425f-4d1a-a6a9-a4742bd0d9fe_1839.8987.mp4,4,unknown,A person is hitting the brick with his hand,30.0,0.0,10.0,5.07,6.47,152,194,152,163,163,173,173,184,184,194,,,,,,,,,,,,,,,,,,,,,,,,,,,,,,,,,,,,,,,,,,,,,,,,,,,,,,,,,,,,,,,,,,,,,,,,,,,,,,,,,,,,,,,,,,,,,,,,,,,,,,,,,,,,,,,,,,,,,,,,,,,,,,,,,,,,,,
test,ovr_ego4d_test.csv,7517,test,ovr_ego4d_test.csv,7518,47c111f9-339f-4d4a-ad1f-94ffb71c278f_126.4951.mp4,3,unknown,A person is trying to knit,30.0,0.0,10.0,4.27,6.6,128,198,128,151,151,175,175,198,,,,,,,,,,,,,,,,,,,,,,,,,,,,,,,,,,,,,,,,,,,,,,,,,,,,,,,,,,,,,,,,,,,,,,,,,,,,,,,,,,,,,,,,,,,,,,,,,,,,,,,,,,,,,,,,,,,,,,,,,,,,,,,,,,,,,,,,
test,ovr_ego4d_test.csv,8087,test,ovr_ego4d_test.csv,8088,2298af56-6161-4e2e-a1cb-f6d4c66c0e81_960.0548.mp4,6,unknown,A person is dipping the brush in the paint,30.0,0.0,10.0,1.8,2.97,54,89,54,60,60,66,66,72,72,77,77,83,83,89,,,,,,,,,,,,,,,,,,,,,,,,,,,,,,,,,,,,,,,,,,,,,,,,,,,,,,,,,,,,,,,,,,,,,,,,,,,,,,,,,,,,,,,,,,,,,,,,,,,,,,,,,,,,,,,,,,,,,,,,,,,,,,,,,,
test,ovr_ego4d_test.csv,8269,test,ovr_ego4d_test.csv,8270,4efdd63d-515c-401a-a5b0-e2c84cbee0e6_5402.3631.mp4,2,unknown,A person is rubbing the shoe on the grass,30.0,0.0,10.0,2.0,2.6,60,78,60,69,69,78,,,,,,,,,,,,,,,,,,,,,,,,,,,,,,,,,,,,,,,,,,,,,,,,,,,,,,,,,,,,,,,,,,,,,,,,,,,,,,,,,,,,,,,,,,,,,,,,,,,,,,,,,,,,,,,,,,,,,,,,,,,,,,,,,,,,,,,,,,
test,ovr_ego4d_test.csv,8773,test,ovr_ego4d_test.csv,8774,115cb95f-7030-4eab-b5de-120b63b3f21c_2045.9485.mp4,4,unknown,A person is plucking the stems,30.0,0.0,10.0,4.27,9.7,128,291,128,169,169,210,210,250,250,291,,,,,,,,,,,,,,,,,,,,,,,,,,,,,,,,,,,,,,,,,,,,,,,,,,,,,,,,,,,,,,,,,,,,,,,,,,,,,,,,,,,,,,,,,,,,,,,,,,,,,,,,,,,,,,,,,,,,,,,,,,,,,,,,,,,,,,
test,ovr_ego4d_test.csv,8868,test,ovr_ego4d_test.csv,8869,755b6a15-0ba1-4a42-86a0-95098e2ef4bf_404.9872.mp4,3,unknown,A person is cutting the thread with scissors,30.0,0.0,10.0,4.53,6.8,136,204,136,159,159,181,181,204,,,,,,,,,,,,,,,,,,,,,,,,,,,,,,,,,,,,,,,,,,,,,,,,,,,,,,,,,,,,,,,,,,,,,,,,,,,,,,,,,,,,,,,,,,,,,,,,,,,,,,,,,,,,,,,,,,,,,,,,,,,,,,,,,,,,,,,,
test,ovr_ego4d_test.csv,9013,test,ovr_ego4d_test.csv,9014,ed321be7-2fbd-49b1-9568-8970bde39738_530.9923.mp4,3,unknown,A person is playing guitar with his right index finger,30.0,0.0,10.0,0.17,1.1,5,33,5,14,14,24,24,33,,,,,,,,,,,,,,,,,,,,,,,,,,,,,,,,,,,,,,,,,,,,,,,,,,,,,,,,,,,,,,,,,,,,,,,,,,,,,,,,,,,,,,,,,,,,,,,,,,,,,,,,,,,,,,,,,,,,,,,,,,,,,,,,,,,,,,,,
test,ovr_ego4d_test.csv,9507,test,ovr_ego4d_test.csv,9508,379a70f3-7042-4802-a6be-0676aab2fc50_1429.0839.mp4,5,unknown,A person is playing the piano,30.0,0.0,10.0,3.8,8.43,114,253,114,142,142,170,170,197,197,225,225,253,,,,,,,,,,,,,,,,,,,,,,,,,,,,,,,,,,,,,,,,,,,,,,,,,,,,,,,,,,,,,,,,,,,,,,,,,,,,,,,,,,,,,,,,,,,,,,,,,,,,,,,,,,,,,,,,,,,,,,,,,,,,,,,,,,,,
test,ovr_ego4d_test.csv,9624,test,ovr_ego4d_test.csv,9625,c3065f43-abc1-4868-84fd-3f937010fd17_721.0183.mp4,12,unknown,A person is cutting the cloth,30.0,0.0,10.0,4.43,9.1,133,273,133,145,145,156,156,168,168,180,180,191,191,203,203,215,215,226,226,238,238,250,250,261,261,273,,,,,,,,,,,,,,,,,,,,,,,,,,,,,,,,,,,,,,,,,,,,,,,,,,,,,,,,,,,,,,,,,,,,,,,,,,,,,,,,,,,,,,,,,,,,,,,,,,,,,,,,,,,,,,,,,,,,,,
test,ovr_ego4d_test.csv,9628,test,ovr_ego4d_test.csv,9629,379b180f-716d-4f59-b087-d8f8c0e325f7_1079.9790.mp4,7,unknown,A person is playing the guitar,30.0,0.0,10.0,6.33,9.07,190,272,190,202,202,213,213,225,225,237,237,249,249,260,260,272,,,,,,,,,,,,,,,,,,,,,,,,,,,,,,,,,,,,,,,,,,,,,,,,,,,,,,,,,,,,,,,,,,,,,,,,,,,,,,,,,,,,,,,,,,,,,,,,,,,,,,,,,,,,,,,,,,,,,,,,,,,,,,,,
test,ovr_ego4d_test.csv,9636,test,ovr_ego4d_test.csv,9637,170afe06-bb7a-4c0b-913c-4a43b83ee385_557.2083.mp4,3,unknown,A person is painting,30.0,0.0,10.0,0.03,3.6,1,108,1,37,37,72,72,108,,,,,,,,,,,,,,,,,,,,,,,,,,,,,,,,,,,,,,,,,,,,,,,,,,,,,,,,,,,,,,,,,,,,,,,,,,,,,,,,,,,,,,,,,,,,,,,,,,,,,,,,,,,,,,,,,,,,,,,,,,,,,,,,,,,,,,,,
test,ovr_ego4d_test.csv,10055,test,ovr_ego4d_test.csv,10056,51617b89-1624-465a-8aa5-f664e29d7771_2032.8820.mp4,5,unknown,A person is shaping a wooden piece,30.0,0.0,10.0,7.77,9.57,233,287,233,244,244,255,255,266,266,276,276,287,,,,,,,,,,,,,,,,,,,,,,,,,,,,,,,,,,,,,,,,,,,,,,,,,,,,,,,,,,,,,,,,,,,,,,,,,,,,,,,,,,,,,,,,,,,,,,,,,,,,,,,,,,,,,,,,,,,,,,,,,,,,,,,,,,,,
test,ovr_ego4d_test.csv,10773,test,ovr_ego4d_test.csv,10775,a22b59f9-12b4-4abc-9bc7-006f34d713cb_166.7362.mp4,11,unknown,A person is applying the paint to the roller,30.0,0.0,10.0,4.5,7.87,135,236,135,144,144,153,153,163,163,172,172,181,181,190,190,199,199,209,209,218,218,227,227,236,,,,,,,,,,,,,,,,,,,,,,,,,,,,,,,,,,,,,,,,,,,,,,,,,,,,,,,,,,,,,,,,,,,,,,,,,,,,,,,,,,,,,,,,,,,,,,,,,,,,,,,,,,,,,,,,,,,,,,,,
test,ovr_ego4d_test.csv,11181,test,ovr_ego4d_test.csv,11182,e9f48b8b-3aa0-484a-871a-b5662fd981c3_969.1138.mp4,3,unknown,A person is painting,30.0,0.0,10.0,7.0,7.63,210,229,210,216,216,223,223,229,,,,,,,,,,,,,,,,,,,,,,,,,,,,,,,,,,,,,,,,,,,,,,,,,,,,,,,,,,,,,,,,,,,,,,,,,,,,,,,,,,,,,,,,,,,,,,,,,,,,,,,,,,,,,,,,,,,,,,,,,,,,,,,,,,,,,,,,
test,ovr_ego4d_test.csv,11245,test,ovr_ego4d_test.csv,11246,e0f75a35-4dde-44ef-aee7-cab38e4524f6_1992.0003.mp4,4,unknown,A person is peeling the potato,30.0,0.0,10.0,5.2,9.63,156,289,156,189,189,222,222,256,256,289,,,,,,,,,,,,,,,,,,,,,,,,,,,,,,,,,,,,,,,,,,,,,,,,,,,,,,,,,,,,,,,,,,,,,,,,,,,,,,,,,,,,,,,,,,,,,,,,,,,,,,,,,,,,,,,,,,,,,,,,,,,,,,,,,,,,,,
test,ovr_ego4d_test.csv,11540,test,ovr_ego4d_test.csv,11541,3989cc0b-e250-40d3-a533-572e9420a931_1180.9968.mp4,4,unknown,A person is painting,30.0,0.0,10.0,0.03,1.0,1,30,1,8,8,15,15,23,23,30,,,,,,,,,,,,,,,,,,,,,,,,,,,,,,,,,,,,,,,,,,,,,,,,,,,,,,,,,,,,,,,,,,,,,,,,,,,,,,,,,,,,,,,,,,,,,,,,,,,,,,,,,,,,,,,,,,,,,,,,,,,,,,,,,,,,,,
test,ovr_ego4d_test.csv,12019,test,ovr_ego4d_test.csv,12020,49570451-9172-4fbc-b3aa-f780cbe91b17_3487.0861.mp4,2,unknown,A person is rotating the wheel,30.0,0.0,10.0,0.03,1.0,1,30,1,15,15,30,,,,,,,,,,,,,,,,,,,,,,,,,,,,,,,,,,,,,,,,,,,,,,,,,,,,,,,,,,,,,,,,,,,,,,,,,,,,,,,,,,,,,,,,,,,,,,,,,,,,,,,,,,,,,,,,,,,,,,,,,,,,,,,,,,,,,,,,,,
test,ovr_ego4d_test.csv,12031,test,ovr_ego4d_test.csv,12032,ba23930c-cef7-4f3e-b5bb-8f0a4ae5b1e4_927.4270.mp4,3,unknown,A person is washing with a brush,30.0,0.0,10.0,4.83,5.4,145,162,145,151,151,156,156,162,,,,,,,,,,,,,,,,,,,,,,,,,,,,,,,,,,,,,,,,,,,,,,,,,,,,,,,,,,,,,,,,,,,,,,,,,,,,,,,,,,,,,,,,,,,,,,,,,,,,,,,,,,,,,,,,,,,,,,,,,,,,,,,,,,,,,,,,
test,ovr_ego4d_test.csv,12676,test,ovr_ego4d_test.csv,12677,f19d037c-2731-4f4f-a850-bfbcb20d6f68_2295.0085.mp4,13,unknown,A person is shuffling the cards,30.0,0.0,10.0,0.03,4.4,1,132,1,11,11,21,21,31,31,41,41,51,51,61,61,71,71,82,82,92,92,102,102,112,112,122,122,132,,,,,,,,,,,,,,,,,,,,,,,,,,,,,,,,,,,,,,,,,,,,,,,,,,,,,,,,,,,,,,,,,,,,,,,,,,,,,,,,,,,,,,,,,,,,,,,,,,,,,,,,,,,,,,,,,,,,
test,ovr_ego4d_test.csv,13150,test,ovr_ego4d_test.csv,13151,ba9be74c-4fb2-46ae-96f5-c6369f7547bd_23.0213.mp4,5,unknown,A person is washing their hands,30.0,0.0,10.0,4.7,6.2,141,186,141,150,150,159,159,168,168,177,177,186,,,,,,,,,,,,,,,,,,,,,,,,,,,,,,,,,,,,,,,,,,,,,,,,,,,,,,,,,,,,,,,,,,,,,,,,,,,,,,,,,,,,,,,,,,,,,,,,,,,,,,,,,,,,,,,,,,,,,,,,,,,,,,,,,,,,
test,ovr_ego4d_test.csv,13372,test,ovr_ego4d_test.csv,13373,ac66d197-8177-45cb-a75c-1a870321b58e_2568.1070.mp4,8,unknown,A person is cycling,30.0,0.0,10.0,0.03,10.0,1,300,1,38,38,76,76,113,113,150,150,188,188,225,225,263,263,300,,,,,,,,,,,,,,,,,,,,,,,,,,,,,,,,,,,,,,,,,,,,,,,,,,,,,,,,,,,,,,,,,,,,,,,,,,,,,,,,,,,,,,,,,,,,,,,,,,,,,,,,,,,,,,,,,,,,,,,,,,,,,,
test,ovr_ego4d_test.csv,14200,test,ovr_ego4d_test.csv,14201,42d72164-8f4a-49e4-8b95-b3ad423ba65b_1575.6039.mp4,2,unknown,A person is drying the hair,30.0,0.0,10.0,1.2,9.7,36,291,36,164,164,291,,,,,,,,,,,,,,,,,,,,,,,,,,,,,,,,,,,,,,,,,,,,,,,,,,,,,,,,,,,,,,,,,,,,,,,,,,,,,,,,,,,,,,,,,,,,,,,,,,,,,,,,,,,,,,,,,,,,,,,,,,,,,,,,,,,,,,,,,,
test,ovr_ego4d_test.csv,14244,test,ovr_ego4d_test.csv,14245,3c0fc986-4112-4cbc-af52-ee7d6105269e_67.4461.mp4,5,unknown,A person is cleaning the chopsticks,30.0,0.0,10.0,0.33,1.67,10,50,10,18,18,26,26,34,34,42,42,50,,,,,,,,,,,,,,,,,,,,,,,,,,,,,,,,,,,,,,,,,,,,,,,,,,,,,,,,,,,,,,,,,,,,,,,,,,,,,,,,,,,,,,,,,,,,,,,,,,,,,,,,,,,,,,,,,,,,,,,,,,,,,,,,,,,,
test,ovr_ego4d_test.csv,14591,test,ovr_ego4d_test.csv,14592,fb92d350-9bf9-4b16-8a1f-7858de276226_1367.0640.mp4,6,unknown,A person is applying nail polish,30.0,0.0,10.0,4.67,7.27,140,218,140,153,153,166,166,179,179,192,192,205,205,218,,,,,,,,,,,,,,,,,,,,,,,,,,,,,,,,,,,,,,,,,,,,,,,,,,,,,,,,,,,,,,,,,,,,,,,,,,,,,,,,,,,,,,,,,,,,,,,,,,,,,,,,,,,,,,,,,,,,,,,,,,,,,,,,,,
test,ovr_ego4d_test.csv,15129,test,ovr_ego4d_test.csv,15130,8827faff-9f22-4a34-a168-0499dd47920e_517.3837.mp4,2,unknown,A person is playing the piano,30.0,0.0,10.0,5.53,5.97,166,179,166,172,172,179,,,,,,,,,,,,,,,,,,,,,,,,,,,,,,,,,,,,,,,,,,,,,,,,,,,,,,,,,,,,,,,,,,,,,,,,,,,,,,,,,,,,,,,,,,,,,,,,,,,,,,,,,,,,,,,,,,,,,,,,,,,,,,,,,,,,,,,,,,
test,ovr_ego4d_test.csv,16486,test,ovr_ego4d_test.csv,16487,a07e0056-c301-48b0-a803-52ee9f90d737_1176.8440.mp4,2,unknown,A person is playing the piano,30.0,0.0,10.0,0.73,1.73,22,52,22,37,37,52,,,,,,,,,,,,,,,,,,,,,,,,,,,,,,,,,,,,,,,,,,,,,,,,,,,,,,,,,,,,,,,,,,,,,,,,,,,,,,,,,,,,,,,,,,,,,,,,,,,,,,,,,,,,,,,,,,,,,,,,,,,,,,,,,,,,,,,,,,
test,ovr_ego4d_test.csv,17049,test,ovr_ego4d_test.csv,17050,62b7a234-9f80-49fd-92d4-4280e1d0f35f_240.5081.mp4,3,unknown,A person is painting with a brush,30.0,0.0,10.0,6.5,9.53,195,286,195,225,225,256,256,286,,,,,,,,,,,,,,,,,,,,,,,,,,,,,,,,,,,,,,,,,,,,,,,,,,,,,,,,,,,,,,,,,,,,,,,,,,,,,,,,,,,,,,,,,,,,,,,,,,,,,,,,,,,,,,,,,,,,,,,,,,,,,,,,,,,,,,,,
test,ovr_ego4d_test.csv,17117,test,ovr_ego4d_test.csv,17118,8a3b619e-8e5b-4692-93d4-a18007b826c7_791.6286.mp4,4,unknown,A person is playing the piano,30.0,0.0,10.0,4.33,7.2,130,216,130,151,151,173,173,194,194,216,,,,,,,,,,,,,,,,,,,,,,,,,,,,,,,,,,,,,,,,,,,,,,,,,,,,,,,,,,,,,,,,,,,,,,,,,,,,,,,,,,,,,,,,,,,,,,,,,,,,,,,,,,,,,,,,,,,,,,,,,,,,,,,,,,,,,,
test,ovr_ego4d_test.csv,17220,test,ovr_ego4d_test.csv,17221,9d26362a-4411-4d8b-b114-03f4f89928d7_1186.6226.mp4,3,unknown,A person is rotating with the hand,30.0,0.0,10.0,0.03,3.37,1,101,1,34,34,68,68,101,,,,,,,,,,,,,,,,,,,,,,,,,,,,,,,,,,,,,,,,,,,,,,,,,,,,,,,,,,,,,,,,,,,,,,,,,,,,,,,,,,,,,,,,,,,,,,,,,,,,,,,,,,,,,,,,,,,,,,,,,,,,,,,,,,,,,,,,
test,ovr_ego4d_test.csv,17631,test,ovr_ego4d_test.csv,17632,fb92d350-9bf9-4b16-8a1f-7858de276226_2171.9216.mp4,2,unknown,A person is rubbing their hands,30.0,0.0,10.0,6.53,7.0,196,210,196,203,203,210,,,,,,,,,,,,,,,,,,,,,,,,,,,,,,,,,,,,,,,,,,,,,,,,,,,,,,,,,,,,,,,,,,,,,,,,,,,,,,,,,,,,,,,,,,,,,,,,,,,,,,,,,,,,,,,,,,,,,,,,,,,,,,,,,,,,,,,,,,
test,ovr_ego4d_test.csv,17970,test,ovr_ego4d_test.csv,17971,277e93fa-11cf-416d-913d-a91fa82069c6_773.0448.mp4,3,unknown,A person is playing the piano,30.0,0.0,10.0,0.03,1.73,1,52,1,18,18,35,35,52,,,,,,,,,,,,,,,,,,,,,,,,,,,,,,,,,,,,,,,,,,,,,,,,,,,,,,,,,,,,,,,,,,,,,,,,,,,,,,,,,,,,,,,,,,,,,,,,,,,,,,,,,,,,,,,,,,,,,,,,,,,,,,,,,,,,,,,,
