split,video_id,kinetics_start,kinetics_end,kinetics_filename,expected_filename,youtube_url,reason
train,--65_UAU7ao,0,10,--65_UAU7ao_000000_000010,--65_UAU7ao_000000_000010.mp4,https://www.youtube.com/watch?v=--65_UAU7ao,yt-dlp failed: ERROR: [youtube] --65_UAU7ao: This video is unavailable
train,-8k3AnXTBD8,47,57,-8k3AnXTBD8_000047_000057,-8k3AnXTBD8_000047_000057.mp4,https://www.youtube.com/watch?v=-8k3AnXTBD8,yt-dlp failed: ERROR: [youtube] -8k3AnXTBD8: Private video
train,-GtfRmuezys,42,52,-GtfRmuezys_000042_000052,-GtfRmuezys_000042_000052.mp4,https://www.youtube.com/watch?v=-GtfRmuezys,yt-dlp failed: ERROR: ffmpeg exited with code 1
test,-H0CGyBB_-0,1,11,-H0CGyBB_-0_000001_000011,-H0CGyBB_-0_000001_000011.mp4,https://www.youtube.com/watch?v=-H0CGyBB_-0,yt-dlp failed: ERROR: [youtube] -H0CGyBB_-0: This video is unavailable
test,-TqDatJyuPc,123,133,-TqDatJyuPc_000123_000133,-TqDatJyuPc_000123_000133.mp4,https://www.youtube.com/watch?v=-TqDatJyuPc,yt-dlp failed: ERROR: [youtube] -TqDatJyuPc: This video is unavailable
test,-WNLlknmYFw,1,11,-WNLlknmYFw_000001_000011,-WNLlknmYFw_000001_000011.mp4,https://www.youtube.com/watch?v=-WNLlknmYFw,yt-dlp failed: ERROR: [youtube] -WNLlknmYFw: Private video
train,-WTRl_h5XKg,118,128,-WTRl_h5XKg_000118_000128,-WTRl_h5XKg_000118_000128.mp4,https://www.youtube.com/watch?v=-WTRl_h5XKg,yt-dlp failed: ERROR: ffmpeg exited with code 1
train,-ZL_323pxvk,119,129,-ZL_323pxvk_000119_000129,-ZL_323pxvk_000119_000129.mp4,https://www.youtube.com/watch?v=-ZL_323pxvk,yt-dlp failed: ERROR: ffmpeg exited with code 1
train,0AG1T0yRt9U,90,100,0AG1T0yRt9U_000090_000100,0AG1T0yRt9U_000090_000100.mp4,https://www.youtube.com/watch?v=0AG1T0yRt9U,yt-dlp failed: ERROR: ffmpeg exited with code 1
train,0CcBSsbQvFg,0,10,0CcBSsbQvFg_000000_000010,0CcBSsbQvFg_000000_000010.mp4,https://www.youtube.com/watch?v=0CcBSsbQvFg,yt-dlp failed: ERROR: [youtube] 0CcBSsbQvFg: This video has been removed for violating YouTube's Terms of Service
train,0Gp99j2X6Pw,32,42,0Gp99j2X6Pw_000032_000042,0Gp99j2X6Pw_000032_000042.mp4,https://www.youtube.com/watch?v=0Gp99j2X6Pw,duration is 7.036s; expected approximately 10s (tolerance 2.5s)
train,0Ha4LtIs-4M,119,129,0Ha4LtIs-4M_000119_000129,0Ha4LtIs-4M_000119_000129.mp4,https://www.youtube.com/watch?v=0Ha4LtIs-4M,yt-dlp failed: ERROR: ffmpeg exited with code 1
train,0LjEtt9Nfx4,34,44,0LjEtt9Nfx4_000034_000044,0LjEtt9Nfx4_000034_000044.mp4,https://www.youtube.com/watch?v=0LjEtt9Nfx4,yt-dlp failed: ERROR: ffmpeg exited with code 1
train,0OLW-m1Elys,45,55,0OLW-m1Elys_000045_000055,0OLW-m1Elys_000045_000055.mp4,https://www.youtube.com/watch?v=0OLW-m1Elys,yt-dlp failed: ERROR: ffmpeg exited with code 1
train,0Q2sqxP7sZQ,128,138,0Q2sqxP7sZQ_000128_000138,0Q2sqxP7sZQ_000128_000138.mp4,https://www.youtube.com/watch?v=0Q2sqxP7sZQ,yt-dlp failed: ERROR: ffmpeg exited with code 1
train,0TVA21VNGts,79,89,0TVA21VNGts_000079_000089,0TVA21VNGts_000079_000089.mp4,https://www.youtube.com/watch?v=0TVA21VNGts,yt-dlp failed: ERROR: ffmpeg exited with code 1
test,0b8HfBAOW-o,0,10,0b8HfBAOW-o_000000_000010,0b8HfBAOW-o_000000_000010.mp4,https://www.youtube.com/watch?v=0b8HfBAOW-o,yt-dlp failed: ERROR: [youtube] 0b8HfBAOW-o: This video is unavailable
train,0ckGqSkH3aY,116,126,0ckGqSkH3aY_000116_000126,0ckGqSkH3aY_000116_000126.mp4,https://www.youtube.com/watch?v=0ckGqSkH3aY,yt-dlp failed: ERROR: ffmpeg exited with code 1
train,0eZMWre66M4,55,65,0eZMWre66M4_000055_000065,0eZMWre66M4_000055_000065.mp4,https://www.youtube.com/watch?v=0eZMWre66M4,yt-dlp failed: ERROR: ffmpeg exited with code 1
test,0gXF-9_ahOE,37,47,0gXF-9_ahOE_000037_000047,0gXF-9_ahOE_000037_000047.mp4,https://www.youtube.com/watch?v=0gXF-9_ahOE,yt-dlp failed: ERROR: [youtube] 0gXF-9_ahOE: Video unavailable
train,0hhwLMwIwWk,2,12,0hhwLMwIwWk_000002_000012,0hhwLMwIwWk_000002_000012.mp4,https://www.youtube.com/watch?v=0hhwLMwIwWk,duration is 5.027s; expected approximately 10s (tolerance 2.5s)
train,0mYnRW4Pzto,19,29,0mYnRW4Pzto_000019_000029,0mYnRW4Pzto_000019_000029.mp4,https://www.youtube.com/watch?v=0mYnRW4Pzto,yt-dlp failed: ERROR: [youtube] 0mYnRW4Pzto: Private video
train,0rvBA3Lk2eo,4,14,0rvBA3Lk2eo_000004_000014,0rvBA3Lk2eo_000004_000014.mp4,https://www.youtube.com/watch?v=0rvBA3Lk2eo,yt-dlp failed: ERROR: ffmpeg exited with code 1
test,0sNmy2iRK5U,130,140,0sNmy2iRK5U_000130_000140,0sNmy2iRK5U_000130_000140.mp4,https://www.youtube.com/watch?v=0sNmy2iRK5U,yt-dlp failed: ERROR: [youtube] 0sNmy2iRK5U: This video has been removed for violating YouTube's Terms of Service
test,0xDUk4eLMkE,30,40,0xDUk4eLMkE_000030_000040,0xDUk4eLMkE_000030_000040.mp4,https://www.youtube.com/watch?v=0xDUk4eLMkE,yt-dlp failed: ERROR: [youtube] 0xDUk4eLMkE: This video is unavailable
train,122texA_m_4,23,33,122texA_m_4_000023_000033,122texA_m_4_000023_000033.mp4,https://www.youtube.com/watch?v=122texA_m_4,yt-dlp failed: ERROR: ffmpeg exited with code 1
test,16oDNkiY0Ok,8,18,16oDNkiY0Ok_000008_000018,16oDNkiY0Ok_000008_000018.mp4,https://www.youtube.com/watch?v=16oDNkiY0Ok,yt-dlp failed: ERROR: [youtube] 16oDNkiY0Ok: Private video
train,177Wgc-EQJk,22,32,177Wgc-EQJk_000022_000032,177Wgc-EQJk_000022_000032.mp4,https://www.youtube.com/watch?v=177Wgc-EQJk,yt-dlp failed: ERROR: ffmpeg exited with code 1
test,1HfjEPgO9Xs,0,10,1HfjEPgO9Xs_000000_000010,1HfjEPgO9Xs_000000_000010.mp4,https://www.youtube.com/watch?v=1HfjEPgO9Xs,yt-dlp failed: ERROR: [youtube] 1HfjEPgO9Xs: Private video
test,1JFu6SZvFJM,31,41,1JFu6SZvFJM_000031_000041,1JFu6SZvFJM_000031_000041.mp4,https://www.youtube.com/watch?v=1JFu6SZvFJM,yt-dlp failed: ERROR: ffmpeg exited with code 1
test,1Q0TNo-9m10,55,65,1Q0TNo-9m10_000055_000065,1Q0TNo-9m10_000055_000065.mp4,https://www.youtube.com/watch?v=1Q0TNo-9m10,yt-dlp failed: ERROR: [youtube] 1Q0TNo-9m10: Private video
test,1RHlfdG1w8w,51,61,1RHlfdG1w8w_000051_000061,1RHlfdG1w8w_000051_000061.mp4,https://www.youtube.com/watch?v=1RHlfdG1w8w,yt-dlp failed: ERROR: [youtube] 1RHlfdG1w8w: Private video
train,1TC4Mx8FvRU,35,45,1TC4Mx8FvRU_000035_000045,1TC4Mx8FvRU_000035_000045.mp4,https://www.youtube.com/watch?v=1TC4Mx8FvRU,yt-dlp failed: ERROR: ffmpeg exited with code 1
test,1ZYZOHS2L94,9,19,1ZYZOHS2L94_000009_000019,1ZYZOHS2L94_000009_000019.mp4,https://www.youtube.com/watch?v=1ZYZOHS2L94,yt-dlp failed: ERROR: [youtube] 1ZYZOHS2L94: This video is unavailable
test,1cZil9VHtzs,10,20,1cZil9VHtzs_000010_000020,1cZil9VHtzs_000010_000020.mp4,https://www.youtube.com/watch?v=1cZil9VHtzs,yt-dlp failed: ERROR: [youtube] 1cZil9VHtzs: This video is not available
train,1d0-R_pKSZg,0,10,1d0-R_pKSZg_000000_000010,1d0-R_pKSZg_000000_000010.mp4,https://www.youtube.com/watch?v=1d0-R_pKSZg,yt-dlp failed: ERROR: [youtube] 1d0-R_pKSZg: This video is unavailable
test,1daQw1P7F2o,112,122,1daQw1P7F2o_000112_000122,1daQw1P7F2o_000112_000122.mp4,https://www.youtube.com/watch?v=1daQw1P7F2o,yt-dlp failed: ERROR: [youtube] 1daQw1P7F2o: Video unavailable
test,1gsKDXCoIgw,11,21,1gsKDXCoIgw_000011_000021,1gsKDXCoIgw_000011_000021.mp4,https://www.youtube.com/watch?v=1gsKDXCoIgw,yt-dlp failed: ERROR: [youtube] 1gsKDXCoIgw: Private video
test,1mSKxpEmbbo,38,48,1mSKxpEmbbo_000038_000048,1mSKxpEmbbo_000038_000048.mp4,https://www.youtube.com/watch?v=1mSKxpEmbbo,yt-dlp failed: ERROR: ffmpeg exited with code 1
train,1rfuNK1_ipk,275,285,1rfuNK1_ipk_000275_000285,1rfuNK1_ipk_000275_000285.mp4,https://www.youtube.com/watch?v=1rfuNK1_ipk,yt-dlp failed: ERROR: ffmpeg exited with code 1
test,22dCw3Y0Tx8,4,14,22dCw3Y0Tx8_000004_000014,22dCw3Y0Tx8_000004_000014.mp4,https://www.youtube.com/watch?v=22dCw3Y0Tx8,yt-dlp failed: ERROR: [youtube] 22dCw3Y0Tx8: This video is unavailable
test,23rH5lxQHo8,27,37,23rH5lxQHo8_000027_000037,23rH5lxQHo8_000027_000037.mp4,https://www.youtube.com/watch?v=23rH5lxQHo8,yt-dlp failed: ERROR: [youtube] 23rH5lxQHo8: This video is unavailable
train,2TC0LNlBJqE,28,38,2TC0LNlBJqE_000028_000038,2TC0LNlBJqE_000028_000038.mp4,https://www.youtube.com/watch?v=2TC0LNlBJqE,yt-dlp failed: ERROR: ffmpeg exited with code 1
test,2VK9_8vPQeg,23,33,2VK9_8vPQeg_000023_000033,2VK9_8vPQeg_000023_000033.mp4,https://www.youtube.com/watch?v=2VK9_8vPQeg,yt-dlp failed: ERROR: ffmpeg exited with code 1
train,2VMNiUtJ2mY,3,13,2VMNiUtJ2mY_000003_000013,2VMNiUtJ2mY_000003_000013.mp4,https://www.youtube.com/watch?v=2VMNiUtJ2mY,duration is 5.639s; expected approximately 10s (tolerance 2.5s)
test,2bteKO9bxj0,4,14,2bteKO9bxj0_000004_000014,2bteKO9bxj0_000004_000014.mp4,https://www.youtube.com/watch?v=2bteKO9bxj0,yt-dlp failed: ERROR: [youtube] 2bteKO9bxj0: Private video
test,2ieNUa3SBcg,4,14,2ieNUa3SBcg_000004_000014,2ieNUa3SBcg_000004_000014.mp4,https://www.youtube.com/watch?v=2ieNUa3SBcg,yt-dlp failed: ERROR: [youtube] 2ieNUa3SBcg: This video is unavailable
train,33Sb5clX1kU,49,59,33Sb5clX1kU_000049_000059,33Sb5clX1kU_000049_000059.mp4,https://www.youtube.com/watch?v=33Sb5clX1kU,yt-dlp failed: ERROR: ffmpeg exited with code 1
train,37BRxdkQu_o,50,60,37BRxdkQu_o_000050_000060,37BRxdkQu_o_000050_000060.mp4,https://www.youtube.com/watch?v=37BRxdkQu_o,yt-dlp failed: ERROR: ffmpeg exited with code 1
train,393hVY7pxHw,21,31,393hVY7pxHw_000021_000031,393hVY7pxHw_000021_000031.mp4,https://www.youtube.com/watch?v=393hVY7pxHw,yt-dlp failed: ERROR: ffmpeg exited with code 1
train,3KB7l9vakic,85,95,3KB7l9vakic_000085_000095,3KB7l9vakic_000085_000095.mp4,https://www.youtube.com/watch?v=3KB7l9vakic,yt-dlp failed: ERROR: ffmpeg exited with code 1
test,3MiRAnfskRA,17,27,3MiRAnfskRA_000017_000027,3MiRAnfskRA_000017_000027.mp4,https://www.youtube.com/watch?v=3MiRAnfskRA,yt-dlp failed: ERROR: [youtube] 3MiRAnfskRA: This video is unavailable
test,3QJ99458W4c,0,10,3QJ99458W4c_000000_000010,3QJ99458W4c_000000_000010.mp4,https://www.youtube.com/watch?v=3QJ99458W4c,yt-dlp failed: ERROR: [youtube] 3QJ99458W4c: Private video
train,3R0KIDzX1SI,54,64,3R0KIDzX1SI_000054_000064,3R0KIDzX1SI_000054_000064.mp4,https://www.youtube.com/watch?v=3R0KIDzX1SI,yt-dlp failed: ERROR: ffmpeg exited with code 1
train,3V0FICZwVCk,7,17,3V0FICZwVCk_000007_000017,3V0FICZwVCk_000007_000017.mp4,https://www.youtube.com/watch?v=3V0FICZwVCk,yt-dlp failed: ERROR: [youtube] 3V0FICZwVCk: Private video
train,3iNTdJuNOVE,16,26,3iNTdJuNOVE_000016_000026,3iNTdJuNOVE_000016_000026.mp4,https://www.youtube.com/watch?v=3iNTdJuNOVE,yt-dlp failed: ERROR: ffmpeg exited with code 1
train,3qjHjdVHxyk,202,212,3qjHjdVHxyk_000202_000212,3qjHjdVHxyk_000202_000212.mp4,https://www.youtube.com/watch?v=3qjHjdVHxyk,yt-dlp failed: ERROR: ffmpeg exited with code 1
train,3wkiquZ_P1A,27,37,3wkiquZ_P1A_000027_000037,3wkiquZ_P1A_000027_000037.mp4,https://www.youtube.com/watch?v=3wkiquZ_P1A,yt-dlp failed: ERROR: ffmpeg exited with code 1
test,42zkI-r5YNw,0,10,42zkI-r5YNw_000000_000010,42zkI-r5YNw_000000_000010.mp4,https://www.youtube.com/watch?v=42zkI-r5YNw,yt-dlp failed: ERROR: [youtube] 42zkI-r5YNw: Private video
test,49qWAad6VTA,0,10,49qWAad6VTA_000000_000010,49qWAad6VTA_000000_000010.mp4,https://www.youtube.com/watch?v=49qWAad6VTA,yt-dlp failed: ERROR: [youtube] 49qWAad6VTA: Private video
test,4HyiPLHQhAU,99,109,4HyiPLHQhAU_000099_000109,4HyiPLHQhAU_000099_000109.mp4,https://www.youtube.com/watch?v=4HyiPLHQhAU,yt-dlp failed: ERROR: [youtube] 4HyiPLHQhAU: This video is unavailable
train,4KCp6UjWiXQ,250,260,4KCp6UjWiXQ_000250_000260,4KCp6UjWiXQ_000250_000260.mp4,https://www.youtube.com/watch?v=4KCp6UjWiXQ,yt-dlp failed: ERROR: [youtube] 4KCp6UjWiXQ: Private video
train,4O7BakbzqRE,5,15,4O7BakbzqRE_000005_000015,4O7BakbzqRE_000005_000015.mp4,https://www.youtube.com/watch?v=4O7BakbzqRE,yt-dlp failed: ERROR: ffmpeg exited with code 1
train,4R8xgUM3ba0,7,17,4R8xgUM3ba0_000007_000017,4R8xgUM3ba0_000007_000017.mp4,https://www.youtube.com/watch?v=4R8xgUM3ba0,yt-dlp failed: ERROR: [youtube] 4R8xgUM3ba0: Video unavailable
test,4U0kvUHoXhY,99,109,4U0kvUHoXhY_000099_000109,4U0kvUHoXhY_000099_000109.mp4,https://www.youtube.com/watch?v=4U0kvUHoXhY,yt-dlp failed: ERROR: [youtube] 4U0kvUHoXhY: Private video
train,4dloJkmJdRY,9,19,4dloJkmJdRY_000009_000019,4dloJkmJdRY_000009_000019.mp4,https://www.youtube.com/watch?v=4dloJkmJdRY,yt-dlp failed: ERROR: [youtube] 4dloJkmJdRY: Private video
train,4s6xVt9PPIM,71,81,4s6xVt9PPIM_000071_000081,4s6xVt9PPIM_000071_000081.mp4,https://www.youtube.com/watch?v=4s6xVt9PPIM,yt-dlp failed: ERROR: ffmpeg exited with code 1
train,4zl3h-ycfXo,11,21,4zl3h-ycfXo_000011_000021,4zl3h-ycfXo_000011_000021.mp4,https://www.youtube.com/watch?v=4zl3h-ycfXo,yt-dlp failed: ERROR: [youtube] 4zl3h-ycfXo: Please sign in. Use --cookies-from-browser or --cookies for the authentication. See https://github.com/yt-dlp/yt-dlp/wiki/FAQ#how-do-i-pass-cookies-to-yt-dlp for how to manually pass cookies. Also see https://github.com/yt-dlp/yt-dlp/wiki/Extractors#exporting-youtube-cookies for tips on effectively exporting YouTube cookies
train,5-QfgUKYP0k,63,73,5-QfgUKYP0k_000063_000073,5-QfgUKYP0k_000063_000073.mp4,https://www.youtube.com/watch?v=5-QfgUKYP0k,yt-dlp failed: ERROR: ffmpeg exited with code 1
test,56bX8XmRWBo,275,285,56bX8XmRWBo_000275_000285,56bX8XmRWBo_000275_000285.mp4,https://www.youtube.com/watch?v=56bX8XmRWBo,yt-dlp failed: ERROR: [youtube] 56bX8XmRWBo: Private video
test,57wnvU6ua4g,28,38,57wnvU6ua4g_000028_000038,57wnvU6ua4g_000028_000038.mp4,https://www.youtube.com/watch?v=57wnvU6ua4g,yt-dlp failed: ERROR: [youtube] 57wnvU6ua4g: This video has been removed for violating YouTube's Community Guidelines
train,5B6kJaxZ-l8,92,102,5B6kJaxZ-l8_000092_000102,5B6kJaxZ-l8_000092_000102.mp4,https://www.youtube.com/watch?v=5B6kJaxZ-l8,yt-dlp failed: ERROR: ffmpeg exited with code 1
test,5GU6ogzDfhs,39,49,5GU6ogzDfhs_000039_000049,5GU6ogzDfhs_000039_000049.mp4,https://www.youtube.com/watch?v=5GU6ogzDfhs,yt-dlp failed: ERROR: [youtube] 5GU6ogzDfhs: This video has been removed for violating YouTube's Terms of Service
test,5HaV79ZGmRI,0,10,5HaV79ZGmRI_000000_000010,5HaV79ZGmRI_000000_000010.mp4,https://www.youtube.com/watch?v=5HaV79ZGmRI,yt-dlp failed: ERROR: [youtube] 5HaV79ZGmRI: Private video
train,5Png8tylSDk,5,15,5Png8tylSDk_000005_000015,5Png8tylSDk_000005_000015.mp4,https://www.youtube.com/watch?v=5Png8tylSDk,yt-dlp failed: ERROR: ffmpeg exited with code 1
test,5Qpc8Tpm03c,5,15,5Qpc8Tpm03c_000005_000015,5Qpc8Tpm03c_000005_000015.mp4,https://www.youtube.com/watch?v=5Qpc8Tpm03c,yt-dlp failed: ERROR: [youtube] 5Qpc8Tpm03c: This video is unavailable
test,5QsmBvEV9eI,28,38,5QsmBvEV9eI_000028_000038,5QsmBvEV9eI_000028_000038.mp4,https://www.youtube.com/watch?v=5QsmBvEV9eI,yt-dlp failed: ERROR: [youtube] 5QsmBvEV9eI: Private video
train,5Xa1diXrZ14,2,12,5Xa1diXrZ14_000002_000012,5Xa1diXrZ14_000002_000012.mp4,https://www.youtube.com/watch?v=5Xa1diXrZ14,yt-dlp failed: ERROR: [youtube] 5Xa1diXrZ14: Private video
train,5gcntrSK8m4,51,61,5gcntrSK8m4_000051_000061,5gcntrSK8m4_000051_000061.mp4,https://www.youtube.com/watch?v=5gcntrSK8m4,yt-dlp failed: ERROR: ffmpeg exited with code 1
train,5hlkIMEqstk,67,77,5hlkIMEqstk_000067_000077,5hlkIMEqstk_000067_000077.mp4,https://www.youtube.com/watch?v=5hlkIMEqstk,yt-dlp failed: ERROR: ffmpeg exited with code 1
train,5jIIgZ_nrcE,64,74,5jIIgZ_nrcE_000064_000074,5jIIgZ_nrcE_000064_000074.mp4,https://www.youtube.com/watch?v=5jIIgZ_nrcE,yt-dlp failed: ERROR: ffmpeg exited with code 1
train,5kyCnrfo1dg,8,18,5kyCnrfo1dg_000008_000018,5kyCnrfo1dg_000008_000018.mp4,https://www.youtube.com/watch?v=5kyCnrfo1dg,duration is 0.863s; expected approximately 10s (tolerance 2.5s)
test,5ycjUXl9JAM,11,21,5ycjUXl9JAM_000011_000021,5ycjUXl9JAM_000011_000021.mp4,https://www.youtube.com/watch?v=5ycjUXl9JAM,yt-dlp failed: ERROR: [youtube] 5ycjUXl9JAM: Video unavailable
test,68rSbZosJz0,84,94,68rSbZosJz0_000084_000094,68rSbZosJz0_000084_000094.mp4,https://www.youtube.com/watch?v=68rSbZosJz0,yt-dlp failed: ERROR: [youtube] 68rSbZosJz0: This video has been removed for violating YouTube's Terms of Service
train,69aAzRzPUfk,49,59,69aAzRzPUfk_000049_000059,69aAzRzPUfk_000049_000059.mp4,https://www.youtube.com/watch?v=69aAzRzPUfk,yt-dlp failed: ERROR: [youtube] 69aAzRzPUfk: Please sign in. Use --cookies-from-browser or --cookies for the authentication. See https://github.com/yt-dlp/yt-dlp/wiki/FAQ#how-do-i-pass-cookies-to-yt-dlp for how to manually pass cookies. Also see https://github.com/yt-dlp/yt-dlp/wiki/Extractors#exporting-youtube-cookies for tips on effectively exporting YouTube cookies
test,6EVgBrzpqr0,4,14,6EVgBrzpqr0_000004_000014,6EVgBrzpqr0_000004_000014.mp4,https://www.youtube.com/watch?v=6EVgBrzpqr0,yt-dlp failed: ERROR: [youtube] 6EVgBrzpqr0: This video is unavailable
train,6GZPVfofQ2c,74,84,6GZPVfofQ2c_000074_000084,6GZPVfofQ2c_000074_000084.mp4,https://www.youtube.com/watch?v=6GZPVfofQ2c,yt-dlp failed: ERROR: ffmpeg exited with code 1
train,6j3CrVQsW3A,87,97,6j3CrVQsW3A_000087_000097,6j3CrVQsW3A_000087_000097.mp4,https://www.youtube.com/watch?v=6j3CrVQsW3A,yt-dlp failed: ERROR: ffmpeg exited with code 1
train,6mAK1u90BPE,0,10,6mAK1u90BPE_000000_000010,6mAK1u90BPE_000000_000010.mp4,https://www.youtube.com/watch?v=6mAK1u90BPE,yt-dlp failed: ERROR: [youtube] 6mAK1u90BPE: This video is unavailable
train,6vSxpNUlSYU,0,10,6vSxpNUlSYU_000000_000010,6vSxpNUlSYU_000000_000010.mp4,https://www.youtube.com/watch?v=6vSxpNUlSYU,duration is 6.700s; expected approximately 10s (tolerance 2.5s)
train,78UtcvyeTnc,47,57,78UtcvyeTnc_000047_000057,78UtcvyeTnc_000047_000057.mp4,https://www.youtube.com/watch?v=78UtcvyeTnc,yt-dlp failed: ERROR: ffmpeg exited with code 1
train,794nYWCgEOI,348,358,794nYWCgEOI_000348_000358,794nYWCgEOI_000348_000358.mp4,https://www.youtube.com/watch?v=794nYWCgEOI,yt-dlp failed: ERROR: ffmpeg exited with code 1
train,7FO4D58mENc,30,40,7FO4D58mENc_000030_000040,7FO4D58mENc_000030_000040.mp4,https://www.youtube.com/watch?v=7FO4D58mENc,yt-dlp failed: ERROR: ffmpeg exited with code 1
test,7GXWTAcRFxw,35,45,7GXWTAcRFxw_000035_000045,7GXWTAcRFxw_000035_000045.mp4,https://www.youtube.com/watch?v=7GXWTAcRFxw,yt-dlp failed: ERROR: ffmpeg exited with code 1
test,7NwmTneNmvY,93,103,7NwmTneNmvY_000093_000103,7NwmTneNmvY_000093_000103.mp4,https://www.youtube.com/watch?v=7NwmTneNmvY,yt-dlp failed: ERROR: [youtube] 7NwmTneNmvY: Private video
train,7i6ttTxfbyA,53,63,7i6ttTxfbyA_000053_000063,7i6ttTxfbyA_000053_000063.mp4,https://www.youtube.com/watch?v=7i6ttTxfbyA,yt-dlp failed: ERROR: ffmpeg exited with code 1
train,7j13Tljq-kA,21,31,7j13Tljq-kA_000021_000031,7j13Tljq-kA_000021_000031.mp4,https://www.youtube.com/watch?v=7j13Tljq-kA,yt-dlp failed: ERROR: ffmpeg exited with code 1
train,7j1d-VGkwYM,172,182,7j1d-VGkwYM_000172_000182,7j1d-VGkwYM_000172_000182.mp4,https://www.youtube.com/watch?v=7j1d-VGkwYM,yt-dlp failed: ERROR: ffmpeg exited with code 1
train,7jEB5_BnzjE,55,65,7jEB5_BnzjE_000055_000065,7jEB5_BnzjE_000055_000065.mp4,https://www.youtube.com/watch?v=7jEB5_BnzjE,yt-dlp failed: ERROR: ffmpeg exited with code 1
train,7qlOB8izWVg,65,75,7qlOB8izWVg_000065_000075,7qlOB8izWVg_000065_000075.mp4,https://www.youtube.com/watch?v=7qlOB8izWVg,yt-dlp failed: ERROR: [youtube] 7qlOB8izWVg: Private video
train,7wkVZ7Velx4,128,138,7wkVZ7Velx4_000128_000138,7wkVZ7Velx4_000128_000138.mp4,https://www.youtube.com/watch?v=7wkVZ7Velx4,yt-dlp failed: ERROR: [youtube] 7wkVZ7Velx4: Private video
train,8YBhc_MGBRk,2,12,8YBhc_MGBRk_000002_000012,8YBhc_MGBRk_000002_000012.mp4,https://www.youtube.com/watch?v=8YBhc_MGBRk,yt-dlp failed: ERROR: [youtube] 8YBhc_MGBRk: Private video
train,8_xnqCd7t80,2,12,8_xnqCd7t80_000002_000012,8_xnqCd7t80_000002_000012.mp4,https://www.youtube.com/watch?v=8_xnqCd7t80,duration is 5.560s; expected approximately 10s (tolerance 2.5s)
train,8u9GUtevbZo,45,55,8u9GUtevbZo_000045_000055,8u9GUtevbZo_000045_000055.mp4,https://www.youtube.com/watch?v=8u9GUtevbZo,yt-dlp failed: ERROR: ffmpeg exited with code 1
train,8x9rty5TpC8,25,35,8x9rty5TpC8_000025_000035,8x9rty5TpC8_000025_000035.mp4,https://www.youtube.com/watch?v=8x9rty5TpC8,yt-dlp failed: ERROR: [youtube] 8x9rty5TpC8: Please sign in. Use --cookies-from-browser or --cookies for the authentication. See https://github.com/yt-dlp/yt-dlp/wiki/FAQ#how-do-i-pass-cookies-to-yt-dlp for how to manually pass cookies. Also see https://github.com/yt-dlp/yt-dlp/wiki/Extractors#exporting-youtube-cookies for tips on effectively exporting YouTube cookies
train,96rvT8LhoyQ,0,10,96rvT8LhoyQ_000000_000010,96rvT8LhoyQ_000000_000010.mp4,https://www.youtube.com/watch?v=96rvT8LhoyQ,yt-dlp failed: ERROR: [youtube] 96rvT8LhoyQ: This video is unavailable
test,9NQ1EeEEaHA,157,167,9NQ1EeEEaHA_000157_000167,9NQ1EeEEaHA_000157_000167.mp4,https://www.youtube.com/watch?v=9NQ1EeEEaHA,yt-dlp failed: ERROR: [youtube] 9NQ1EeEEaHA: Private video
test,9Njd6e97fiI,9,19,9Njd6e97fiI_000009_000019,9Njd6e97fiI_000009_000019.mp4,https://www.youtube.com/watch?v=9Njd6e97fiI,yt-dlp failed: ERROR: [youtube] 9Njd6e97fiI: Private video
train,9juUNsdnZmI,88,98,9juUNsdnZmI_000088_000098,9juUNsdnZmI_000088_000098.mp4,https://www.youtube.com/watch?v=9juUNsdnZmI,yt-dlp failed: ERROR: ffmpeg exited with code 1
train,9n47CwR0xkQ,34,44,9n47CwR0xkQ_000034_000044,9n47CwR0xkQ_000034_000044.mp4,https://www.youtube.com/watch?v=9n47CwR0xkQ,yt-dlp failed: ERROR: ffmpeg exited with code 1
train,9vJvCg9q2Lo,10,20,9vJvCg9q2Lo_000010_000020,9vJvCg9q2Lo_000010_000020.mp4,https://www.youtube.com/watch?v=9vJvCg9q2Lo,yt-dlp failed: ERROR: [youtube] 9vJvCg9q2Lo: This video is unavailable
train,A4OUisttXyU,85,95,A4OUisttXyU_000085_000095,A4OUisttXyU_000085_000095.mp4,https://www.youtube.com/watch?v=A4OUisttXyU,yt-dlp failed: ERROR: ffmpeg exited with code 1
test,AA2d9sfyc6A,80,90,AA2d9sfyc6A_000080_000090,AA2d9sfyc6A_000080_000090.mp4,https://www.youtube.com/watch?v=AA2d9sfyc6A,yt-dlp failed: ERROR: [youtube] AA2d9sfyc6A: Private video
train,AHwJMCXiM60,27,37,AHwJMCXiM60_000027_000037,AHwJMCXiM60_000027_000037.mp4,https://www.youtube.com/watch?v=AHwJMCXiM60,yt-dlp failed: ERROR: ffmpeg exited with code 1
train,AIM95az_AAo,3,13,AIM95az_AAo_000003_000013,AIM95az_AAo_000003_000013.mp4,https://www.youtube.com/watch?v=AIM95az_AAo,yt-dlp failed: ERROR: ffmpeg exited with code 1
test,ARXbI_18MUs,132,142,ARXbI_18MUs_000132_000142,ARXbI_18MUs_000132_000142.mp4,https://www.youtube.com/watch?v=ARXbI_18MUs,yt-dlp failed: ERROR: [youtube] ARXbI_18MUs: Video unavailable
train,ATJjDcQnlHo,31,41,ATJjDcQnlHo_000031_000041,ATJjDcQnlHo_000031_000041.mp4,https://www.youtube.com/watch?v=ATJjDcQnlHo,yt-dlp failed: ERROR: [youtube] ATJjDcQnlHo: Private video
train,AYoqgGYudd0,64,74,AYoqgGYudd0_000064_000074,AYoqgGYudd0_000064_000074.mp4,https://www.youtube.com/watch?v=AYoqgGYudd0,yt-dlp failed: ERROR: ffmpeg exited with code 1
train,AgKVrlV138U,604,614,AgKVrlV138U_000604_000614,AgKVrlV138U_000604_000614.mp4,https://www.youtube.com/watch?v=AgKVrlV138U,yt-dlp failed: ERROR: ffmpeg exited with code 1
train,AiStLCoxW7I,139,149,AiStLCoxW7I_000139_000149,AiStLCoxW7I_000139_000149.mp4,https://www.youtube.com/watch?v=AiStLCoxW7I,yt-dlp failed: ERROR: [youtube] AiStLCoxW7I: Private video
train,Akwdggv-91g,38,48,Akwdggv-91g_000038_000048,Akwdggv-91g_000038_000048.mp4,https://www.youtube.com/watch?v=Akwdggv-91g,yt-dlp failed: ERROR: ffmpeg exited with code 1
train,ArsLzvCfAFM,0,10,ArsLzvCfAFM_000000_000010,ArsLzvCfAFM_000000_000010.mp4,https://www.youtube.com/watch?v=ArsLzvCfAFM,yt-dlp failed: ERROR: [youtube] ArsLzvCfAFM: This video is unavailable
test,B-D_Hg4k5lI,112,122,B-D_Hg4k5lI_000112_000122,B-D_Hg4k5lI_000112_000122.mp4,https://www.youtube.com/watch?v=B-D_Hg4k5lI,yt-dlp failed: ERROR: [youtube] B-D_Hg4k5lI: This video is unavailable
test,B4UepBRvOJ8,623,633,B4UepBRvOJ8_000623_000633,B4UepBRvOJ8_000623_000633.mp4,https://www.youtube.com/watch?v=B4UepBRvOJ8,yt-dlp failed: ERROR: [youtube] B4UepBRvOJ8: This video is unavailable
train,B5YSsqF2FRA,14,24,B5YSsqF2FRA_000014_000024,B5YSsqF2FRA_000014_000024.mp4,https://www.youtube.com/watch?v=B5YSsqF2FRA,yt-dlp failed: ERROR: [youtube] B5YSsqF2FRA: This video is unavailable
train,B9E7LUDwpb8,17,27,B9E7LUDwpb8_000017_000027,B9E7LUDwpb8_000017_000027.mp4,https://www.youtube.com/watch?v=B9E7LUDwpb8,yt-dlp failed: ERROR: [youtube] B9E7LUDwpb8: This video has been removed for violating YouTube's Terms of Service
train,BDSWjwjXYNM,99,109,BDSWjwjXYNM_000099_000109,BDSWjwjXYNM_000099_000109.mp4,https://www.youtube.com/watch?v=BDSWjwjXYNM,yt-dlp failed: ERROR: ffmpeg exited with code 1
train,BJajtOIhywk,55,65,BJajtOIhywk_000055_000065,BJajtOIhywk_000055_000065.mp4,https://www.youtube.com/watch?v=BJajtOIhywk,yt-dlp failed: ERROR: ffmpeg exited with code 1
train,BNB_2OX8vcI,15,25,BNB_2OX8vcI_000015_000025,BNB_2OX8vcI_000015_000025.mp4,https://www.youtube.com/watch?v=BNB_2OX8vcI,yt-dlp failed: ERROR: ffmpeg exited with code 1
train,BP5RQQI8CEg,167,177,BP5RQQI8CEg_000167_000177,BP5RQQI8CEg_000167_000177.mp4,https://www.youtube.com/watch?v=BP5RQQI8CEg,yt-dlp failed: ERROR: ffmpeg exited with code 1
train,Bb3XvyTEkNE,111,121,Bb3XvyTEkNE_000111_000121,Bb3XvyTEkNE_000111_000121.mp4,https://www.youtube.com/watch?v=Bb3XvyTEkNE,yt-dlp failed: ERROR: ffmpeg exited with code 1
test,Bc7LM63ByRY,25,35,Bc7LM63ByRY_000025_000035,Bc7LM63ByRY_000025_000035.mp4,https://www.youtube.com/watch?v=Bc7LM63ByRY,yt-dlp failed: ERROR: [youtube] Bc7LM63ByRY: This video is unavailable
train,Bd-S-ZsC81Y,77,87,Bd-S-ZsC81Y_000077_000087,Bd-S-ZsC81Y_000077_000087.mp4,https://www.youtube.com/watch?v=Bd-S-ZsC81Y,yt-dlp failed: ERROR: ffmpeg exited with code 1
train,BlPgNmpLoF8,3,13,BlPgNmpLoF8_000003_000013,BlPgNmpLoF8_000003_000013.mp4,https://www.youtube.com/watch?v=BlPgNmpLoF8,duration is 4.572s; expected approximately 10s (tolerance 2.5s)
train,BvfYgPe2F28,5,15,BvfYgPe2F28_000005_000015,BvfYgPe2F28_000005_000015.mp4,https://www.youtube.com/watch?v=BvfYgPe2F28,yt-dlp failed: ERROR: [youtube] BvfYgPe2F28: Please sign in. Use --cookies-from-browser or --cookies for the authentication. See https://github.com/yt-dlp/yt-dlp/wiki/FAQ#how-do-i-pass-cookies-to-yt-dlp for how to manually pass cookies. Also see https://github.com/yt-dlp/yt-dlp/wiki/Extractors#exporting-youtube-cookies for tips on effectively exporting YouTube cookies
train,BvjDYKFngfo,21,31,BvjDYKFngfo_000021_000031,BvjDYKFngfo_000021_000031.mp4,https://www.youtube.com/watch?v=BvjDYKFngfo,duration is 7.100s; expected approximately 10s (tolerance 2.5s)
train,Bw_MIVvvhUU,165,175,Bw_MIVvvhUU_000165_000175,Bw_MIVvvhUU_000165_000175.mp4,https://www.youtube.com/watch?v=Bw_MIVvvhUU,yt-dlp failed: ERROR: ffmpeg exited with code 1
train,Bystz_9D4NA,110,120,Bystz_9D4NA_000110_000120,Bystz_9D4NA_000110_000120.mp4,https://www.youtube.com/watch?v=Bystz_9D4NA,yt-dlp failed: ERROR: [youtube] Bystz_9D4NA: Private video
train,C7eF-MQdX1E,97,107,C7eF-MQdX1E_000097_000107,C7eF-MQdX1E_000097_000107.mp4,https://www.youtube.com/watch?v=C7eF-MQdX1E,yt-dlp failed: ERROR: ffmpeg exited with code 1
train,CMl8WAGBjqM,53,63,CMl8WAGBjqM_000053_000063,CMl8WAGBjqM_000053_000063.mp4,https://www.youtube.com/watch?v=CMl8WAGBjqM,yt-dlp failed: ERROR: ffmpeg exited with code 1
train,CVTjcwVXRX0,16,26,CVTjcwVXRX0_000016_000026,CVTjcwVXRX0_000016_000026.mp4,https://www.youtube.com/watch?v=CVTjcwVXRX0,yt-dlp failed: ERROR: [youtube] CVTjcwVXRX0: This video is unavailable
test,CxqCgU0r7C4,29,39,CxqCgU0r7C4_000029_000039,CxqCgU0r7C4_000029_000039.mp4,https://www.youtube.com/watch?v=CxqCgU0r7C4,yt-dlp failed: ERROR: [youtube] CxqCgU0r7C4: Private video
train,D2n5DwJJEv8,32,42,D2n5DwJJEv8_000032_000042,D2n5DwJJEv8_000032_000042.mp4,https://www.youtube.com/watch?v=D2n5DwJJEv8,yt-dlp failed: ERROR: ffmpeg exited with code 1
train,D5Ge91h0XZw,38,48,D5Ge91h0XZw_000038_000048,D5Ge91h0XZw_000038_000048.mp4,https://www.youtube.com/watch?v=D5Ge91h0XZw,yt-dlp failed: ERROR: ffmpeg exited with code 1
train,D8Q5kF1Qg6g,4,14,D8Q5kF1Qg6g_000004_000014,D8Q5kF1Qg6g_000004_000014.mp4,https://www.youtube.com/watch?v=D8Q5kF1Qg6g,duration is 5.934s; expected approximately 10s (tolerance 2.5s)
train,D8mXeYw2Yms,6,16,D8mXeYw2Yms_000006_000016,D8mXeYw2Yms_000006_000016.mp4,https://www.youtube.com/watch?v=D8mXeYw2Yms,yt-dlp failed: ERROR: [youtube] D8mXeYw2Yms: Private video
train,DIqmvoEjWPY,21,31,DIqmvoEjWPY_000021_000031,DIqmvoEjWPY_000021_000031.mp4,https://www.youtube.com/watch?v=DIqmvoEjWPY,yt-dlp failed: ERROR: ffmpeg exited with code 1
train,DKLl6jfqSHY,2,12,DKLl6jfqSHY_000002_000012,DKLl6jfqSHY_000002_000012.mp4,https://www.youtube.com/watch?v=DKLl6jfqSHY,yt-dlp failed: ERROR: [youtube] DKLl6jfqSHY: Private video
train,DM04Cl3Vs88,47,57,DM04Cl3Vs88_000047_000057,DM04Cl3Vs88_000047_000057.mp4,https://www.youtube.com/watch?v=DM04Cl3Vs88,yt-dlp failed: ERROR: [youtube] DM04Cl3Vs88: Video unavailable
train,DVyLVSV8lHo,28,38,DVyLVSV8lHo_000028_000038,DVyLVSV8lHo_000028_000038.mp4,https://www.youtube.com/watch?v=DVyLVSV8lHo,yt-dlp failed: ERROR: ffmpeg exited with code 1
test,DeX_Nz5NR8s,58,68,DeX_Nz5NR8s_000058_000068,DeX_Nz5NR8s_000058_000068.mp4,https://www.youtube.com/watch?v=DeX_Nz5NR8s,yt-dlp failed: ERROR: [youtube] DeX_Nz5NR8s: Video unavailable
train,DldIniWqsi8,44,54,DldIniWqsi8_000044_000054,DldIniWqsi8_000044_000054.mp4,https://www.youtube.com/watch?v=DldIniWqsi8,yt-dlp failed: ERROR: [youtube] DldIniWqsi8: Private video
train,DpDyuhF6Alc,160,170,DpDyuhF6Alc_000160_000170,DpDyuhF6Alc_000160_000170.mp4,https://www.youtube.com/watch?v=DpDyuhF6Alc,yt-dlp failed: ERROR: ffmpeg exited with code 1
train,Dq4sUCCmNt8,96,106,Dq4sUCCmNt8_000096_000106,Dq4sUCCmNt8_000096_000106.mp4,https://www.youtube.com/watch?v=Dq4sUCCmNt8,yt-dlp failed: ERROR: ffmpeg exited with code 1
train,E5A5JfS5wwk,78,88,E5A5JfS5wwk_000078_000088,E5A5JfS5wwk_000078_000088.mp4,https://www.youtube.com/watch?v=E5A5JfS5wwk,yt-dlp failed: ERROR: ffmpeg exited with code 1
test,E5i8IvTgw94,16,26,E5i8IvTgw94_000016_000026,E5i8IvTgw94_000016_000026.mp4,https://www.youtube.com/watch?v=E5i8IvTgw94,yt-dlp failed: ERROR: ffmpeg exited with code 1
train,EPrFE7JnpIc,0,10,EPrFE7JnpIc_000000_000010,EPrFE7JnpIc_000000_000010.mp4,https://www.youtube.com/watch?v=EPrFE7JnpIc,yt-dlp failed: ERROR: [youtube] EPrFE7JnpIc: Please sign in. Use --cookies-from-browser or --cookies for the authentication. See https://github.com/yt-dlp/yt-dlp/wiki/FAQ#how-do-i-pass-cookies-to-yt-dlp for how to manually pass cookies. Also see https://github.com/yt-dlp/yt-dlp/wiki/Extractors#exporting-youtube-cookies for tips on effectively exporting YouTube cookies
train,ETo6wgt7i2k,173,183,ETo6wgt7i2k_000173_000183,ETo6wgt7i2k_000173_000183.mp4,https://www.youtube.com/watch?v=ETo6wgt7i2k,yt-dlp failed: ERROR: ffmpeg exited with code 1
train,EbJzz0LiIOs,112,122,EbJzz0LiIOs_000112_000122,EbJzz0LiIOs_000112_000122.mp4,https://www.youtube.com/watch?v=EbJzz0LiIOs,yt-dlp failed: ERROR: ffmpeg exited with code 1
train,Eeqcp42rIGs,5,15,Eeqcp42rIGs_000005_000015,Eeqcp42rIGs_000005_000015.mp4,https://www.youtube.com/watch?v=Eeqcp42rIGs,yt-dlp failed: ERROR: [youtube] Eeqcp42rIGs: Private video
train,EjPrThkKK-s,199,209,EjPrThkKK-s_000199_000209,EjPrThkKK-s_000199_000209.mp4,https://www.youtube.com/watch?v=EjPrThkKK-s,yt-dlp failed: ERROR: ffmpeg exited with code 1
train,ExytqJAxFY8,175,185,ExytqJAxFY8_000175_000185,ExytqJAxFY8_000175_000185.mp4,https://www.youtube.com/watch?v=ExytqJAxFY8,yt-dlp failed: ERROR: ffmpeg exited with code 1
train,F8FbDUOz9_E,51,61,F8FbDUOz9_E_000051_000061,F8FbDUOz9_E_000051_000061.mp4,https://www.youtube.com/watch?v=F8FbDUOz9_E,yt-dlp failed: ERROR: ffmpeg exited with code 1
train,F8OZK_eVmFI,1,11,F8OZK_eVmFI_000001_000011,F8OZK_eVmFI_000001_000011.mp4,https://www.youtube.com/watch?v=F8OZK_eVmFI,yt-dlp failed: ERROR: [youtube] F8OZK_eVmFI: This video is unavailable
train,FAWz-xuPa7s,0,10,FAWz-xuPa7s_000000_000010,FAWz-xuPa7s_000000_000010.mp4,https://www.youtube.com/watch?v=FAWz-xuPa7s,yt-dlp failed: ERROR: [youtube] FAWz-xuPa7s: Please sign in. Use --cookies-from-browser or --cookies for the authentication. See https://github.com/yt-dlp/yt-dlp/wiki/FAQ#how-do-i-pass-cookies-to-yt-dlp for how to manually pass cookies. Also see https://github.com/yt-dlp/yt-dlp/wiki/Extractors#exporting-youtube-cookies for tips on effectively exporting YouTube cookies
train,FB8nG3ZA00o,25,35,FB8nG3ZA00o_000025_000035,FB8nG3ZA00o_000025_000035.mp4,https://www.youtube.com/watch?v=FB8nG3ZA00o,yt-dlp failed: ERROR: ffmpeg exited with code 1
train,FLY2D2gE0qs,605,615,FLY2D2gE0qs_000605_000615,FLY2D2gE0qs_000605_000615.mp4,https://www.youtube.com/watch?v=FLY2D2gE0qs,yt-dlp failed: ERROR: ffmpeg exited with code 1
train,FZlKNfUZebE,5,15,FZlKNfUZebE_000005_000015,FZlKNfUZebE_000005_000015.mp4,https://www.youtube.com/watch?v=FZlKNfUZebE,duration is 7.108s; expected approximately 10s (tolerance 2.5s)
train,FhKksKvUI18,0,10,FhKksKvUI18_000000_000010,FhKksKvUI18_000000_000010.mp4,https://www.youtube.com/watch?v=FhKksKvUI18,yt-dlp failed: ERROR: [youtube] FhKksKvUI18: This video is unavailable
train,Fs8reB-9Md8,13,23,Fs8reB-9Md8_000013_000023,Fs8reB-9Md8_000013_000023.mp4,https://www.youtube.com/watch?v=Fs8reB-9Md8,yt-dlp failed: ERROR: ffmpeg exited with code 1
test,Fy_QkQTpL7w,3,13,Fy_QkQTpL7w_000003_000013,Fy_QkQTpL7w_000003_000013.mp4,https://www.youtube.com/watch?v=Fy_QkQTpL7w,yt-dlp failed: ERROR: [youtube] Fy_QkQTpL7w: This video is unavailable
train,G2VDpiErX6s,72,82,G2VDpiErX6s_000072_000082,G2VDpiErX6s_000072_000082.mp4,https://www.youtube.com/watch?v=G2VDpiErX6s,yt-dlp failed: ERROR: ffmpeg exited with code 1
train,G3nFC74iIOI,819,829,G3nFC74iIOI_000819_000829,G3nFC74iIOI_000819_000829.mp4,https://www.youtube.com/watch?v=G3nFC74iIOI,yt-dlp failed: ERROR: ffmpeg exited with code 1
train,G9i6nyErAgE,278,288,G9i6nyErAgE_000278_000288,G9i6nyErAgE_000278_000288.mp4,https://www.youtube.com/watch?v=G9i6nyErAgE,yt-dlp failed: ERROR: [youtube] G9i6nyErAgE: Private video
train,GBKkhCC_RB0,36,46,GBKkhCC_RB0_000036_000046,GBKkhCC_RB0_000036_000046.mp4,https://www.youtube.com/watch?v=GBKkhCC_RB0,yt-dlp failed: ERROR: [youtube] GBKkhCC_RB0: Private video
train,GF0kdOyBnVo,75,85,GF0kdOyBnVo_000075_000085,GF0kdOyBnVo_000075_000085.mp4,https://www.youtube.com/watch?v=GF0kdOyBnVo,yt-dlp failed: ERROR: ffmpeg exited with code 1
test,GKlxDd0g8sI,1249,1259,GKlxDd0g8sI_001249_001259,GKlxDd0g8sI_001249_001259.mp4,https://www.youtube.com/watch?v=GKlxDd0g8sI,yt-dlp failed: ERROR: [youtube] GKlxDd0g8sI: Video unavailable
train,Gi6RLG69BFE,26,36,Gi6RLG69BFE_000026_000036,Gi6RLG69BFE_000026_000036.mp4,https://www.youtube.com/watch?v=Gi6RLG69BFE,yt-dlp failed: ERROR: ffmpeg exited with code 1
train,GlWwojATv5k,528,538,GlWwojATv5k_000528_000538,GlWwojATv5k_000528_000538.mp4,https://www.youtube.com/watch?v=GlWwojATv5k,yt-dlp failed: ERROR: [youtube] GlWwojATv5k: Sign in to confirm your age. Use --cookies-from-browser or --cookies for the authentication. See https://github.com/yt-dlp/yt-dlp/wiki/FAQ#how-do-i-pass-cookies-to-yt-dlp for how to manually pass cookies. Also see https://github.com/yt-dlp/yt-dlp/wiki/Extractors#exporting-youtube-cookies for tips on effectively exporting YouTube cookies
train,GnpA2OBbuIM,0,10,GnpA2OBbuIM_000000_000010,GnpA2OBbuIM_000000_000010.mp4,https://www.youtube.com/watch?v=GnpA2OBbuIM,yt-dlp failed: ERROR: ffmpeg exited with code 1
train,GsMWkccaAKQ,27,37,GsMWkccaAKQ_000027_000037,GsMWkccaAKQ_000027_000037.mp4,https://www.youtube.com/watch?v=GsMWkccaAKQ,yt-dlp failed: ERROR: [youtube] GsMWkccaAKQ: This video has been removed for violating YouTube's Terms of Service
train,H-vWDzgC_Xc,10,20,H-vWDzgC_Xc_000010_000020,H-vWDzgC_Xc_000010_000020.mp4,https://www.youtube.com/watch?v=H-vWDzgC_Xc,yt-dlp failed: ERROR: [youtube] H-vWDzgC_Xc: Please sign in. Use --cookies-from-browser or --cookies for the authentication. See https://github.com/yt-dlp/yt-dlp/wiki/FAQ#how-do-i-pass-cookies-to-yt-dlp for how to manually pass cookies. Also see https://github.com/yt-dlp/yt-dlp/wiki/Extractors#exporting-youtube-cookies for tips on effectively exporting YouTube cookies
train,HEOKCsGF-CY,22,32,HEOKCsGF-CY_000022_000032,HEOKCsGF-CY_000022_000032.mp4,https://www.youtube.com/watch?v=HEOKCsGF-CY,yt-dlp failed: ERROR: ffmpeg exited with code 1
train,HLftb2xvrqM,26,36,HLftb2xvrqM_000026_000036,HLftb2xvrqM_000026_000036.mp4,https://www.youtube.com/watch?v=HLftb2xvrqM,yt-dlp failed: ERROR: ffmpeg exited with code 1
train,HbG8X_PHcvs,36,46,HbG8X_PHcvs_000036_000046,HbG8X_PHcvs_000036_000046.mp4,https://www.youtube.com/watch?v=HbG8X_PHcvs,yt-dlp failed: ERROR: ffmpeg exited with code 1
test,Hd--aidLKcM,20,30,Hd--aidLKcM_000020_000030,Hd--aidLKcM_000020_000030.mp4,https://www.youtube.com/watch?v=Hd--aidLKcM,yt-dlp failed: ERROR: [youtube] Hd--aidLKcM: Private video
train,HdJO0vQX7q0,121,131,HdJO0vQX7q0_000121_000131,HdJO0vQX7q0_000121_000131.mp4,https://www.youtube.com/watch?v=HdJO0vQX7q0,yt-dlp failed: ERROR: ffmpeg exited with code 1
train,HqDD2PHO03M,12,22,HqDD2PHO03M_000012_000022,HqDD2PHO03M_000012_000022.mp4,https://www.youtube.com/watch?v=HqDD2PHO03M,yt-dlp failed: ERROR: [youtube] HqDD2PHO03M: Private video
train,HqZCDjQaV3Y,14,24,HqZCDjQaV3Y_000014_000024,HqZCDjQaV3Y_000014_000024.mp4,https://www.youtube.com/watch?v=HqZCDjQaV3Y,duration is 6.434s; expected approximately 10s (tolerance 2.5s)
train,HytyY6-U2Cs,62,72,HytyY6-U2Cs_000062_000072,HytyY6-U2Cs_000062_000072.mp4,https://www.youtube.com/watch?v=HytyY6-U2Cs,yt-dlp failed: ERROR: [youtube] HytyY6-U2Cs: This video is unavailable
test,IABY1L3IvEY,26,36,IABY1L3IvEY_000026_000036,IABY1L3IvEY_000026_000036.mp4,https://www.youtube.com/watch?v=IABY1L3IvEY,yt-dlp failed: ERROR: [youtube] IABY1L3IvEY: Private video
test,IBZ0DV86tWE,1,11,IBZ0DV86tWE_000001_000011,IBZ0DV86tWE_000001_000011.mp4,https://www.youtube.com/watch?v=IBZ0DV86tWE,yt-dlp failed: ERROR: [youtube] IBZ0DV86tWE: Please sign in. Use --cookies-from-browser or --cookies for the authentication. See https://github.com/yt-dlp/yt-dlp/wiki/FAQ#how-do-i-pass-cookies-to-yt-dlp for how to manually pass cookies. Also see https://github.com/yt-dlp/yt-dlp/wiki/Extractors#exporting-youtube-cookies for tips on effectively exporting YouTube cookies
train,IEidzT4MEMk,117,127,IEidzT4MEMk_000117_000127,IEidzT4MEMk_000117_000127.mp4,https://www.youtube.com/watch?v=IEidzT4MEMk,yt-dlp failed: ERROR: ffmpeg exited with code 1
train,IJ9uN6i7th0,63,73,IJ9uN6i7th0_000063_000073,IJ9uN6i7th0_000063_000073.mp4,https://www.youtube.com/watch?v=IJ9uN6i7th0,yt-dlp failed: ERROR: ffmpeg exited with code 1
train,IaCe4XY5zqs,196,206,IaCe4XY5zqs_000196_000206,IaCe4XY5zqs_000196_000206.mp4,https://www.youtube.com/watch?v=IaCe4XY5zqs,yt-dlp failed: ERROR: ffmpeg exited with code 1
train,IkTXnQ-Dp-E,38,48,IkTXnQ-Dp-E_000038_000048,IkTXnQ-Dp-E_000038_000048.mp4,https://www.youtube.com/watch?v=IkTXnQ-Dp-E,yt-dlp failed: ERROR: ffmpeg exited with code 1
train,Iqc9sDu_zKE,12,22,Iqc9sDu_zKE_000012_000022,Iqc9sDu_zKE_000012_000022.mp4,https://www.youtube.com/watch?v=Iqc9sDu_zKE,yt-dlp failed: ERROR: ffmpeg exited with code 1
train,J0JlTvflyjM,192,202,J0JlTvflyjM_000192_000202,J0JlTvflyjM_000192_000202.mp4,https://www.youtube.com/watch?v=J0JlTvflyjM,yt-dlp failed: ERROR: ffmpeg exited with code 1
train,J2V1i3xbA-A,0,10,J2V1i3xbA-A_000000_000010,J2V1i3xbA-A_000000_000010.mp4,https://www.youtube.com/watch?v=J2V1i3xbA-A,yt-dlp failed: ERROR: ffmpeg exited with code 1
train,J5h8YLfXQus,24,34,J5h8YLfXQus_000024_000034,J5h8YLfXQus_000024_000034.mp4,https://www.youtube.com/watch?v=J5h8YLfXQus,yt-dlp failed: ERROR: [youtube] J5h8YLfXQus: This video is not available
train,JHaKNZ98p_Y,107,117,JHaKNZ98p_Y_000107_000117,JHaKNZ98p_Y_000107_000117.mp4,https://www.youtube.com/watch?v=JHaKNZ98p_Y,yt-dlp failed: ERROR: ffmpeg exited with code 1
train,JQu6cUHQTpI,220,230,JQu6cUHQTpI_000220_000230,JQu6cUHQTpI_000220_000230.mp4,https://www.youtube.com/watch?v=JQu6cUHQTpI,yt-dlp failed: ERROR: ffmpeg exited with code 1
train,JiHaOoW05o0,86,96,JiHaOoW05o0_000086_000096,JiHaOoW05o0_000086_000096.mp4,https://www.youtube.com/watch?v=JiHaOoW05o0,yt-dlp failed: ERROR: ffmpeg exited with code 1
train,Jn6i6-wH4WY,52,62,Jn6i6-wH4WY_000052_000062,Jn6i6-wH4WY_000052_000062.mp4,https://www.youtube.com/watch?v=Jn6i6-wH4WY,yt-dlp failed: ERROR: ffmpeg exited with code 1
train,K13Ex42I6XI,4,14,K13Ex42I6XI_000004_000014,K13Ex42I6XI_000004_000014.mp4,https://www.youtube.com/watch?v=K13Ex42I6XI,yt-dlp failed: ERROR: [youtube] K13Ex42I6XI: Private video
train,K5dW31XCRCA,26,36,K5dW31XCRCA_000026_000036,K5dW31XCRCA_000026_000036.mp4,https://www.youtube.com/watch?v=K5dW31XCRCA,yt-dlp failed: ERROR: [youtube] K5dW31XCRCA: Private video
train,KODgB416W00,315,325,KODgB416W00_000315_000325,KODgB416W00_000315_000325.mp4,https://www.youtube.com/watch?v=KODgB416W00,yt-dlp failed: ERROR: ffmpeg exited with code 1
train,KPp3UonlpY0,731,741,KPp3UonlpY0_000731_000741,KPp3UonlpY0_000731_000741.mp4,https://www.youtube.com/watch?v=KPp3UonlpY0,yt-dlp failed: ERROR: [youtube] KPp3UonlpY0: Private video
train,KTt523FY7MI,0,10,KTt523FY7MI_000000_000010,KTt523FY7MI_000000_000010.mp4,https://www.youtube.com/watch?v=KTt523FY7MI,yt-dlp failed: ERROR: ffmpeg exited with code 1
test,Kho3dRvTkmc,34,44,Kho3dRvTkmc_000034_000044,Kho3dRvTkmc_000034_000044.mp4,https://www.youtube.com/watch?v=Kho3dRvTkmc,yt-dlp failed: ERROR: [youtube] Kho3dRvTkmc: Private video
train,L0U6VyXM7i8,144,154,L0U6VyXM7i8_000144_000154,L0U6VyXM7i8_000144_000154.mp4,https://www.youtube.com/watch?v=L0U6VyXM7i8,yt-dlp failed: ERROR: ffmpeg exited with code 1
train,L8bee5aEgBA,252,262,L8bee5aEgBA_000252_000262,L8bee5aEgBA_000252_000262.mp4,https://www.youtube.com/watch?v=L8bee5aEgBA,yt-dlp failed: ERROR: ffmpeg exited with code 1
train,LYx8gIjoAS8,227,237,LYx8gIjoAS8_000227_000237,LYx8gIjoAS8_000227_000237.mp4,https://www.youtube.com/watch?v=LYx8gIjoAS8,yt-dlp failed: ERROR: ffmpeg exited with code 1
train,LZ8M1_YELDE,153,163,LZ8M1_YELDE_000153_000163,LZ8M1_YELDE_000153_000163.mp4,https://www.youtube.com/watch?v=LZ8M1_YELDE,yt-dlp failed: ERROR: ffmpeg exited with code 1
train,M6DZ0Dca17w,77,87,M6DZ0Dca17w_000077_000087,M6DZ0Dca17w_000077_000087.mp4,https://www.youtube.com/watch?v=M6DZ0Dca17w,yt-dlp failed: ERROR: ffmpeg exited with code 1
train,M8N0F2a85D8,58,68,M8N0F2a85D8_000058_000068,M8N0F2a85D8_000058_000068.mp4,https://www.youtube.com/watch?v=M8N0F2a85D8,yt-dlp failed: ERROR: [youtube] M8N0F2a85D8: This video is unavailable
train,MDFmkkk0ny8,275,285,MDFmkkk0ny8_000275_000285,MDFmkkk0ny8_000275_000285.mp4,https://www.youtube.com/watch?v=MDFmkkk0ny8,yt-dlp failed: ERROR: [youtube] MDFmkkk0ny8: This video is not available
train,MFC3rk_OId0,46,56,MFC3rk_OId0_000046_000056,MFC3rk_OId0_000046_000056.mp4,https://www.youtube.com/watch?v=MFC3rk_OId0,yt-dlp failed: ERROR: ffmpeg exited with code 1
train,MWzd-lfW21A,30,40,MWzd-lfW21A_000030_000040,MWzd-lfW21A_000030_000040.mp4,https://www.youtube.com/watch?v=MWzd-lfW21A,yt-dlp failed: ERROR: ffmpeg exited with code 1
train,McoEW-L6Frc,14,24,McoEW-L6Frc_000014_000024,McoEW-L6Frc_000014_000024.mp4,https://www.youtube.com/watch?v=McoEW-L6Frc,yt-dlp failed: ERROR: [youtube] McoEW-L6Frc: This video is unavailable
train,Md5FUiXOeQw,168,178,Md5FUiXOeQw_000168_000178,Md5FUiXOeQw_000168_000178.mp4,https://www.youtube.com/watch?v=Md5FUiXOeQw,yt-dlp failed: ERROR: [youtube] Md5FUiXOeQw: This video is not available
train,MidGzY5U5j4,25,35,MidGzY5U5j4_000025_000035,MidGzY5U5j4_000025_000035.mp4,https://www.youtube.com/watch?v=MidGzY5U5j4,yt-dlp failed: ERROR: [youtube] MidGzY5U5j4: Private video
train,NBMVGHRo4Zs,2,12,NBMVGHRo4Zs_000002_000012,NBMVGHRo4Zs_000002_000012.mp4,https://www.youtube.com/watch?v=NBMVGHRo4Zs,duration is 6.534s; expected approximately 10s (tolerance 2.5s)
train,NGIHzgTCjho,150,160,NGIHzgTCjho_000150_000160,NGIHzgTCjho_000150_000160.mp4,https://www.youtube.com/watch?v=NGIHzgTCjho,yt-dlp failed: ERROR: ffmpeg exited with code 1
train,N_Jm9uRlWlE,123,133,N_Jm9uRlWlE_000123_000133,N_Jm9uRlWlE_000123_000133.mp4,https://www.youtube.com/watch?v=N_Jm9uRlWlE,yt-dlp failed: ERROR: ffmpeg exited with code 1
train,Nr3FcuYJJBI,28,38,Nr3FcuYJJBI_000028_000038,Nr3FcuYJJBI_000028_000038.mp4,https://www.youtube.com/watch?v=Nr3FcuYJJBI,yt-dlp failed: ERROR: [youtube] Nr3FcuYJJBI: This video is unavailable
train,O-t_rqyKJTQ,39,49,O-t_rqyKJTQ_000039_000049,O-t_rqyKJTQ_000039_000049.mp4,https://www.youtube.com/watch?v=O-t_rqyKJTQ,yt-dlp failed: ERROR: ffmpeg exited with code 1
train,OAvWq3UHZ_o,109,119,OAvWq3UHZ_o_000109_000119,OAvWq3UHZ_o_000109_000119.mp4,https://www.youtube.com/watch?v=OAvWq3UHZ_o,yt-dlp failed: ERROR: [youtube] OAvWq3UHZ_o: Sign in to confirm your age. Use --cookies-from-browser or --cookies for the authentication. See https://github.com/yt-dlp/yt-dlp/wiki/FAQ#how-do-i-pass-cookies-to-yt-dlp for how to manually pass cookies. Also see https://github.com/yt-dlp/yt-dlp/wiki/Extractors#exporting-youtube-cookies for tips on effectively exporting YouTube cookies
train,OhcNYoonpc0,3,13,OhcNYoonpc0_000003_000013,OhcNYoonpc0_000003_000013.mp4,https://www.youtube.com/watch?v=OhcNYoonpc0,yt-dlp failed: ERROR: [youtube] OhcNYoonpc0: This video is not available
train,OiEvl_d5u9s,10,20,OiEvl_d5u9s_000010_000020,OiEvl_d5u9s_000010_000020.mp4,https://www.youtube.com/watch?v=OiEvl_d5u9s,yt-dlp failed: ERROR: [youtube] OiEvl_d5u9s: Sign in to confirm your age. Use --cookies-from-browser or --cookies for the authentication. See https://github.com/yt-dlp/yt-dlp/wiki/FAQ#how-do-i-pass-cookies-to-yt-dlp for how to manually pass cookies. Also see https://github.com/yt-dlp/yt-dlp/wiki/Extractors#exporting-youtube-cookies for tips on effectively exporting YouTube cookies
train,OkPWKi5tFSA,8,18,OkPWKi5tFSA_000008_000018,OkPWKi5tFSA_000008_000018.mp4,https://www.youtube.com/watch?v=OkPWKi5tFSA,yt-dlp failed: ERROR: ffmpeg exited with code 1
train,PFISl6mVwtk,45,55,PFISl6mVwtk_000045_000055,PFISl6mVwtk_000045_000055.mp4,https://www.youtube.com/watch?v=PFISl6mVwtk,duration is 7.000s; expected approximately 10s (tolerance 2.5s)
train,PJfdfwfJ-CA,60,70,PJfdfwfJ-CA_000060_000070,PJfdfwfJ-CA_000060_000070.mp4,https://www.youtube.com/watch?v=PJfdfwfJ-CA,yt-dlp failed: ERROR: ffmpeg exited with code 1
train,POGqStjMI60,49,59,POGqStjMI60_000049_000059,POGqStjMI60_000049_000059.mp4,https://www.youtube.com/watch?v=POGqStjMI60,yt-dlp failed: ERROR: ffmpeg exited with code 1
train,PU9urxFmX7Y,5,15,PU9urxFmX7Y_000005_000015,PU9urxFmX7Y_000005_000015.mp4,https://www.youtube.com/watch?v=PU9urxFmX7Y,yt-dlp failed: ERROR: [youtube] PU9urxFmX7Y: Please sign in. Use --cookies-from-browser or --cookies for the authentication. See https://github.com/yt-dlp/yt-dlp/wiki/FAQ#how-do-i-pass-cookies-to-yt-dlp for how to manually pass cookies. Also see https://github.com/yt-dlp/yt-dlp/wiki/Extractors#exporting-youtube-cookies for tips on effectively exporting YouTube cookies
train,PagVojz4-qk,106,116,PagVojz4-qk_000106_000116,PagVojz4-qk_000106_000116.mp4,https://www.youtube.com/watch?v=PagVojz4-qk,yt-dlp failed: ERROR: ffmpeg exited with code 1
train,Q7Fj9FqdrY4,67,77,Q7Fj9FqdrY4_000067_000077,Q7Fj9FqdrY4_000067_000077.mp4,https://www.youtube.com/watch?v=Q7Fj9FqdrY4,yt-dlp failed: ERROR: [youtube] Q7Fj9FqdrY4: Private video
train,QAslwc8grt0,66,76,QAslwc8grt0_000066_000076,QAslwc8grt0_000066_000076.mp4,https://www.youtube.com/watch?v=QAslwc8grt0,yt-dlp failed: ERROR: [youtube] QAslwc8grt0: Private video
train,QJa9li6U3JU,295,305,QJa9li6U3JU_000295_000305,QJa9li6U3JU_000295_000305.mp4,https://www.youtube.com/watch?v=QJa9li6U3JU,yt-dlp failed: ERROR: ffmpeg exited with code 1
train,QUK06KcDupA,28,38,QUK06KcDupA_000028_000038,QUK06KcDupA_000028_000038.mp4,https://www.youtube.com/watch?v=QUK06KcDupA,yt-dlp failed: ERROR: ffmpeg exited with code 1
train,QYLzDEJT28A,163,173,QYLzDEJT28A_000163_000173,QYLzDEJT28A_000163_000173.mp4,https://www.youtube.com/watch?v=QYLzDEJT28A,yt-dlp failed: ERROR: ffmpeg exited with code 1
train,QeeLq2V6XjI,23,33,QeeLq2V6XjI_000023_000033,QeeLq2V6XjI_000023_000033.mp4,https://www.youtube.com/watch?v=QeeLq2V6XjI,yt-dlp failed: ERROR: ffmpeg exited with code 1
train,QnLf7XvC7Fs,10,20,QnLf7XvC7Fs_000010_000020,QnLf7XvC7Fs_000010_000020.mp4,https://www.youtube.com/watch?v=QnLf7XvC7Fs,yt-dlp failed: ERROR: ffmpeg exited with code 1
train,QrMMaswiBdk,17,27,QrMMaswiBdk_000017_000027,QrMMaswiBdk_000017_000027.mp4,https://www.youtube.com/watch?v=QrMMaswiBdk,yt-dlp failed: ERROR: [youtube] QrMMaswiBdk: This video is unavailable
train,QwQLSZkdNdM,47,57,QwQLSZkdNdM_000047_000057,QwQLSZkdNdM_000047_000057.mp4,https://www.youtube.com/watch?v=QwQLSZkdNdM,yt-dlp failed: ERROR: ffmpeg exited with code 1
train,QwXIASOefuQ,7,17,QwXIASOefuQ_000007_000017,QwXIASOefuQ_000007_000017.mp4,https://www.youtube.com/watch?v=QwXIASOefuQ,yt-dlp failed: ERROR: [youtube] QwXIASOefuQ: Please sign in. Use --cookies-from-browser or --cookies for the authentication. See https://github.com/yt-dlp/yt-dlp/wiki/FAQ#how-do-i-pass-cookies-to-yt-dlp for how to manually pass cookies. Also see https://github.com/yt-dlp/yt-dlp/wiki/Extractors#exporting-youtube-cookies for tips on effectively exporting YouTube cookies
train,R0-uzZ6LNnI,265,275,R0-uzZ6LNnI_000265_000275,R0-uzZ6LNnI_000265_000275.mp4,https://www.youtube.com/watch?v=R0-uzZ6LNnI,yt-dlp failed: ERROR: ffmpeg exited with code 1
train,R98X4gBGuhg,88,98,R98X4gBGuhg_000088_000098,R98X4gBGuhg_000088_000098.mp4,https://www.youtube.com/watch?v=R98X4gBGuhg,yt-dlp failed: ERROR: ffmpeg exited with code 1
train,RavLI1kUqXk,8,18,RavLI1kUqXk_000008_000018,RavLI1kUqXk_000008_000018.mp4,https://www.youtube.com/watch?v=RavLI1kUqXk,yt-dlp failed: ERROR: [youtube] RavLI1kUqXk: This video is unavailable
test,Rb9_n7lOV64,26,36,Rb9_n7lOV64_000026_000036,Rb9_n7lOV64_000026_000036.mp4,https://www.youtube.com/watch?v=Rb9_n7lOV64,yt-dlp failed: ERROR: [youtube] Rb9_n7lOV64: Private video
train,RfW-KjOYXGE,9,19,RfW-KjOYXGE_000009_000019,RfW-KjOYXGE_000009_000019.mp4,https://www.youtube.com/watch?v=RfW-KjOYXGE,yt-dlp failed: ERROR: [youtube] RfW-KjOYXGE: Please sign in. Use --cookies-from-browser or --cookies for the authentication. See https://github.com/yt-dlp/yt-dlp/wiki/FAQ#how-do-i-pass-cookies-to-yt-dlp for how to manually pass cookies. Also see https://github.com/yt-dlp/yt-dlp/wiki/Extractors#exporting-youtube-cookies for tips on effectively exporting YouTube cookies
train,RkzDr7KZ-O0,53,63,RkzDr7KZ-O0_000053_000063,RkzDr7KZ-O0_000053_000063.mp4,https://www.youtube.com/watch?v=RkzDr7KZ-O0,yt-dlp failed: ERROR: ffmpeg exited with code 1
train,S0fgeMMy0Nk,57,67,S0fgeMMy0Nk_000057_000067,S0fgeMMy0Nk_000057_000067.mp4,https://www.youtube.com/watch?v=S0fgeMMy0Nk,yt-dlp failed: ERROR: ffmpeg exited with code 1
train,S2Rk68TY1qc,57,67,S2Rk68TY1qc_000057_000067,S2Rk68TY1qc_000057_000067.mp4,https://www.youtube.com/watch?v=S2Rk68TY1qc,yt-dlp failed: ERROR: ffmpeg exited with code 1
train,SSnFwDTeO9c,33,43,SSnFwDTeO9c_000033_000043,SSnFwDTeO9c_000033_000043.mp4,https://www.youtube.com/watch?v=SSnFwDTeO9c,yt-dlp failed: ERROR: ffmpeg exited with code 1
train,Sma-ydx49eQ,0,10,Sma-ydx49eQ_000000_000010,Sma-ydx49eQ_000000_000010.mp4,https://www.youtube.com/watch?v=Sma-ydx49eQ,yt-dlp failed: ERROR: ffmpeg exited with code 1
train,SxTAkfgQZYg,103,113,SxTAkfgQZYg_000103_000113,SxTAkfgQZYg_000103_000113.mp4,https://www.youtube.com/watch?v=SxTAkfgQZYg,yt-dlp failed: ERROR: ffmpeg exited with code 1
train,Szb9n6DUgGA,292,302,Szb9n6DUgGA_000292_000302,Szb9n6DUgGA_000292_000302.mp4,https://www.youtube.com/watch?v=Szb9n6DUgGA,yt-dlp failed: ERROR: ffmpeg exited with code 1
train,T0ST9vRjYS8,40,50,T0ST9vRjYS8_000040_000050,T0ST9vRjYS8_000040_000050.mp4,https://www.youtube.com/watch?v=T0ST9vRjYS8,yt-dlp failed: ERROR: [youtube] T0ST9vRjYS8: Please sign in. Use --cookies-from-browser or --cookies for the authentication. See https://github.com/yt-dlp/yt-dlp/wiki/FAQ#how-do-i-pass-cookies-to-yt-dlp for how to manually pass cookies. Also see https://github.com/yt-dlp/yt-dlp/wiki/Extractors#exporting-youtube-cookies for tips on effectively exporting YouTube cookies
train,T19o7VKeKvk,5,15,T19o7VKeKvk_000005_000015,T19o7VKeKvk_000005_000015.mp4,https://www.youtube.com/watch?v=T19o7VKeKvk,yt-dlp failed: ERROR: ffmpeg exited with code 1
train,T3Q10NrKG8k,145,155,T3Q10NrKG8k_000145_000155,T3Q10NrKG8k_000145_000155.mp4,https://www.youtube.com/watch?v=T3Q10NrKG8k,yt-dlp failed: ERROR: ffmpeg exited with code 1
train,TAeL3BMVUfU,7,17,TAeL3BMVUfU_000007_000017,TAeL3BMVUfU_000007_000017.mp4,https://www.youtube.com/watch?v=TAeL3BMVUfU,yt-dlp failed: ERROR: [youtube] TAeL3BMVUfU: Sign in to confirm your age. Use --cookies-from-browser or --cookies for the authentication. See https://github.com/yt-dlp/yt-dlp/wiki/FAQ#how-do-i-pass-cookies-to-yt-dlp for how to manually pass cookies. Also see https://github.com/yt-dlp/yt-dlp/wiki/Extractors#exporting-youtube-cookies for tips on effectively exporting YouTube cookies
train,TEcZdQBY1IQ,23,33,TEcZdQBY1IQ_000023_000033,TEcZdQBY1IQ_000023_000033.mp4,https://www.youtube.com/watch?v=TEcZdQBY1IQ,yt-dlp failed: ERROR: ffmpeg exited with code 1
test,TZH_bmi1E8Q,153,163,TZH_bmi1E8Q_000153_000163,TZH_bmi1E8Q_000153_000163.mp4,https://www.youtube.com/watch?v=TZH_bmi1E8Q,yt-dlp failed: ERROR: ffmpeg exited with code 1
train,Tig-JlMdNss,61,71,Tig-JlMdNss_000061_000071,Tig-JlMdNss_000061_000071.mp4,https://www.youtube.com/watch?v=Tig-JlMdNss,yt-dlp failed: ERROR: ffmpeg exited with code 1
train,TjY7wvB9XZE,0,10,TjY7wvB9XZE_000000_000010,TjY7wvB9XZE_000000_000010.mp4,https://www.youtube.com/watch?v=TjY7wvB9XZE,duration is 7.093s; expected approximately 10s (tolerance 2.5s)
train,UGSwVRU_MQ4,450,460,UGSwVRU_MQ4_000450_000460,UGSwVRU_MQ4_000450_000460.mp4,https://www.youtube.com/watch?v=UGSwVRU_MQ4,yt-dlp failed: ERROR: ffmpeg exited with code 1
train,UUiYOxNs7RA,3,13,UUiYOxNs7RA_000003_000013,UUiYOxNs7RA_000003_000013.mp4,https://www.youtube.com/watch?v=UUiYOxNs7RA,yt-dlp failed: ERROR: ffmpeg exited with code 1
train,Uxz8CZPsZbY,336,346,Uxz8CZPsZbY_000336_000346,Uxz8CZPsZbY_000336_000346.mp4,https://www.youtube.com/watch?v=Uxz8CZPsZbY,yt-dlp failed: ERROR: ffmpeg exited with code 1
train,V3RdM_Qf1CY,8,18,V3RdM_Qf1CY_000008_000018,V3RdM_Qf1CY_000008_000018.mp4,https://www.youtube.com/watch?v=V3RdM_Qf1CY,yt-dlp failed: ERROR: [youtube] V3RdM_Qf1CY: Private video
train,V3STr4plXGg,232,242,V3STr4plXGg_000232_000242,V3STr4plXGg_000232_000242.mp4,https://www.youtube.com/watch?v=V3STr4plXGg,yt-dlp failed: ERROR: ffmpeg exited with code 1
train,VByjMRVclos,84,94,VByjMRVclos_000084_000094,VByjMRVclos_000084_000094.mp4,https://www.youtube.com/watch?v=VByjMRVclos,yt-dlp failed: ERROR: [youtube] VByjMRVclos: Please sign in. Use --cookies-from-browser or --cookies for the authentication. See https://github.com/yt-dlp/yt-dlp/wiki/FAQ#how-do-i-pass-cookies-to-yt-dlp for how to manually pass cookies. Also see https://github.com/yt-dlp/yt-dlp/wiki/Extractors#exporting-youtube-cookies for tips on effectively exporting YouTube cookies
train,VERNxMkSmlc,26,36,VERNxMkSmlc_000026_000036,VERNxMkSmlc_000026_000036.mp4,https://www.youtube.com/watch?v=VERNxMkSmlc,yt-dlp failed: ERROR: [youtube] VERNxMkSmlc: This video is not available
train,VcKJtPnvvhE,2,12,VcKJtPnvvhE_000002_000012,VcKJtPnvvhE_000002_000012.mp4,https://www.youtube.com/watch?v=VcKJtPnvvhE,yt-dlp failed: ERROR: ffmpeg exited with code 1
train,WMn2dy1E14g,4,14,WMn2dy1E14g_000004_000014,WMn2dy1E14g_000004_000014.mp4,https://www.youtube.com/watch?v=WMn2dy1E14g,yt-dlp failed: ERROR: [youtube] WMn2dy1E14g: Private video
train,WW8ZG8lsciA,20,30,WW8ZG8lsciA_000020_000030,WW8ZG8lsciA_000020_000030.mp4,https://www.youtube.com/watch?v=WW8ZG8lsciA,yt-dlp failed: ERROR: ffmpeg exited with code 1
train,XUqjvy7kLZY,150,160,XUqjvy7kLZY_000150_000160,XUqjvy7kLZY_000150_000160.mp4,https://www.youtube.com/watch?v=XUqjvy7kLZY,yt-dlp failed: ERROR: ffmpeg exited with code 1
train,Xb5RmCnETL0,0,10,Xb5RmCnETL0_000000_000010,Xb5RmCnETL0_000000_000010.mp4,https://www.youtube.com/watch?v=Xb5RmCnETL0,yt-dlp failed: ERROR: ffmpeg exited with code 1
train,Xh7-rFGHYwU,77,87,Xh7-rFGHYwU_000077_000087,Xh7-rFGHYwU_000077_000087.mp4,https://www.youtube.com/watch?v=Xh7-rFGHYwU,yt-dlp failed: ERROR: [youtube] Xh7-rFGHYwU: This video is unavailable
train,YOddpF7Np2M,24,34,YOddpF7Np2M_000024_000034,YOddpF7Np2M_000024_000034.mp4,https://www.youtube.com/watch?v=YOddpF7Np2M,yt-dlp failed: ERROR: ffmpeg exited with code 1
train,YWVwDBOHAIY,10,20,YWVwDBOHAIY_000010_000020,YWVwDBOHAIY_000010_000020.mp4,https://www.youtube.com/watch?v=YWVwDBOHAIY,yt-dlp failed: ERROR: ffmpeg exited with code 1
train,YcqrLCVQnww,74,84,YcqrLCVQnww_000074_000084,YcqrLCVQnww_000074_000084.mp4,https://www.youtube.com/watch?v=YcqrLCVQnww,yt-dlp failed: ERROR: ffmpeg exited with code 1
train,Zd6-xVxN2NU,35,45,Zd6-xVxN2NU_000035_000045,Zd6-xVxN2NU_000035_000045.mp4,https://www.youtube.com/watch?v=Zd6-xVxN2NU,yt-dlp failed: ERROR: [youtube] Zd6-xVxN2NU: This video is unavailable
test,ZvgkdHOG50E,24,34,ZvgkdHOG50E_000024_000034,ZvgkdHOG50E_000024_000034.mp4,https://www.youtube.com/watch?v=ZvgkdHOG50E,yt-dlp failed: ERROR: [youtube] ZvgkdHOG50E: This video has been removed for violating YouTube's Terms of Service
train,_LzsvX5ZQls,69,79,_LzsvX5ZQls_000069_000079,_LzsvX5ZQls_000069_000079.mp4,https://www.youtube.com/watch?v=_LzsvX5ZQls,yt-dlp failed: ERROR: ffmpeg exited with code 1
train,_ujG14Akcac,33,43,_ujG14Akcac_000033_000043,_ujG14Akcac_000033_000043.mp4,https://www.youtube.com/watch?v=_ujG14Akcac,yt-dlp failed: ERROR: ffmpeg exited with code 1
train,a2qhVruUXS0,69,79,a2qhVruUXS0_000069_000079,a2qhVruUXS0_000069_000079.mp4,https://www.youtube.com/watch?v=a2qhVruUXS0,yt-dlp failed: ERROR: ffmpeg exited with code 1
test,a7EO9fUFG8I,6,16,a7EO9fUFG8I_000006_000016,a7EO9fUFG8I_000006_000016.mp4,https://www.youtube.com/watch?v=a7EO9fUFG8I,yt-dlp failed: ERROR: [youtube] a7EO9fUFG8I: Private video
train,a9PrSorcZ-Q,282,292,a9PrSorcZ-Q_000282_000292,a9PrSorcZ-Q_000282_000292.mp4,https://www.youtube.com/watch?v=a9PrSorcZ-Q,yt-dlp failed: ERROR: [youtube] a9PrSorcZ-Q: This video is not available
train,aa_fQvMY_00,1,11,aa_fQvMY_00_000001_000011,aa_fQvMY_00_000001_000011.mp4,https://www.youtube.com/watch?v=aa_fQvMY_00,yt-dlp failed: ERROR: ffmpeg exited with code 1
train,bAmsm0-mUVU,0,10,bAmsm0-mUVU_000000_000010,bAmsm0-mUVU_000000_000010.mp4,https://www.youtube.com/watch?v=bAmsm0-mUVU,yt-dlp failed: ERROR: [youtube] bAmsm0-mUVU: Private video
train,bG1upRmc218,12,22,bG1upRmc218_000012_000022,bG1upRmc218_000012_000022.mp4,https://www.youtube.com/watch?v=bG1upRmc218,yt-dlp failed: ERROR: [youtube] bG1upRmc218: This video is unavailable
train,bo63805EDRw,11,21,bo63805EDRw_000011_000021,bo63805EDRw_000011_000021.mp4,https://www.youtube.com/watch?v=bo63805EDRw,yt-dlp failed: ERROR: ffmpeg exited with code 1
test,bp2bkyziX54,13,23,bp2bkyziX54_000013_000023,bp2bkyziX54_000013_000023.mp4,https://www.youtube.com/watch?v=bp2bkyziX54,yt-dlp failed: ERROR: [youtube] bp2bkyziX54: This video is unavailable
train,bqvkUVDmVbI,20,30,bqvkUVDmVbI_000020_000030,bqvkUVDmVbI_000020_000030.mp4,https://www.youtube.com/watch?v=bqvkUVDmVbI,duration is 6.607s; expected approximately 10s (tolerance 2.5s)
test,bsDZoOi8mM4,69,79,bsDZoOi8mM4_000069_000079,bsDZoOi8mM4_000069_000079.mp4,https://www.youtube.com/watch?v=bsDZoOi8mM4,yt-dlp failed: ERROR: [youtube] bsDZoOi8mM4: Private video
train,c6ScBnbLCIs,58,68,c6ScBnbLCIs_000058_000068,c6ScBnbLCIs_000058_000068.mp4,https://www.youtube.com/watch?v=c6ScBnbLCIs,yt-dlp failed: ERROR: [youtube] c6ScBnbLCIs: Private video
train,cCZuFxAvGyk,855,865,cCZuFxAvGyk_000855_000865,cCZuFxAvGyk_000855_000865.mp4,https://www.youtube.com/watch?v=cCZuFxAvGyk,yt-dlp failed: ERROR: ffmpeg exited with code 1
test,cPo3wHqDGvU,1,11,cPo3wHqDGvU_000001_000011,cPo3wHqDGvU_000001_000011.mp4,https://www.youtube.com/watch?v=cPo3wHqDGvU,yt-dlp failed: ERROR: [youtube] cPo3wHqDGvU: This video has been removed for violating YouTube's Terms of Service
train,cQ7hedD1_T0,300,310,cQ7hedD1_T0_000300_000310,cQ7hedD1_T0_000300_000310.mp4,https://www.youtube.com/watch?v=cQ7hedD1_T0,yt-dlp failed: ERROR: ffmpeg exited with code 1
train,cSDWH5Ex5aA,56,66,cSDWH5Ex5aA_000056_000066,cSDWH5Ex5aA_000056_000066.mp4,https://www.youtube.com/watch?v=cSDWH5Ex5aA,yt-dlp failed: ERROR: ffmpeg exited with code 1
train,casDTQ0y60Y,72,82,casDTQ0y60Y_000072_000082,casDTQ0y60Y_000072_000082.mp4,https://www.youtube.com/watch?v=casDTQ0y60Y,yt-dlp failed: ERROR: ffmpeg exited with code 1
test,chtyfDHdgOo,19,29,chtyfDHdgOo_000019_000029,chtyfDHdgOo_000019_000029.mp4,https://www.youtube.com/watch?v=chtyfDHdgOo,yt-dlp failed: ERROR: [youtube] chtyfDHdgOo: Private video
train,ctmoyV99FVs,4,14,ctmoyV99FVs_000004_000014,ctmoyV99FVs_000004_000014.mp4,https://www.youtube.com/watch?v=ctmoyV99FVs,yt-dlp failed: ERROR: [youtube] ctmoyV99FVs: Private video
test,d4RBduekS9I,12,22,d4RBduekS9I_000012_000022,d4RBduekS9I_000012_000022.mp4,https://www.youtube.com/watch?v=d4RBduekS9I,yt-dlp failed: ERROR: [youtube] d4RBduekS9I: This video is unavailable
train,d6oLM4UdFcY,67,77,d6oLM4UdFcY_000067_000077,d6oLM4UdFcY_000067_000077.mp4,https://www.youtube.com/watch?v=d6oLM4UdFcY,yt-dlp failed: ERROR: ffmpeg exited with code 1
train,dMln92A3Quc,63,73,dMln92A3Quc_000063_000073,dMln92A3Quc_000063_000073.mp4,https://www.youtube.com/watch?v=dMln92A3Quc,yt-dlp failed: ERROR: ffmpeg exited with code 1
test,e-JyMr8rU80,0,10,e-JyMr8rU80_000000_000010,e-JyMr8rU80_000000_000010.mp4,https://www.youtube.com/watch?v=e-JyMr8rU80,yt-dlp failed: ERROR: [youtube] e-JyMr8rU80: This video is unavailable
train,e3Rg5LdppYU,30,40,e3Rg5LdppYU_000030_000040,e3Rg5LdppYU_000030_000040.mp4,https://www.youtube.com/watch?v=e3Rg5LdppYU,yt-dlp failed: ERROR: ffmpeg exited with code 1
train,e5DHaHKlYx8,82,92,e5DHaHKlYx8_000082_000092,e5DHaHKlYx8_000082_000092.mp4,https://www.youtube.com/watch?v=e5DHaHKlYx8,yt-dlp failed: ERROR: ffmpeg exited with code 1
train,e8RnVhK4ajs,150,160,e8RnVhK4ajs_000150_000160,e8RnVhK4ajs_000150_000160.mp4,https://www.youtube.com/watch?v=e8RnVhK4ajs,yt-dlp failed: ERROR: ffmpeg exited with code 1
train,eJGPOq-hMKw,4,14,eJGPOq-hMKw_000004_000014,eJGPOq-hMKw_000004_000014.mp4,https://www.youtube.com/watch?v=eJGPOq-hMKw,yt-dlp failed: ERROR: [youtube] eJGPOq-hMKw: Please sign in. Use --cookies-from-browser or --cookies for the authentication. See https://github.com/yt-dlp/yt-dlp/wiki/FAQ#how-do-i-pass-cookies-to-yt-dlp for how to manually pass cookies. Also see https://github.com/yt-dlp/yt-dlp/wiki/Extractors#exporting-youtube-cookies for tips on effectively exporting YouTube cookies
train,ePOrmh8TVcw,2,12,ePOrmh8TVcw_000002_000012,ePOrmh8TVcw_000002_000012.mp4,https://www.youtube.com/watch?v=ePOrmh8TVcw,duration is 6.000s; expected approximately 10s (tolerance 2.5s)
train,fGsTTC7fpyg,44,54,fGsTTC7fpyg_000044_000054,fGsTTC7fpyg_000044_000054.mp4,https://www.youtube.com/watch?v=fGsTTC7fpyg,yt-dlp failed: ERROR: ffmpeg exited with code 1
train,fo1u8bJGqGs,170,180,fo1u8bJGqGs_000170_000180,fo1u8bJGqGs_000170_000180.mp4,https://www.youtube.com/watch?v=fo1u8bJGqGs,yt-dlp failed: ERROR: ffmpeg exited with code 1
train,g-p9SUNjqTQ,0,10,g-p9SUNjqTQ_000000_000010,g-p9SUNjqTQ_000000_000010.mp4,https://www.youtube.com/watch?v=g-p9SUNjqTQ,duration is 6.941s; expected approximately 10s (tolerance 2.5s)
test,gMu05ihBi-s,12,22,gMu05ihBi-s_000012_000022,gMu05ihBi-s_000012_000022.mp4,https://www.youtube.com/watch?v=gMu05ihBi-s,yt-dlp failed: ERROR: [youtube] gMu05ihBi-s: Private video
train,gSGfjaO-XOE,34,44,gSGfjaO-XOE_000034_000044,gSGfjaO-XOE_000034_000044.mp4,https://www.youtube.com/watch?v=gSGfjaO-XOE,yt-dlp failed: ERROR: [youtube] gSGfjaO-XOE: Please sign in. Use --cookies-from-browser or --cookies for the authentication. See https://github.com/yt-dlp/yt-dlp/wiki/FAQ#how-do-i-pass-cookies-to-yt-dlp for how to manually pass cookies. Also see https://github.com/yt-dlp/yt-dlp/wiki/Extractors#exporting-youtube-cookies for tips on effectively exporting YouTube cookies
train,gV2QkdQGc_s,41,51,gV2QkdQGc_s_000041_000051,gV2QkdQGc_s_000041_000051.mp4,https://www.youtube.com/watch?v=gV2QkdQGc_s,yt-dlp failed: ERROR: [youtube] gV2QkdQGc_s: Private video
test,gaEf9xWVDwU,1013,1023,gaEf9xWVDwU_001013_001023,gaEf9xWVDwU_001013_001023.mp4,https://www.youtube.com/watch?v=gaEf9xWVDwU,yt-dlp failed: ERROR: [youtube] gaEf9xWVDwU: This video is unavailable
train,gj6KT4RLlPU,173,183,gj6KT4RLlPU_000173_000183,gj6KT4RLlPU_000173_000183.mp4,https://www.youtube.com/watch?v=gj6KT4RLlPU,yt-dlp failed: ERROR: ffmpeg exited with code 1
train,gk3TczI8nV8,18,28,gk3TczI8nV8_000018_000028,gk3TczI8nV8_000018_000028.mp4,https://www.youtube.com/watch?v=gk3TczI8nV8,yt-dlp failed: ERROR: [youtube] gk3TczI8nV8: Please sign in. Use --cookies-from-browser or --cookies for the authentication. See https://github.com/yt-dlp/yt-dlp/wiki/FAQ#how-do-i-pass-cookies-to-yt-dlp for how to manually pass cookies. Also see https://github.com/yt-dlp/yt-dlp/wiki/Extractors#exporting-youtube-cookies for tips on effectively exporting YouTube cookies
train,gmFBIDELc2A,18,28,gmFBIDELc2A_000018_000028,gmFBIDELc2A_000018_000028.mp4,https://www.youtube.com/watch?v=gmFBIDELc2A,yt-dlp failed: ERROR: [youtube] gmFBIDELc2A: Private video
train,hPWH0hpFI50,124,134,hPWH0hpFI50_000124_000134,hPWH0hpFI50_000124_000134.mp4,https://www.youtube.com/watch?v=hPWH0hpFI50,yt-dlp failed: ERROR: ffmpeg exited with code 1
train,hPuylJBmk_8,47,57,hPuylJBmk_8_000047_000057,hPuylJBmk_8_000047_000057.mp4,https://www.youtube.com/watch?v=hPuylJBmk_8,yt-dlp failed: ERROR: ffmpeg exited with code 1
train,hRoi4yRYCpE,143,153,hRoi4yRYCpE_000143_000153,hRoi4yRYCpE_000143_000153.mp4,https://www.youtube.com/watch?v=hRoi4yRYCpE,yt-dlp failed: ERROR: [youtube] hRoi4yRYCpE: Private video
train,hf721om62L8,0,10,hf721om62L8_000000_000010,hf721om62L8_000000_000010.mp4,https://www.youtube.com/watch?v=hf721om62L8,duration is 6.774s; expected approximately 10s (tolerance 2.5s)
train,hkPD4SbMS8c,207,217,hkPD4SbMS8c_000207_000217,hkPD4SbMS8c_000207_000217.mp4,https://www.youtube.com/watch?v=hkPD4SbMS8c,yt-dlp failed: ERROR: ffmpeg exited with code 1
train,hy8m8FJ9jS8,0,10,hy8m8FJ9jS8_000000_000010,hy8m8FJ9jS8_000000_000010.mp4,https://www.youtube.com/watch?v=hy8m8FJ9jS8,yt-dlp failed: ERROR: [youtube] hy8m8FJ9jS8: Private video
train,i-15iRqUoTI,8,18,i-15iRqUoTI_000008_000018,i-15iRqUoTI_000008_000018.mp4,https://www.youtube.com/watch?v=i-15iRqUoTI,yt-dlp failed: ERROR: ffmpeg exited with code 1
train,i65riznGWiA,56,66,i65riznGWiA_000056_000066,i65riznGWiA_000056_000066.mp4,https://www.youtube.com/watch?v=i65riznGWiA,yt-dlp failed: ERROR: ffmpeg exited with code 1
train,iBX4iKPpSK0,0,10,iBX4iKPpSK0_000000_000010,iBX4iKPpSK0_000000_000010.mp4,https://www.youtube.com/watch?v=iBX4iKPpSK0,yt-dlp failed: ERROR: [youtube] iBX4iKPpSK0: This video is unavailable
train,iSlQpbAQ66M,200,210,iSlQpbAQ66M_000200_000210,iSlQpbAQ66M_000200_000210.mp4,https://www.youtube.com/watch?v=iSlQpbAQ66M,yt-dlp failed: ERROR: ffmpeg exited with code 1
train,iegRNytyiYY,8,18,iegRNytyiYY_000008_000018,iegRNytyiYY_000008_000018.mp4,https://www.youtube.com/watch?v=iegRNytyiYY,yt-dlp failed: ERROR: ffmpeg exited with code 1
train,inSRS-uJqAo,37,47,inSRS-uJqAo_000037_000047,inSRS-uJqAo_000037_000047.mp4,https://www.youtube.com/watch?v=inSRS-uJqAo,yt-dlp failed: ERROR: ffmpeg exited with code 1
train,j92ZkRAUiys,94,104,j92ZkRAUiys_000094_000104,j92ZkRAUiys_000094_000104.mp4,https://www.youtube.com/watch?v=j92ZkRAUiys,yt-dlp failed: ERROR: ffmpeg exited with code 1
train,jMbYZbW_qHI,123,133,jMbYZbW_qHI_000123_000133,jMbYZbW_qHI_000123_000133.mp4,https://www.youtube.com/watch?v=jMbYZbW_qHI,yt-dlp failed: ERROR: [youtube] jMbYZbW_qHI: Please sign in. Use --cookies-from-browser or --cookies for the authentication. See https://github.com/yt-dlp/yt-dlp/wiki/FAQ#how-do-i-pass-cookies-to-yt-dlp for how to manually pass cookies. Also see https://github.com/yt-dlp/yt-dlp/wiki/Extractors#exporting-youtube-cookies for tips on effectively exporting YouTube cookies
train,jcgDRDIpvoA,69,79,jcgDRDIpvoA_000069_000079,jcgDRDIpvoA_000069_000079.mp4,https://www.youtube.com/watch?v=jcgDRDIpvoA,yt-dlp failed: ERROR: ffmpeg exited with code 1
train,jgcvntQ8WQw,0,10,jgcvntQ8WQw_000000_000010,jgcvntQ8WQw_000000_000010.mp4,https://www.youtube.com/watch?v=jgcvntQ8WQw,yt-dlp failed: ERROR: [youtube] jgcvntQ8WQw: This video is not available
train,jgwicuiEHz8,214,224,jgwicuiEHz8_000214_000224,jgwicuiEHz8_000214_000224.mp4,https://www.youtube.com/watch?v=jgwicuiEHz8,yt-dlp failed: ERROR: ffmpeg exited with code 1
train,jki_AIxjhVk,48,58,jki_AIxjhVk_000048_000058,jki_AIxjhVk_000048_000058.mp4,https://www.youtube.com/watch?v=jki_AIxjhVk,yt-dlp failed: ERROR: ffmpeg exited with code 1
test,jpRWZ40UIzQ,200,210,jpRWZ40UIzQ_000200_000210,jpRWZ40UIzQ_000200_000210.mp4,https://www.youtube.com/watch?v=jpRWZ40UIzQ,yt-dlp failed: ERROR: ffmpeg exited with code 1
train,k3zt30q3aMI,89,99,k3zt30q3aMI_000089_000099,k3zt30q3aMI_000089_000099.mp4,https://www.youtube.com/watch?v=k3zt30q3aMI,yt-dlp failed: ERROR: ffmpeg exited with code 1
train,kCunbnjBIfE,3,13,kCunbnjBIfE_000003_000013,kCunbnjBIfE_000003_000013.mp4,https://www.youtube.com/watch?v=kCunbnjBIfE,yt-dlp failed: ERROR: ffmpeg exited with code 1
train,kXR_MFXsYpQ,140,150,kXR_MFXsYpQ_000140_000150,kXR_MFXsYpQ_000140_000150.mp4,https://www.youtube.com/watch?v=kXR_MFXsYpQ,yt-dlp failed: ERROR: ffmpeg exited with code 1
train,k_Jale2F3_k,337,347,k_Jale2F3_k_000337_000347,k_Jale2F3_k_000337_000347.mp4,https://www.youtube.com/watch?v=k_Jale2F3_k,yt-dlp failed: ERROR: ffmpeg exited with code 1
train,koBotGDDDv8,66,76,koBotGDDDv8_000066_000076,koBotGDDDv8_000066_000076.mp4,https://www.youtube.com/watch?v=koBotGDDDv8,yt-dlp failed: ERROR: ffmpeg exited with code 1
train,ksQj_bhkIXw,26,36,ksQj_bhkIXw_000026_000036,ksQj_bhkIXw_000026_000036.mp4,https://www.youtube.com/watch?v=ksQj_bhkIXw,yt-dlp failed: ERROR: ffmpeg exited with code 1
train,kvnEYNCcyC8,45,55,kvnEYNCcyC8_000045_000055,kvnEYNCcyC8_000045_000055.mp4,https://www.youtube.com/watch?v=kvnEYNCcyC8,yt-dlp failed: ERROR: ffmpeg exited with code 1
train,lACLSaVpu1s,23,33,lACLSaVpu1s_000023_000033,lACLSaVpu1s_000023_000033.mp4,https://www.youtube.com/watch?v=lACLSaVpu1s,yt-dlp failed: ERROR: ffmpeg exited with code 1
train,lnNUc7DFCN8,171,181,lnNUc7DFCN8_000171_000181,lnNUc7DFCN8_000171_000181.mp4,https://www.youtube.com/watch?v=lnNUc7DFCN8,yt-dlp failed: ERROR: ffmpeg exited with code 1
train,md5L2V-6V_8,0,10,md5L2V-6V_8_000000_000010,md5L2V-6V_8_000000_000010.mp4,https://www.youtube.com/watch?v=md5L2V-6V_8,yt-dlp failed: ERROR: [youtube] md5L2V-6V_8: Video unavailable
train,mnQePVXOK40,25,35,mnQePVXOK40_000025_000035,mnQePVXOK40_000025_000035.mp4,https://www.youtube.com/watch?v=mnQePVXOK40,yt-dlp failed: ERROR: ffmpeg exited with code 1
train,n2IhPCkrFy8,13,23,n2IhPCkrFy8_000013_000023,n2IhPCkrFy8_000013_000023.mp4,https://www.youtube.com/watch?v=n2IhPCkrFy8,yt-dlp failed: ERROR: [youtube] n2IhPCkrFy8: Please sign in. Use --cookies-from-browser or --cookies for the authentication. See https://github.com/yt-dlp/yt-dlp/wiki/FAQ#how-do-i-pass-cookies-to-yt-dlp for how to manually pass cookies. Also see https://github.com/yt-dlp/yt-dlp/wiki/Extractors#exporting-youtube-cookies for tips on effectively exporting YouTube cookies
train,nJCpoxpqR_c,346,356,nJCpoxpqR_c_000346_000356,nJCpoxpqR_c_000346_000356.mp4,https://www.youtube.com/watch?v=nJCpoxpqR_c,yt-dlp failed: ERROR: ffmpeg exited with code 1
val,nrma1Mk3jog,211,221,nrma1Mk3jog_000211_000221,nrma1Mk3jog_000211_000221.mp4,https://www.youtube.com/watch?v=nrma1Mk3jog,yt-dlp failed: ERROR: ffmpeg exited with code 1
train,o2naVWxaKxM,41,51,o2naVWxaKxM_000041_000051,o2naVWxaKxM_000041_000051.mp4,https://www.youtube.com/watch?v=o2naVWxaKxM,yt-dlp failed: ERROR: [youtube] o2naVWxaKxM: Video unavailable
train,o6Fjd8hm3W8,61,71,o6Fjd8hm3W8_000061_000071,o6Fjd8hm3W8_000061_000071.mp4,https://www.youtube.com/watch?v=o6Fjd8hm3W8,yt-dlp failed: ERROR: ffmpeg exited with code 1
train,oN3qOlphjfo,0,10,oN3qOlphjfo_000000_000010,oN3qOlphjfo_000000_000010.mp4,https://www.youtube.com/watch?v=oN3qOlphjfo,duration is 7.000s; expected approximately 10s (tolerance 2.5s)
train,oP2aXdfSc0s,59,69,oP2aXdfSc0s_000059_000069,oP2aXdfSc0s_000059_000069.mp4,https://www.youtube.com/watch?v=oP2aXdfSc0s,yt-dlp failed: ERROR: ffmpeg exited with code 1
train,oUWVglSzuz4,73,83,oUWVglSzuz4_000073_000083,oUWVglSzuz4_000073_000083.mp4,https://www.youtube.com/watch?v=oUWVglSzuz4,yt-dlp failed: ERROR: [youtube] oUWVglSzuz4: Private video
train,ohp5vRs9oA4,49,59,ohp5vRs9oA4_000049_000059,ohp5vRs9oA4_000049_000059.mp4,https://www.youtube.com/watch?v=ohp5vRs9oA4,yt-dlp failed: ERROR: ffmpeg exited with code 1
train,olGMSAowyrA,26,36,olGMSAowyrA_000026_000036,olGMSAowyrA_000026_000036.mp4,https://www.youtube.com/watch?v=olGMSAowyrA,yt-dlp failed: ERROR: ffmpeg exited with code 1
train,onNF_bQxOMg,20,30,onNF_bQxOMg_000020_000030,onNF_bQxOMg_000020_000030.mp4,https://www.youtube.com/watch?v=onNF_bQxOMg,yt-dlp failed: ERROR: ffmpeg exited with code 1
train,pxGU5sP2vnE,133,143,pxGU5sP2vnE_000133_000143,pxGU5sP2vnE_000133_000143.mp4,https://www.youtube.com/watch?v=pxGU5sP2vnE,yt-dlp failed: ERROR: ffmpeg exited with code 1
train,qAZSDiLurZk,134,144,qAZSDiLurZk_000134_000144,qAZSDiLurZk_000134_000144.mp4,https://www.youtube.com/watch?v=qAZSDiLurZk,yt-dlp failed: ERROR: [youtube] qAZSDiLurZk: Private video
test,qB21OwH8Baw,55,65,qB21OwH8Baw_000055_000065,qB21OwH8Baw_000055_000065.mp4,https://www.youtube.com/watch?v=qB21OwH8Baw,yt-dlp failed: ERROR: ffmpeg exited with code 1
train,qBYVmxHS-bM,189,199,qBYVmxHS-bM_000189_000199,qBYVmxHS-bM_000189_000199.mp4,https://www.youtube.com/watch?v=qBYVmxHS-bM,yt-dlp failed: ERROR: ffmpeg exited with code 1
train,qDgPFmg-GFI,0,10,qDgPFmg-GFI_000000_000010,qDgPFmg-GFI_000000_000010.mp4,https://www.youtube.com/watch?v=qDgPFmg-GFI,yt-dlp failed: ERROR: ffmpeg exited with code 1
train,qEtcsil6aI4,218,228,qEtcsil6aI4_000218_000228,qEtcsil6aI4_000218_000228.mp4,https://www.youtube.com/watch?v=qEtcsil6aI4,yt-dlp failed: ERROR: ffmpeg exited with code 1
train,qFhoDkvJFnc,4,14,qFhoDkvJFnc_000004_000014,qFhoDkvJFnc_000004_000014.mp4,https://www.youtube.com/watch?v=qFhoDkvJFnc,duration is 5.005s; expected approximately 10s (tolerance 2.5s)
train,qKHirCx1Feo,49,59,qKHirCx1Feo_000049_000059,qKHirCx1Feo_000049_000059.mp4,https://www.youtube.com/watch?v=qKHirCx1Feo,yt-dlp failed: ERROR: ffmpeg exited with code 1
train,qLNixvfHXIg,6,16,qLNixvfHXIg_000006_000016,qLNixvfHXIg_000006_000016.mp4,https://www.youtube.com/watch?v=qLNixvfHXIg,yt-dlp failed: ERROR: [youtube] qLNixvfHXIg: This video is unavailable
train,qT6AasqD75Y,381,391,qT6AasqD75Y_000381_000391,qT6AasqD75Y_000381_000391.mp4,https://www.youtube.com/watch?v=qT6AasqD75Y,yt-dlp failed: ERROR: [youtube] qT6AasqD75Y: This video is not available
train,qa8_vEtKSaM,0,10,qa8_vEtKSaM_000000_000010,qa8_vEtKSaM_000000_000010.mp4,https://www.youtube.com/watch?v=qa8_vEtKSaM,yt-dlp failed: ERROR: [youtube] qa8_vEtKSaM: This video is unavailable
train,qkILeoB7DRw,7,17,qkILeoB7DRw_000007_000017,qkILeoB7DRw_000007_000017.mp4,https://www.youtube.com/watch?v=qkILeoB7DRw,yt-dlp failed: ERROR: [youtube] qkILeoB7DRw: This video is unavailable
test,qtDvgjidz98,71,81,qtDvgjidz98_000071_000081,qtDvgjidz98_000071_000081.mp4,https://www.youtube.com/watch?v=qtDvgjidz98,yt-dlp failed: ERROR: [youtube] qtDvgjidz98: This video is unavailable
train,r-kcQEJq5Zc,220,230,r-kcQEJq5Zc_000220_000230,r-kcQEJq5Zc_000220_000230.mp4,https://www.youtube.com/watch?v=r-kcQEJq5Zc,yt-dlp failed: ERROR: ffmpeg exited with code 1
train,rErRUEhejgQ,12,22,rErRUEhejgQ_000012_000022,rErRUEhejgQ_000012_000022.mp4,https://www.youtube.com/watch?v=rErRUEhejgQ,yt-dlp failed: ERROR: ffmpeg exited with code 1
train,rEsXfAQjmos,43,53,rEsXfAQjmos_000043_000053,rEsXfAQjmos_000043_000053.mp4,https://www.youtube.com/watch?v=rEsXfAQjmos,yt-dlp failed: ERROR: ffmpeg exited with code 1
train,rTHoEp7Ci20,12,22,rTHoEp7Ci20_000012_000022,rTHoEp7Ci20_000012_000022.mp4,https://www.youtube.com/watch?v=rTHoEp7Ci20,yt-dlp failed: ERROR: ffmpeg exited with code 1
train,rl4SouR3pZU,3,13,rl4SouR3pZU_000003_000013,rl4SouR3pZU_000003_000013.mp4,https://www.youtube.com/watch?v=rl4SouR3pZU,yt-dlp failed: ERROR: ffmpeg exited with code 1
train,rwZbTxGY1xI,51,61,rwZbTxGY1xI_000051_000061,rwZbTxGY1xI_000051_000061.mp4,https://www.youtube.com/watch?v=rwZbTxGY1xI,yt-dlp failed: ERROR: ffmpeg exited with code 1
test,sFguTLW7fJs,5,15,sFguTLW7fJs_000005_000015,sFguTLW7fJs_000005_000015.mp4,https://www.youtube.com/watch?v=sFguTLW7fJs,yt-dlp failed: ERROR: [youtube] sFguTLW7fJs: Video unavailable
train,sNy43IgJT-g,65,75,sNy43IgJT-g_000065_000075,sNy43IgJT-g_000065_000075.mp4,https://www.youtube.com/watch?v=sNy43IgJT-g,yt-dlp failed: ERROR: ffmpeg exited with code 1
train,sPKu2KAeqI0,94,104,sPKu2KAeqI0_000094_000104,sPKu2KAeqI0_000094_000104.mp4,https://www.youtube.com/watch?v=sPKu2KAeqI0,yt-dlp failed: ERROR: ffmpeg exited with code 1
train,sp0nDoUydmA,6,16,sp0nDoUydmA_000006_000016,sp0nDoUydmA_000006_000016.mp4,https://www.youtube.com/watch?v=sp0nDoUydmA,yt-dlp failed: ERROR: [youtube] sp0nDoUydmA: This video is unavailable
train,tBGQMk0B100,55,65,tBGQMk0B100_000055_000065,tBGQMk0B100_000055_000065.mp4,https://www.youtube.com/watch?v=tBGQMk0B100,yt-dlp failed: ERROR: ffmpeg exited with code 1
train,tExQFWaFJwM,0,10,tExQFWaFJwM_000000_000010,tExQFWaFJwM_000000_000010.mp4,https://www.youtube.com/watch?v=tExQFWaFJwM,duration is 4.905s; expected approximately 10s (tolerance 2.5s)
train,tHs-a_9GLrE,5,15,tHs-a_9GLrE_000005_000015,tHs-a_9GLrE_000005_000015.mp4,https://www.youtube.com/watch?v=tHs-a_9GLrE,yt-dlp failed: ERROR: [youtube] tHs-a_9GLrE: Private video
train,taEnhbs3zGQ,426,436,taEnhbs3zGQ_000426_000436,taEnhbs3zGQ_000426_000436.mp4,https://www.youtube.com/watch?v=taEnhbs3zGQ,yt-dlp failed: ERROR: ffmpeg exited with code 1
train,tbesSp7Nu0M,3,13,tbesSp7Nu0M_000003_000013,tbesSp7Nu0M_000003_000013.mp4,https://www.youtube.com/watch?v=tbesSp7Nu0M,yt-dlp failed: ERROR: [youtube] tbesSp7Nu0M: Private video
train,uOhXAckJNv0,6,16,uOhXAckJNv0_000006_000016,uOhXAckJNv0_000006_000016.mp4,https://www.youtube.com/watch?v=uOhXAckJNv0,duration is 6.751s; expected approximately 10s (tolerance 2.5s)
train,ukh9vVwqDpc,3,13,ukh9vVwqDpc_000003_000013,ukh9vVwqDpc_000003_000013.mp4,https://www.youtube.com/watch?v=ukh9vVwqDpc,yt-dlp failed: ERROR: ffmpeg exited with code 1
train,v2s5Yz9xgzY,5,15,v2s5Yz9xgzY_000005_000015,v2s5Yz9xgzY_000005_000015.mp4,https://www.youtube.com/watch?v=v2s5Yz9xgzY,yt-dlp failed: ERROR: ffmpeg exited with code 1
train,vEzF8Q7IZnw,5,15,vEzF8Q7IZnw_000005_000015,vEzF8Q7IZnw_000005_000015.mp4,https://www.youtube.com/watch?v=vEzF8Q7IZnw,yt-dlp failed: ERROR: ffmpeg exited with code 1
train,vP_tOucWxr4,45,55,vP_tOucWxr4_000045_000055,vP_tOucWxr4_000045_000055.mp4,https://www.youtube.com/watch?v=vP_tOucWxr4,yt-dlp failed: ERROR: ffmpeg exited with code 1
train,vZ2xB0uD4XE,41,51,vZ2xB0uD4XE_000041_000051,vZ2xB0uD4XE_000041_000051.mp4,https://www.youtube.com/watch?v=vZ2xB0uD4XE,yt-dlp failed: ERROR: ffmpeg exited with code 1
train,va93ykOh2QI,756,766,va93ykOh2QI_000756_000766,va93ykOh2QI_000756_000766.mp4,https://www.youtube.com/watch?v=va93ykOh2QI,yt-dlp failed: ERROR: ffmpeg exited with code 1
train,vcfHHoyi7BE,52,62,vcfHHoyi7BE_000052_000062,vcfHHoyi7BE_000052_000062.mp4,https://www.youtube.com/watch?v=vcfHHoyi7BE,yt-dlp failed: ERROR: ffmpeg exited with code 1
train,vdJvRNtFkBQ,57,67,vdJvRNtFkBQ_000057_000067,vdJvRNtFkBQ_000057_000067.mp4,https://www.youtube.com/watch?v=vdJvRNtFkBQ,yt-dlp failed: ERROR: ffmpeg exited with code 1
train,vejrt1l5AQM,62,72,vejrt1l5AQM_000062_000072,vejrt1l5AQM_000062_000072.mp4,https://www.youtube.com/watch?v=vejrt1l5AQM,yt-dlp failed: ERROR: ffmpeg exited with code 1
train,vlVg8lZfstk,275,285,vlVg8lZfstk_000275_000285,vlVg8lZfstk_000275_000285.mp4,https://www.youtube.com/watch?v=vlVg8lZfstk,yt-dlp failed: ERROR: ffmpeg exited with code 1
train,waHy1CpD5I4,36,46,waHy1CpD5I4_000036_000046,waHy1CpD5I4_000036_000046.mp4,https://www.youtube.com/watch?v=waHy1CpD5I4,yt-dlp failed: ERROR: ffmpeg exited with code 1
train,wcVLMwmlhKI,583,593,wcVLMwmlhKI_000583_000593,wcVLMwmlhKI_000583_000593.mp4,https://www.youtube.com/watch?v=wcVLMwmlhKI,yt-dlp failed: ERROR: ffmpeg exited with code 1
train,wfUGNEaQ2FI,172,182,wfUGNEaQ2FI_000172_000182,wfUGNEaQ2FI_000172_000182.mp4,https://www.youtube.com/watch?v=wfUGNEaQ2FI,yt-dlp failed: ERROR: ffmpeg exited with code 1
train,x0sLdXN_rOU,30,40,x0sLdXN_rOU_000030_000040,x0sLdXN_rOU_000030_000040.mp4,https://www.youtube.com/watch?v=x0sLdXN_rOU,yt-dlp failed: ERROR: ffmpeg exited with code 1
train,xAzsRf6JNs0,1,11,xAzsRf6JNs0_000001_000011,xAzsRf6JNs0_000001_000011.mp4,https://www.youtube.com/watch?v=xAzsRf6JNs0,yt-dlp failed: ERROR: [youtube] xAzsRf6JNs0: Please sign in. Use --cookies-from-browser or --cookies for the authentication. See https://github.com/yt-dlp/yt-dlp/wiki/FAQ#how-do-i-pass-cookies-to-yt-dlp for how to manually pass cookies. Also see https://github.com/yt-dlp/yt-dlp/wiki/Extractors#exporting-youtube-cookies for tips on effectively exporting YouTube cookies
train,xGH01du4DDM,158,168,xGH01du4DDM_000158_000168,xGH01du4DDM_000158_000168.mp4,https://www.youtube.com/watch?v=xGH01du4DDM,yt-dlp failed: ERROR: [youtube] xGH01du4DDM: Please sign in. Use --cookies-from-browser or --cookies for the authentication. See https://github.com/yt-dlp/yt-dlp/wiki/FAQ#how-do-i-pass-cookies-to-yt-dlp for how to manually pass cookies. Also see https://github.com/yt-dlp/yt-dlp/wiki/Extractors#exporting-youtube-cookies for tips on effectively exporting YouTube cookies
train,xM4VzdajwAs,38,48,xM4VzdajwAs_000038_000048,xM4VzdajwAs_000038_000048.mp4,https://www.youtube.com/watch?v=xM4VzdajwAs,yt-dlp failed: ERROR: ffmpeg exited with code 1
train,y9vkslAzNUY,52,62,y9vkslAzNUY_000052_000062,y9vkslAzNUY_000052_000062.mp4,https://www.youtube.com/watch?v=y9vkslAzNUY,yt-dlp failed: ERROR: ffmpeg exited with code 1
train,yH2yhUUAy3k,57,67,yH2yhUUAy3k_000057_000067,yH2yhUUAy3k_000057_000067.mp4,https://www.youtube.com/watch?v=yH2yhUUAy3k,yt-dlp failed: ERROR: [youtube] yH2yhUUAy3k: This video is unavailable
train,yQGH9nB4_3Q,72,82,yQGH9nB4_3Q_000072_000082,yQGH9nB4_3Q_000072_000082.mp4,https://www.youtube.com/watch?v=yQGH9nB4_3Q,yt-dlp failed: ERROR: [youtube] yQGH9nB4_3Q: This video is not available
train,yet9ZiqPQ_Y,36,46,yet9ZiqPQ_Y_000036_000046,yet9ZiqPQ_Y_000036_000046.mp4,https://www.youtube.com/watch?v=yet9ZiqPQ_Y,yt-dlp failed: ERROR: ffmpeg exited with code 1
train,yvHh3-ObAEI,37,47,yvHh3-ObAEI_000037_000047,yvHh3-ObAEI_000037_000047.mp4,https://www.youtube.com/watch?v=yvHh3-ObAEI,yt-dlp failed: ERROR: ffmpeg exited with code 1
train,zWXWj7wEfNc,63,73,zWXWj7wEfNc_000063_000073,zWXWj7wEfNc_000063_000073.mp4,https://www.youtube.com/watch?v=zWXWj7wEfNc,yt-dlp failed: ERROR: ffmpeg exited with code 1
