split,new_filename,youtube_id,kinetics_filename,source_path,reason
train,DMc9Jkvwc_s_0.00000_2.40000.mp4,DMc9Jkvwc_s,DMc9Jkvwc_s_000017_000027,,Matching file not found in kinetics_clips
train,DMc9Jkvwc_s_2.73333_9.23333.mp4,DMc9Jkvwc_s,DMc9Jkvwc_s_000017_000027,,Matching file not found in kinetics_clips
train,D5Ge91h0XZw_0.00000_6.63333.mp4,D5Ge91h0XZw,D5Ge91h0XZw_000038_000048,,Matching file not found in kinetics_clips
train,GgB8iZiCT1o_0.00000_2.83333.mp4,GgB8iZiCT1o,GgB8iZiCT1o_000032_000042,,Matching file not found in kinetics_clips
train,JQu6cUHQTpI_0.00000_4.93744.mp4,JQu6cUHQTpI,JQu6cUHQTpI_000220_000230,,Matching file not found in kinetics_clips
train,KTt523FY7MI_1.53333_10.00000.mp4,KTt523FY7MI,KTt523FY7MI_000000_000010,,Matching file not found in kinetics_clips
train,N0LntA705tY_0.00000_6.68333.mp4,N0LntA705tY,N0LntA705tY_000000_000010,,Matching file not found in kinetics_clips
train,RGq54UYpkmo_0.53387_9.14248.mp4,RGq54UYpkmo,RGq54UYpkmo_000001_000011,,Matching file not found in kinetics_clips
train,R98X4gBGuhg_0.00000_10.00000.mp4,R98X4gBGuhg,R98X4gBGuhg_000088_000098,,Matching file not found in kinetics_clips
train,deifD9uXqHY_2.45000_4.60000.mp4,deifD9uXqHY,deifD9uXqHY_000005_000015,,Matching file not found in kinetics_clips
train,qLNixvfHXIg_0.06897_9.72414.mp4,qLNixvfHXIg,qLNixvfHXIg_000006_000016,,Matching file not found in kinetics_clips
train,5-jt3HyflE0_0.00000_9.54288.mp4,5-jt3HyflE0,5-jt3HyflE0_000008_000018,,Matching file not found in kinetics_clips
train,6mAK1u90BPE_0.00000_9.78333.mp4,6mAK1u90BPE,6mAK1u90BPE_000000_000010,,Matching file not found in kinetics_clips
train,FyYRvnHdOgU_0.70070_7.07374.mp4,FyYRvnHdOgU,FyYRvnHdOgU_000003_000013,,Matching file not found in kinetics_clips
train,GBKkhCC_RB0_0.00000_9.97664.mp4,GBKkhCC_RB0,GBKkhCC_RB0_000036_000046,,Matching file not found in kinetics_clips
train,Q8hAgtaL-5s_0.00000_10.00000.mp4,Q8hAgtaL-5s,Q8hAgtaL-5s_000002_000012,,Matching file not found in kinetics_clips
train,S6vQ1lXVuSo_0.00000_10.00000.mp4,S6vQ1lXVuSo,S6vQ1lXVuSo_000007_000017,,Matching file not found in kinetics_clips
train,ayf46kiTMe8_0.00000_5.34813.mp4,ayf46kiTMe8,ayf46kiTMe8_000000_000010,,Matching file not found in kinetics_clips
train,d8w-VtuwFBA_5.03333_10.00000.mp4,d8w-VtuwFBA,d8w-VtuwFBA_000006_000016,,Matching file not found in kinetics_clips
train,g57EvZXAmAw_0.00000_7.94127.mp4,g57EvZXAmAw,g57EvZXAmAw_000004_000014,,Matching file not found in kinetics_clips
train,hOKl7sjMeNU_4.23757_9.97664.mp4,hOKl7sjMeNU,hOKl7sjMeNU_000011_000021,,Matching file not found in kinetics_clips
train,nFCFpSgazyU_0.23333_10.00000.mp4,nFCFpSgazyU,nFCFpSgazyU_000034_000044,,Matching file not found in kinetics_clips
train,DKLl6jfqSHY_0.63397_2.30230.mp4,DKLl6jfqSHY,DKLl6jfqSHY_000002_000012,,Matching file not found in kinetics_clips
train,DKLl6jfqSHY_4.90491_7.90791.mp4,DKLl6jfqSHY,DKLl6jfqSHY_000002_000012,,Matching file not found in kinetics_clips
train,FLY2D2gE0qs_0.00000_9.40000.mp4,FLY2D2gE0qs,FLY2D2gE0qs_000605_000615,,Matching file not found in kinetics_clips
train,GQJcsl3nwUA_0.36703_1.83517.mp4,GQJcsl3nwUA,GQJcsl3nwUA_000002_000012,,Matching file not found in kinetics_clips
train,Ly3IkZBV45A_0.00000_10.00000.mp4,Ly3IkZBV45A,Ly3IkZBV45A_000000_000010,,Matching file not found in kinetics_clips
train,eJgBfBcJ90Q_2.44000_10.00000.mp4,eJgBfBcJ90Q,eJgBfBcJ90Q_000010_000020,,Matching file not found in kinetics_clips
train,jfzqnLQWShw_5.87254_9.30931.mp4,jfzqnLQWShw,jfzqnLQWShw_000006_000016,,Matching file not found in kinetics_clips
train,kXR_MFXsYpQ_0.40000_7.13333.mp4,kXR_MFXsYpQ,kXR_MFXsYpQ_000140_000150,,Matching file not found in kinetics_clips
train,kXR_MFXsYpQ_8.03333_9.96667.mp4,kXR_MFXsYpQ,kXR_MFXsYpQ_000140_000150,,Matching file not found in kinetics_clips
train,tHs-a_9GLrE_0.00000_4.86667.mp4,tHs-a_9GLrE,tHs-a_9GLrE_000005_000015,,Matching file not found in kinetics_clips
train,FF8pR23sRe4_0.00000_2.20000.mp4,FF8pR23sRe4,FF8pR23sRe4_000000_000010,,Matching file not found in kinetics_clips
train,FF8pR23sRe4_5.26667_8.33333.mp4,FF8pR23sRe4,FF8pR23sRe4_000000_000010,,Matching file not found in kinetics_clips
train,HdJO0vQX7q0_3.60360_7.20721.mp4,HdJO0vQX7q0,HdJO0vQX7q0_000121_000131,,Matching file not found in kinetics_clips
train,Kjb3qMyGmZQ_0.00000_2.36904.mp4,Kjb3qMyGmZQ,Kjb3qMyGmZQ_000000_000010,,Matching file not found in kinetics_clips
train,MDFmkkk0ny8_0.00000_9.96830.mp4,MDFmkkk0ny8,MDFmkkk0ny8_000275_000285,,Matching file not found in kinetics_clips
train,0YjMAOLeNK0_0.00000_2.72414.mp4,0YjMAOLeNK0,0YjMAOLeNK0_000016_000026,,Matching file not found in kinetics_clips
train,LCU6zeShXWo_0.00000_10.00000.mp4,LCU6zeShXWo,LCU6zeShXWo_000013_000023,,Matching file not found in kinetics_clips
train,gk3TczI8nV8_0.00000_10.00000.mp4,gk3TczI8nV8,gk3TczI8nV8_000018_000028,,Matching file not found in kinetics_clips
train,jMbYZbW_qHI_0.00000_1.88000.mp4,jMbYZbW_qHI,jMbYZbW_qHI_000123_000133,,Matching file not found in kinetics_clips
train,qT6AasqD75Y_0.00000_4.72794.mp4,qT6AasqD75Y,qT6AasqD75Y_000381_000391,,Matching file not found in kinetics_clips
train,Fs8reB-9Md8_1.36804_4.47114.mp4,Fs8reB-9Md8,Fs8reB-9Md8_000013_000023,,Matching file not found in kinetics_clips
train,i9a1Gq5V7QU_5.03333_6.23333.mp4,i9a1Gq5V7QU,i9a1Gq5V7QU_000030_000040,,Matching file not found in kinetics_clips
train,loIuNS5fFGI_2.76667_3.76667.mp4,loIuNS5fFGI,loIuNS5fFGI_000037_000047,,Matching file not found in kinetics_clips
train,qasyHv3cuM8_0.00000_1.86854.mp4,qasyHv3cuM8,qasyHv3cuM8_000020_000030,,Matching file not found in kinetics_clips
train,qasyHv3cuM8_5.70571_6.50651.mp4,qasyHv3cuM8,qasyHv3cuM8_000020_000030,,Matching file not found in kinetics_clips
train,vN1JxANg17Q_0.00000_1.46667.mp4,vN1JxANg17Q,vN1JxANg17Q_000037_000047,,Matching file not found in kinetics_clips
train,Ad5h19jwZr0_0.00000_8.98778.mp4,Ad5h19jwZr0,Ad5h19jwZr0_000003_000013,,Matching file not found in kinetics_clips
train,B9E7LUDwpb8_0.00000_4.73807.mp4,B9E7LUDwpb8,B9E7LUDwpb8_000017_000027,,Matching file not found in kinetics_clips
train,ElIU0zQ2vf0_0.83333_4.16667.mp4,ElIU0zQ2vf0,ElIU0zQ2vf0_000035_000045,,Matching file not found in kinetics_clips
train,E2WnyptN8cU_1.23333_6.13333.mp4,E2WnyptN8cU,E2WnyptN8cU_000017_000027,,Matching file not found in kinetics_clips
train,JPCtGTvJxVk_0.00000_10.00000.mp4,JPCtGTvJxVk,JPCtGTvJxVk_000000_000010,,Matching file not found in kinetics_clips
train,OiEvl_d5u9s_5.33867_8.17484.mp4,OiEvl_d5u9s,OiEvl_d5u9s_000010_000020,,Matching file not found in kinetics_clips
train,QnLf7XvC7Fs_6.66667_8.66667.mp4,QnLf7XvC7Fs,QnLf7XvC7Fs_000010_000020,,Matching file not found in kinetics_clips
train,SZuT2RHoX68_0.00000_6.83333.mp4,SZuT2RHoX68,SZuT2RHoX68_000003_000013,,Matching file not found in kinetics_clips
train,dMln92A3Quc_1.23333_10.00000.mp4,dMln92A3Quc,dMln92A3Quc_000063_000073,,Matching file not found in kinetics_clips
train,hLrNk4PNUWY_0.46713_9.17584.mp4,hLrNk4PNUWY,hLrNk4PNUWY_000005_000015,,Matching file not found in kinetics_clips
train,kqIisP4waS4_4.10000_10.00000.mp4,kqIisP4waS4,kqIisP4waS4_000003_000013,,Matching file not found in kinetics_clips
train,leqtv-XzjIA_0.00000_8.53333.mp4,leqtv-XzjIA,leqtv-XzjIA_000004_000014,,Matching file not found in kinetics_clips
train,qAZSDiLurZk_4.90000_10.00000.mp4,qAZSDiLurZk,qAZSDiLurZk_000134_000144,,Matching file not found in kinetics_clips
train,-GtfRmuezys_2.14527_7.54198.mp4,-GtfRmuezys,-GtfRmuezys_000042_000052,,Matching file not found in kinetics_clips
train,A4OUisttXyU_0.00000_9.97664.mp4,A4OUisttXyU,A4OUisttXyU_000085_000095,,Matching file not found in kinetics_clips
train,BJajtOIhywk_0.00000_9.24000.mp4,BJajtOIhywk,BJajtOIhywk_000055_000065,,Matching file not found in kinetics_clips
train,EbJzz0LiIOs_0.00000_10.00000.mp4,EbJzz0LiIOs,EbJzz0LiIOs_000112_000122,,Matching file not found in kinetics_clips
train,ExytqJAxFY8_0.00000_9.97990.mp4,ExytqJAxFY8,ExytqJAxFY8_000175_000185,,Matching file not found in kinetics_clips
train,IaCe4XY5zqs_0.00000_10.00000.mp4,IaCe4XY5zqs,IaCe4XY5zqs_000196_000206,,Matching file not found in kinetics_clips
train,JHaKNZ98p_Y_0.00000_10.00000.mp4,JHaKNZ98p_Y,JHaKNZ98p_Y_000107_000117,,Matching file not found in kinetics_clips
train,J0JlTvflyjM_0.00000_10.00000.mp4,J0JlTvflyjM,J0JlTvflyjM_000192_000202,,Matching file not found in kinetics_clips
train,LZ8M1_YELDE_0.00000_10.00000.mp4,LZ8M1_YELDE,LZ8M1_YELDE_000153_000163,,Matching file not found in kinetics_clips
train,QJa9li6U3JU_0.00000_5.56667.mp4,QJa9li6U3JU,QJa9li6U3JU_000295_000305,,Matching file not found in kinetics_clips
train,Xb5RmCnETL0_0.00000_10.00000.mp4,Xb5RmCnETL0,Xb5RmCnETL0_000000_000010,,Matching file not found in kinetics_clips
train,bo63805EDRw_0.00000_9.97664.mp4,bo63805EDRw,bo63805EDRw_000011_000021,,Matching file not found in kinetics_clips
train,cCZuFxAvGyk_0.00000_10.00000.mp4,cCZuFxAvGyk,cCZuFxAvGyk_000855_000865,,Matching file not found in kinetics_clips
train,fGsTTC7fpyg_0.00000_9.93333.mp4,fGsTTC7fpyg,fGsTTC7fpyg_000044_000054,,Matching file not found in kinetics_clips
train,sW0t2_UbVDE_0.00000_9.97664.mp4,sW0t2_UbVDE,sW0t2_UbVDE_000015_000025,,Matching file not found in kinetics_clips
train,wcVLMwmlhKI_2.62763_9.92659.mp4,wcVLMwmlhKI,wcVLMwmlhKI_000583_000593,,Matching file not found in kinetics_clips
train,0OLW-m1Elys_0.00000_9.98158.mp4,0OLW-m1Elys,0OLW-m1Elys_000045_000055,,Matching file not found in kinetics_clips
train,1C5fLx3IRE4_0.00000_9.94328.mp4,1C5fLx3IRE4,1C5fLx3IRE4_000026_000036,,Matching file not found in kinetics_clips
train,1rfuNK1_ipk_0.00000_10.00000.mp4,1rfuNK1_ipk,1rfuNK1_ipk_000275_000285,,Matching file not found in kinetics_clips
train,6j3CrVQsW3A_0.00000_9.96667.mp4,6j3CrVQsW3A,6j3CrVQsW3A_000087_000097,,Matching file not found in kinetics_clips
train,7jEB5_BnzjE_0.00000_10.00000.mp4,7jEB5_BnzjE,7jEB5_BnzjE_000055_000065,,Matching file not found in kinetics_clips
train,8LLELO4XXKk_0.00000_10.00000.mp4,8LLELO4XXKk,8LLELO4XXKk_000013_000023,,Matching file not found in kinetics_clips
train,_LzsvX5ZQls_0.00000_10.00000.mp4,_LzsvX5ZQls,_LzsvX5ZQls_000069_000079,,Matching file not found in kinetics_clips
train,Cp0scH21m6E_1.34844_9.97842.mp4,Cp0scH21m6E,Cp0scH21m6E_000003_000013,,Matching file not found in kinetics_clips
train,GXXICmsGMF0_4.04000_10.00000.mp4,GXXICmsGMF0,GXXICmsGMF0_000000_000010,,Matching file not found in kinetics_clips
train,JiHaOoW05o0_3.80380_9.24258.mp4,JiHaOoW05o0,JiHaOoW05o0_000086_000096,,Matching file not found in kinetics_clips
train,Jn6i6-wH4WY_0.00000_5.50551.mp4,Jn6i6-wH4WY,Jn6i6-wH4WY_000052_000062,,Matching file not found in kinetics_clips
train,MFC3rk_OId0_1.20000_10.00000.mp4,MFC3rk_OId0,MFC3rk_OId0_000046_000056,,Matching file not found in kinetics_clips
train,TLEviNwLd0I_0.06667_8.83333.mp4,TLEviNwLd0I,TLEviNwLd0I_000000_000010,,Matching file not found in kinetics_clips
train,UGSwVRU_MQ4_0.00000_10.00000.mp4,UGSwVRU_MQ4,UGSwVRU_MQ4_000450_000460,,Matching file not found in kinetics_clips
train,qDgPFmg-GFI_0.53333_10.00000.mp4,qDgPFmg-GFI,qDgPFmg-GFI_000000_000010,,Matching file not found in kinetics_clips
train,qKHirCx1Feo_0.00000_4.03737.mp4,qKHirCx1Feo,qKHirCx1Feo_000049_000059,,Matching file not found in kinetics_clips
train,qKHirCx1Feo_4.07074_9.97664.mp4,qKHirCx1Feo,qKHirCx1Feo_000049_000059,,Matching file not found in kinetics_clips
train,sNy43IgJT-g_0.00000_9.96830.mp4,sNy43IgJT-g,sNy43IgJT-g_000065_000075,,Matching file not found in kinetics_clips
train,wgXd4uDG5NM_0.40040_9.97664.mp4,wgXd4uDG5NM,wgXd4uDG5NM_000000_000010,,Matching file not found in kinetics_clips
train,y9vkslAzNUY_0.00000_6.57730.mp4,y9vkslAzNUY,y9vkslAzNUY_000052_000062,,Matching file not found in kinetics_clips
train,7i6ttTxfbyA_0.00000_10.00000.mp4,7i6ttTxfbyA,7i6ttTxfbyA_000053_000063,,Matching file not found in kinetics_clips
train,78UtcvyeTnc_0.00000_9.96830.mp4,78UtcvyeTnc,78UtcvyeTnc_000047_000057,,Matching file not found in kinetics_clips
train,8kkfUwRmDoI_0.00000_10.00000.mp4,8kkfUwRmDoI,8kkfUwRmDoI_000010_000020,,Matching file not found in kinetics_clips
train,_ujG14Akcac_2.10210_9.94328.mp4,_ujG14Akcac,_ujG14Akcac_000033_000043,,Matching file not found in kinetics_clips
train,A68J41gXTyY_0.00000_6.04771.mp4,A68J41gXTyY,A68J41gXTyY_000004_000014,,Matching file not found in kinetics_clips
train,Eeqcp42rIGs_0.00000_9.40941.mp4,Eeqcp42rIGs,Eeqcp42rIGs_000005_000015,,Matching file not found in kinetics_clips
train,JQBT1jBkoyQ_0.00000_7.86667.mp4,JQBT1jBkoyQ,JQBT1jBkoyQ_000019_000029,,Matching file not found in kinetics_clips
train,JzLzI-R03ds_4.03737_9.97664.mp4,JzLzI-R03ds,JzLzI-R03ds_000000_000010,,Matching file not found in kinetics_clips
train,KFKXbf3-Vg8_0.00000_9.97664.mp4,KFKXbf3-Vg8,KFKXbf3-Vg8_000011_000021,,Matching file not found in kinetics_clips
train,Ma_6eNkNSJU_0.00000_9.97664.mp4,Ma_6eNkNSJU,Ma_6eNkNSJU_000005_000015,,Matching file not found in kinetics_clips
train,OqGJiF2uNFY_0.00000_4.75476.mp4,OqGJiF2uNFY,OqGJiF2uNFY_000002_000012,,Matching file not found in kinetics_clips
train,OqGJiF2uNFY_7.34067_9.96830.mp4,OqGJiF2uNFY,OqGJiF2uNFY_000002_000012,,Matching file not found in kinetics_clips
train,O2yGGRuKXto_0.00000_9.97664.mp4,O2yGGRuKXto,O2yGGRuKXto_000005_000015,,Matching file not found in kinetics_clips
train,P-6nG5rM7YQ_0.33333_6.10000.mp4,P-6nG5rM7YQ,P-6nG5rM7YQ_000000_000010,,Matching file not found in kinetics_clips
train,T46_ndLYFe4_0.00000_10.00000.mp4,T46_ndLYFe4,T46_ndLYFe4_000000_000010,,Matching file not found in kinetics_clips
train,V3RdM_Qf1CY_0.00000_9.92659.mp4,V3RdM_Qf1CY,V3RdM_Qf1CY_000008_000018,,Matching file not found in kinetics_clips
train,cEvK2aS5ehU_0.00000_8.97564.mp4,cEvK2aS5ehU,cEvK2aS5ehU_000014_000024,,Matching file not found in kinetics_clips
train,dBCmbYuAK7w_0.96667_8.96667.mp4,dBCmbYuAK7w,dBCmbYuAK7w_000007_000017,,Matching file not found in kinetics_clips
train,f0EJIyEqKDg_0.00000_8.74207.mp4,f0EJIyEqKDg,f0EJIyEqKDg_000003_000013,,Matching file not found in kinetics_clips
train,mvObYE1jIMA_0.00000_10.00000.mp4,mvObYE1jIMA,mvObYE1jIMA_000000_000010,,Matching file not found in kinetics_clips
train,nTi6Els5h9c_0.00000_9.66667.mp4,nTi6Els5h9c,nTi6Els5h9c_000002_000012,,Matching file not found in kinetics_clips
train,olGMSAowyrA_1.06667_10.00000.mp4,olGMSAowyrA,olGMSAowyrA_000026_000036,,Matching file not found in kinetics_clips
train,s-qdJZ8IRkU_2.56924_8.67534.mp4,s-qdJZ8IRkU,s-qdJZ8IRkU_000001_000011,,Matching file not found in kinetics_clips
train,0hhwLMwIwWk_0.00000_4.99263.mp4,0hhwLMwIwWk,0hhwLMwIwWk_000002_000012,,Matching file not found in kinetics_clips
train,1mjrjDOhaV8_0.00000_10.00000.mp4,1mjrjDOhaV8,1mjrjDOhaV8_000005_000015,,Matching file not found in kinetics_clips
train,2DH_P9OCgU4_0.08342_9.97664.mp4,2DH_P9OCgU4,2DH_P9OCgU4_000011_000021,,Matching file not found in kinetics_clips
train,4Kln9AqLRAA_0.00000_8.75756.mp4,4Kln9AqLRAA,4Kln9AqLRAA_000011_000021,,Matching file not found in kinetics_clips
train,4-s5TIz-YrE_0.00000_4.60000.mp4,4-s5TIz-YrE,4-s5TIz-YrE_000014_000024,,Matching file not found in kinetics_clips
train,7TXkYHlaftI_0.00000_10.00000.mp4,7TXkYHlaftI,7TXkYHlaftI_000000_000010,,Matching file not found in kinetics_clips
train,-8k3AnXTBD8_0.00000_8.18333.mp4,-8k3AnXTBD8,-8k3AnXTBD8_000047_000057,,Matching file not found in kinetics_clips
train,Ad5_tGSCCLE_1.67112_3.60963.mp4,Ad5_tGSCCLE,Ad5_tGSCCLE_000000_000010,,Matching file not found in kinetics_clips
train,Bystz_9D4NA_5.38333_7.63333.mp4,Bystz_9D4NA,Bystz_9D4NA_000110_000120,,Matching file not found in kinetics_clips
train,Gi6RLG69BFE_0.00000_1.98333.mp4,Gi6RLG69BFE,Gi6RLG69BFE_000026_000036,,Matching file not found in kinetics_clips
train,PSjsZbsL-5w_0.90000_3.46667.mp4,PSjsZbsL-5w,PSjsZbsL-5w_000015_000025,,Matching file not found in kinetics_clips
train,T0ST9vRjYS8_1.10000_2.90000.mp4,T0ST9vRjYS8,T0ST9vRjYS8_000040_000050,,Matching file not found in kinetics_clips
train,VByjMRVclos_0.00000_2.90290.mp4,VByjMRVclos,VByjMRVclos_000084_000094,,Matching file not found in kinetics_clips
train,g-p9SUNjqTQ_0.93427_4.73807.mp4,g-p9SUNjqTQ,g-p9SUNjqTQ_000000_000010,,Matching file not found in kinetics_clips
train,oN3qOlphjfo_0.50000_5.73333.mp4,oN3qOlphjfo,oN3qOlphjfo_000000_000010,,Matching file not found in kinetics_clips
train,8_xnqCd7t80_0.74000_3.56000.mp4,8_xnqCd7t80,8_xnqCd7t80_000002_000012,,Matching file not found in kinetics_clips
train,AIM95az_AAo_2.03537_5.23857.mp4,AIM95az_AAo,AIM95az_AAo_000003_000013,,Matching file not found in kinetics_clips
train,OsEjb8EQSUE_1.83517_7.67434.mp4,OsEjb8EQSUE,OsEjb8EQSUE_000013_000023,,Matching file not found in kinetics_clips
train,eE1Qej1DPXg_1.32000_6.92000.mp4,eE1Qej1DPXg,eE1Qej1DPXg_000010_000020,,Matching file not found in kinetics_clips
train,fpt1ZOTurQ0_4.06395_9.54645.mp4,fpt1ZOTurQ0,fpt1ZOTurQ0_000007_000017,,Matching file not found in kinetics_clips
train,p6xd-DUdIxI_0.33333_6.70833.mp4,p6xd-DUdIxI,p6xd-DUdIxI_000000_000010,,Matching file not found in kinetics_clips
train,2VMNiUtJ2mY_0.00000_2.86954.mp4,2VMNiUtJ2mY,2VMNiUtJ2mY_000003_000013,,Matching file not found in kinetics_clips
train,7AGxBk-oTZI_2.16884_6.90691.mp4,7AGxBk-oTZI,7AGxBk-oTZI_000002_000012,,Matching file not found in kinetics_clips
train,-obP7eeuMV4_0.00000_7.58333.mp4,-obP7eeuMV4,-obP7eeuMV4_000001_000011,,Matching file not found in kinetics_clips
train,BlPgNmpLoF8_0.00000_4.53787.mp4,BlPgNmpLoF8,BlPgNmpLoF8_000003_000013,,Matching file not found in kinetics_clips
train,OAvWq3UHZ_o_0.00000_10.00000.mp4,OAvWq3UHZ_o,OAvWq3UHZ_o_000109_000119,,Matching file not found in kinetics_clips
train,fHfA_-QpnYA_0.00000_10.00000.mp4,fHfA_-QpnYA,fHfA_-QpnYA_000005_000015,,Matching file not found in kinetics_clips
train,i-15iRqUoTI_0.00000_1.50150.mp4,i-15iRqUoTI,i-15iRqUoTI_000008_000018,,Matching file not found in kinetics_clips
train,i-15iRqUoTI_5.07174_9.97664.mp4,i-15iRqUoTI,i-15iRqUoTI_000008_000018,,Matching file not found in kinetics_clips
train,nPTCB6sXCxQ_0.00000_1.92000.mp4,nPTCB6sXCxQ,nPTCB6sXCxQ_000000_000010,,Matching file not found in kinetics_clips
train,taNUSwI_rDc_1.56824_9.97664.mp4,taNUSwI_rDc,taNUSwI_rDc_000002_000012,,Matching file not found in kinetics_clips
train,ukh9vVwqDpc_0.00000_9.96913.mp4,ukh9vVwqDpc,ukh9vVwqDpc_000003_000013,,Matching file not found in kinetics_clips
train,4o0ZXSiaLlA_1.08781_9.99422.mp4,4o0ZXSiaLlA,4o0ZXSiaLlA_000000_000010,,Matching file not found in kinetics_clips
train,Dhk4t6Vu-L8_0.00000_10.00000.mp4,Dhk4t6Vu-L8,Dhk4t6Vu-L8_000017_000027,,Matching file not found in kinetics_clips
train,QAb2ef3YBOE_0.00000_10.00000.mp4,QAb2ef3YBOE,QAb2ef3YBOE_000009_000019,,Matching file not found in kinetics_clips
train,Qf_5SQY9gHU_0.00000_10.00000.mp4,Qf_5SQY9gHU,Qf_5SQY9gHU_000003_000013,,Matching file not found in kinetics_clips
train,QwXIASOefuQ_0.00000_10.00000.mp4,QwXIASOefuQ,QwXIASOefuQ_000007_000017,,Matching file not found in kinetics_clips
train,eJGPOq-hMKw_6.70000_10.00000.mp4,eJGPOq-hMKw,eJGPOq-hMKw_000004_000014,,Matching file not found in kinetics_clips
train,j8dFgXGYvKo_0.00000_5.60000.mp4,j8dFgXGYvKo,j8dFgXGYvKo_000027_000037,,Matching file not found in kinetics_clips
train,j8dFgXGYvKo_7.06667_10.00000.mp4,j8dFgXGYvKo,j8dFgXGYvKo_000027_000037,,Matching file not found in kinetics_clips
train,pY5gr_I9WjI_0.00000_9.97664.mp4,pY5gr_I9WjI,pY5gr_I9WjI_000002_000012,,Matching file not found in kinetics_clips
train,rUzAvc1UjRA_0.00000_10.00000.mp4,rUzAvc1UjRA,rUzAvc1UjRA_000014_000024,,Matching file not found in kinetics_clips
train,wrN85CA16c0_0.00000_8.90891.mp4,wrN85CA16c0,wrN85CA16c0_000007_000017,,Matching file not found in kinetics_clips
train,0ckGqSkH3aY_2.17763_7.30145.mp4,0ckGqSkH3aY,0ckGqSkH3aY_000116_000126,,Matching file not found in kinetics_clips
train,4G6s85l-STo_0.00000_10.00000.mp4,4G6s85l-STo,4G6s85l-STo_000025_000035,,Matching file not found in kinetics_clips
train,BP5RQQI8CEg_0.00000_5.70178.mp4,BP5RQQI8CEg,BP5RQQI8CEg_000167_000177,,Matching file not found in kinetics_clips
train,D8mXeYw2Yms_0.00000_5.86667.mp4,D8mXeYw2Yms,D8mXeYw2Yms_000006_000016,,Matching file not found in kinetics_clips
train,ErgWAKiq1ho_0.00000_6.12500.mp4,ErgWAKiq1ho,ErgWAKiq1ho_000030_000040,,Matching file not found in kinetics_clips
train,F5Zfc2e78ZA_0.00000_8.55000.mp4,F5Zfc2e78ZA,F5Zfc2e78ZA_000003_000013,,Matching file not found in kinetics_clips
train,GE6VK3ySAtI_0.00000_1.06773.mp4,GE6VK3ySAtI,GE6VK3ySAtI_000020_000030,,Matching file not found in kinetics_clips
train,GE6VK3ySAtI_1.83517_5.00501.mp4,GE6VK3ySAtI,GE6VK3ySAtI_000020_000030,,Matching file not found in kinetics_clips
train,IEidzT4MEMk_0.00000_10.00000.mp4,IEidzT4MEMk,IEidzT4MEMk_000117_000127,,Matching file not found in kinetics_clips
train,JLGwkUjoPsk_0.00000_5.93927.mp4,JLGwkUjoPsk,JLGwkUjoPsk_000027_000037,,Matching file not found in kinetics_clips
train,KH6P86revfc_0.00000_7.97464.mp4,KH6P86revfc,KH6P86revfc_000002_000012,,Matching file not found in kinetics_clips
train,Kk6n29KqipA_0.00000_3.60360.mp4,Kk6n29KqipA,Kk6n29KqipA_000010_000020,,Matching file not found in kinetics_clips
train,L8bee5aEgBA_0.36703_9.97664.mp4,L8bee5aEgBA,L8bee5aEgBA_000252_000262,,Matching file not found in kinetics_clips
train,PM05EC64rlc_0.00000_9.97664.mp4,PM05EC64rlc,PM05EC64rlc_000014_000024,,Matching file not found in kinetics_clips
train,S2Rk68TY1qc_0.00000_8.12500.mp4,S2Rk68TY1qc,S2Rk68TY1qc_000057_000067,,Matching file not found in kinetics_clips
train,V3STr4plXGg_0.00000_10.00000.mp4,V3STr4plXGg,V3STr4plXGg_000232_000242,,Matching file not found in kinetics_clips
train,Xp3ruKdw2YI_0.00000_9.97664.mp4,Xp3ruKdw2YI,Xp3ruKdw2YI_000000_000010,,Matching file not found in kinetics_clips
train,Zd6-xVxN2NU_0.00000_10.00000.mp4,Zd6-xVxN2NU,Zd6-xVxN2NU_000035_000045,,Matching file not found in kinetics_clips
train,a8fcsc9nm_E_0.00000_10.00000.mp4,a8fcsc9nm_E,a8fcsc9nm_E_000025_000035,,Matching file not found in kinetics_clips
train,dmtxU26lF6E_0.56667_10.00000.mp4,dmtxU26lF6E,dmtxU26lF6E_000000_000010,,Matching file not found in kinetics_clips
train,gap1tQ4c438_1.23457_5.58892.mp4,gap1tQ4c438,gap1tQ4c438_000020_000030,,Matching file not found in kinetics_clips
train,lnNUc7DFCN8_0.40040_9.97664.mp4,lnNUc7DFCN8,lnNUc7DFCN8_000171_000181,,Matching file not found in kinetics_clips
train,nCIPXI2XyFU_1.16667_10.00000.mp4,nCIPXI2XyFU,nCIPXI2XyFU_000003_000013,,Matching file not found in kinetics_clips
train,qou9z2o8fm4_0.00000_10.00000.mp4,qou9z2o8fm4,qou9z2o8fm4_000007_000017,,Matching file not found in kinetics_clips
train,rbngfUJgu8Y_0.00000_9.96408.mp4,rbngfUJgu8Y,rbngfUJgu8Y_000007_000017,,Matching file not found in kinetics_clips
train,r-kcQEJq5Zc_0.00000_10.00000.mp4,r-kcQEJq5Zc,r-kcQEJq5Zc_000220_000230,,Matching file not found in kinetics_clips
train,y42m8cMxlkk_0.00000_3.68702.mp4,y42m8cMxlkk,y42m8cMxlkk_000026_000036,,Matching file not found in kinetics_clips
train,3R0KIDzX1SI_0.00000_9.97664.mp4,3R0KIDzX1SI,3R0KIDzX1SI_000054_000064,,Matching file not found in kinetics_clips
train,794nYWCgEOI_0.00000_9.97664.mp4,794nYWCgEOI,794nYWCgEOI_000348_000358,,Matching file not found in kinetics_clips
train,BNB_2OX8vcI_0.00000_5.69231.mp4,BNB_2OX8vcI,BNB_2OX8vcI_000015_000025,,Matching file not found in kinetics_clips
train,G9i6nyErAgE_0.00000_10.00000.mp4,G9i6nyErAgE,G9i6nyErAgE_000278_000288,,Matching file not found in kinetics_clips
train,HqDD2PHO03M_0.00000_9.96830.mp4,HqDD2PHO03M,HqDD2PHO03M_000012_000022,,Matching file not found in kinetics_clips
train,P5ohYhxsYo8_0.00000_9.97664.mp4,P5ohYhxsYo8,P5ohYhxsYo8_000002_000012,,Matching file not found in kinetics_clips
train,RfW-KjOYXGE_0.00000_9.96830.mp4,RfW-KjOYXGE,RfW-KjOYXGE_000009_000019,,Matching file not found in kinetics_clips
train,UYbkejYOaII_0.00000_4.80000.mp4,UYbkejYOaII,UYbkejYOaII_000008_000018,,Matching file not found in kinetics_clips
train,Zd8JopgebnI_0.00000_9.97664.mp4,Zd8JopgebnI,Zd8JopgebnI_000021_000031,,Matching file not found in kinetics_clips
train,c6ScBnbLCIs_1.03448_9.37931.mp4,c6ScBnbLCIs,c6ScBnbLCIs_000058_000068,,Matching file not found in kinetics_clips
train,gj6KT4RLlPU_0.00000_5.80581.mp4,gj6KT4RLlPU,gj6KT4RLlPU_000173_000183,,Matching file not found in kinetics_clips
train,hf721om62L8_0.00000_6.07274.mp4,hf721om62L8,hf721om62L8_000000_000010,,Matching file not found in kinetics_clips
train,tLzQcJKJZvA_0.00000_9.16667.mp4,tLzQcJKJZvA,tLzQcJKJZvA_000000_000010,,Matching file not found in kinetics_clips
train,xGH01du4DDM_0.00000_9.92742.mp4,xGH01du4DDM,xGH01du4DDM_000158_000168,,Matching file not found in kinetics_clips
train,69aAzRzPUfk_0.00000_9.95170.mp4,69aAzRzPUfk,69aAzRzPUfk_000049_000059,,Matching file not found in kinetics_clips
train,7_ucWDLMAiE_0.00000_6.10000.mp4,7_ucWDLMAiE,7_ucWDLMAiE_000005_000015,,Matching file not found in kinetics_clips
train,8u9GUtevbZo_3.67034_9.96830.mp4,8u9GUtevbZo,8u9GUtevbZo_000045_000055,,Matching file not found in kinetics_clips
train,Da___RuIBfg_2.36904_9.87654.mp4,Da___RuIBfg,Da___RuIBfg_000045_000055,,Matching file not found in kinetics_clips
train,De4fAXtOUkw_0.00000_6.33967.mp4,De4fAXtOUkw,De4fAXtOUkw_000015_000025,,Matching file not found in kinetics_clips
train,FxODAaxkNtM_1.03648_9.99699.mp4,FxODAaxkNtM,FxODAaxkNtM_000000_000010,,Matching file not found in kinetics_clips
train,F8OZK_eVmFI_0.00000_9.97664.mp4,F8OZK_eVmFI,F8OZK_eVmFI_000001_000011,,Matching file not found in kinetics_clips
train,M6DZ0Dca17w_0.00000_9.97664.mp4,M6DZ0Dca17w,M6DZ0Dca17w_000077_000087,,Matching file not found in kinetics_clips
train,NBMVGHRo4Zs_0.00000_6.50000.mp4,NBMVGHRo4Zs,NBMVGHRo4Zs_000002_000012,,Matching file not found in kinetics_clips
train,SQ_4MVrxuH8_0.96000_10.00000.mp4,SQ_4MVrxuH8,SQ_4MVrxuH8_000000_000010,,Matching file not found in kinetics_clips
train,UeUQaz60LMI_0.83417_9.97664.mp4,UeUQaz60LMI,UeUQaz60LMI_000000_000010,,Matching file not found in kinetics_clips
train,VBC3FfByEB4_0.00000_9.97664.mp4,VBC3FfByEB4,VBC3FfByEB4_000001_000011,,Matching file not found in kinetics_clips
train,hcfA46y5coM_0.00000_7.76667.mp4,hcfA46y5coM,hcfA46y5coM_000001_000011,,Matching file not found in kinetics_clips
train,hxHW9ZsmUgU_0.00000_2.63597.mp4,hxHW9ZsmUgU,hxHW9ZsmUgU_000022_000032,,Matching file not found in kinetics_clips
train,o_I48i00oMk_0.00000_9.97664.mp4,o_I48i00oMk,o_I48i00oMk_000001_000011,,Matching file not found in kinetics_clips
train,246blh5O9JU_0.00000_10.00000.mp4,246blh5O9JU,246blh5O9JU_000003_000013,,Matching file not found in kinetics_clips
train,3iNTdJuNOVE_2.60260_9.97664.mp4,3iNTdJuNOVE,3iNTdJuNOVE_000016_000026,,Matching file not found in kinetics_clips
train,3wkiquZ_P1A_2.80000_10.00000.mp4,3wkiquZ_P1A,3wkiquZ_P1A_000027_000037,,Matching file not found in kinetics_clips
train,4AtRu93NbrI_4.30430_9.97664.mp4,4AtRu93NbrI,4AtRu93NbrI_000005_000015,,Matching file not found in kinetics_clips
train,5DHKLIb6QpI_0.00000_10.00000.mp4,5DHKLIb6QpI,5DHKLIb6QpI_000002_000012,,Matching file not found in kinetics_clips
train,5j12XCKC_io_0.43333_10.00000.mp4,5j12XCKC_io,5j12XCKC_io_000002_000012,,Matching file not found in kinetics_clips
train,7FO4D58mENc_0.00000_9.94328.mp4,7FO4D58mENc,7FO4D58mENc_000030_000040,,Matching file not found in kinetics_clips
train,9W1N3CaNmcQ_0.00000_10.00000.mp4,9W1N3CaNmcQ,9W1N3CaNmcQ_000025_000035,,Matching file not found in kinetics_clips
train,E5YYo2vowPM_0.00000_9.14248.mp4,E5YYo2vowPM,E5YYo2vowPM_000000_000010,,Matching file not found in kinetics_clips
train,FDzRdB3EEm0_0.33367_5.33867.mp4,FDzRdB3EEm0,FDzRdB3EEm0_000008_000018,,Matching file not found in kinetics_clips
train,Jc3QV8id9Ns_0.00000_9.97664.mp4,Jc3QV8id9Ns,Jc3QV8id9Ns_000000_000010,,Matching file not found in kinetics_clips
train,K7uJQDVVtPU_0.00000_9.98711.mp4,K7uJQDVVtPU,K7uJQDVVtPU_000000_000010,,Matching file not found in kinetics_clips
train,OhcNYoonpc0_0.00000_8.17484.mp4,OhcNYoonpc0,OhcNYoonpc0_000003_000013,,Matching file not found in kinetics_clips
train,dJANwccke9Q_2.68966_5.82759.mp4,dJANwccke9Q,dJANwccke9Q_000000_000010,,Matching file not found in kinetics_clips
train,nQIROQk78Do_0.50050_6.77344.mp4,nQIROQk78Do,nQIROQk78Do_000021_000031,,Matching file not found in kinetics_clips
train,qkkg1Bp1m7w_0.53387_9.97664.mp4,qkkg1Bp1m7w,qkkg1Bp1m7w_000000_000010,,Matching file not found in kinetics_clips
train,sEFZ45uYI2c_0.00000_8.60000.mp4,sEFZ45uYI2c,sEFZ45uYI2c_000045_000055,,Matching file not found in kinetics_clips
train,szlw8XOERl8_5.73907_8.84218.mp4,szlw8XOERl8,szlw8XOERl8_000018_000028,,Matching file not found in kinetics_clips
train,tExQFWaFJwM_0.36703_4.43777.mp4,tExQFWaFJwM,tExQFWaFJwM_000000_000010,,Matching file not found in kinetics_clips
train,0CcBSsbQvFg_0.00000_3.97064.mp4,0CcBSsbQvFg,0CcBSsbQvFg_000000_000010,,Matching file not found in kinetics_clips
train,0kpaIDrF_hM_0.00000_9.04238.mp4,0kpaIDrF_hM,0kpaIDrF_hM_000003_000013,,Matching file not found in kinetics_clips
train,15qwsMlDRrk_0.61667_10.00000.mp4,15qwsMlDRrk,15qwsMlDRrk_000000_000010,,Matching file not found in kinetics_clips
train,37BRxdkQu_o_0.00000_7.46667.mp4,37BRxdkQu_o,37BRxdkQu_o_000050_000060,,Matching file not found in kinetics_clips
train,5kyCnrfo1dg_0.00000_9.62069.mp4,5kyCnrfo1dg,5kyCnrfo1dg_000008_000018,,Matching file not found in kinetics_clips
train,8MUKFlFAOHs_0.00000_2.90290.mp4,8MUKFlFAOHs,8MUKFlFAOHs_000000_000010,,Matching file not found in kinetics_clips
train,8MUKFlFAOHs_5.67234_8.47514.mp4,8MUKFlFAOHs,8MUKFlFAOHs_000000_000010,,Matching file not found in kinetics_clips
train,8x70ER-FoWY_0.36667_9.60000.mp4,8x70ER-FoWY,8x70ER-FoWY_000000_000010,,Matching file not found in kinetics_clips
train,--65_UAU7ao_0.21688_6.30631.mp4,--65_UAU7ao,--65_UAU7ao_000000_000010,,Matching file not found in kinetics_clips
train,FGhar8uvvkY_2.33333_4.90000.mp4,FGhar8uvvkY,FGhar8uvvkY_000005_000015,,Matching file not found in kinetics_clips
train,SsOJ0G1psUA_2.06667_7.60000.mp4,SsOJ0G1psUA,SsOJ0G1psUA_000000_000010,,Matching file not found in kinetics_clips
train,ZY2jiH9aMzI_1.06773_2.86954.mp4,ZY2jiH9aMzI,ZY2jiH9aMzI_000004_000014,,Matching file not found in kinetics_clips
train,cupW3D0ClB0_0.00000_5.33867.mp4,cupW3D0ClB0,cupW3D0ClB0_000000_000010,,Matching file not found in kinetics_clips
train,vlVg8lZfstk_0.00000_9.97664.mp4,vlVg8lZfstk,vlVg8lZfstk_000275_000285,,Matching file not found in kinetics_clips
train,9oxc0qkq994_0.62069_4.44828.mp4,9oxc0qkq994,9oxc0qkq994_000010_000020,,Matching file not found in kinetics_clips
train,9oxc0qkq994_6.27586_8.93103.mp4,9oxc0qkq994,9oxc0qkq994_000010_000020,,Matching file not found in kinetics_clips
train,ETo6wgt7i2k_0.00000_10.00000.mp4,ETo6wgt7i2k,ETo6wgt7i2k_000173_000183,,Matching file not found in kinetics_clips
train,SSnFwDTeO9c_0.00000_10.00000.mp4,SSnFwDTeO9c,SSnFwDTeO9c_000033_000043,,Matching file not found in kinetics_clips
train,Yp-Z7yiDsgA_0.00000_8.20000.mp4,Yp-Z7yiDsgA,Yp-Z7yiDsgA_000005_000015,,Matching file not found in kinetics_clips
train,ab-MmudKdD0_0.00000_3.06974.mp4,ab-MmudKdD0,ab-MmudKdD0_000012_000022,,Matching file not found in kinetics_clips
train,casDTQ0y60Y_0.53387_9.97664.mp4,casDTQ0y60Y,casDTQ0y60Y_000072_000082,,Matching file not found in kinetics_clips
train,g3V9JXXCfNI_0.00000_6.80681.mp4,g3V9JXXCfNI,g3V9JXXCfNI_000023_000033,,Matching file not found in kinetics_clips
train,vEzF8Q7IZnw_0.00000_9.97664.mp4,vEzF8Q7IZnw,vEzF8Q7IZnw_000005_000015,,Matching file not found in kinetics_clips
train,0Ha4LtIs-4M_5.43877_9.97664.mp4,0Ha4LtIs-4M,0Ha4LtIs-4M_000119_000129,,Matching file not found in kinetics_clips
train,0rvBA3Lk2eo_2.36667_10.00000.mp4,0rvBA3Lk2eo,0rvBA3Lk2eo_000004_000014,,Matching file not found in kinetics_clips
train,5B6kJaxZ-l8_0.00000_10.00000.mp4,5B6kJaxZ-l8,5B6kJaxZ-l8_000092_000102,,Matching file not found in kinetics_clips
train,6GZPVfofQ2c_0.00000_10.00000.mp4,6GZPVfofQ2c,6GZPVfofQ2c_000074_000084,,Matching file not found in kinetics_clips
train,DpDyuhF6Alc_0.00000_2.40240.mp4,DpDyuhF6Alc,DpDyuhF6Alc_000160_000170,,Matching file not found in kinetics_clips
train,E5A5JfS5wwk_1.63333_9.11667.mp4,E5A5JfS5wwk,E5A5JfS5wwk_000078_000088,,Matching file not found in kinetics_clips
train,GF0kdOyBnVo_0.08000_9.22000.mp4,GF0kdOyBnVo,GF0kdOyBnVo_000075_000085,,Matching file not found in kinetics_clips
train,JDbWT8TC1q8_0.00000_3.78712.mp4,JDbWT8TC1q8,JDbWT8TC1q8_000042_000052,,Matching file not found in kinetics_clips
train,JI64dikSIm4_3.47014_7.57424.mp4,JI64dikSIm4,JI64dikSIm4_000000_000010,,Matching file not found in kinetics_clips
train,PU9urxFmX7Y_0.00000_4.43777.mp4,PU9urxFmX7Y,PU9urxFmX7Y_000005_000015,,Matching file not found in kinetics_clips
train,PagVojz4-qk_0.60060_5.50551.mp4,PagVojz4-qk,PagVojz4-qk_000106_000116,,Matching file not found in kinetics_clips
train,T13NYMpFfpw_0.53932_5.86510.mp4,T13NYMpFfpw,T13NYMpFfpw_000000_000010,,Matching file not found in kinetics_clips
train,a9PrSorcZ-Q_0.33333_3.90000.mp4,a9PrSorcZ-Q,a9PrSorcZ-Q_000282_000292,,Matching file not found in kinetics_clips
train,bdl8pBWigTQ_0.00000_9.72691.mp4,bdl8pBWigTQ,bdl8pBWigTQ_000001_000011,,Matching file not found in kinetics_clips
train,hkPD4SbMS8c_3.20000_8.63333.mp4,hkPD4SbMS8c,hkPD4SbMS8c_000207_000217,,Matching file not found in kinetics_clips
train,k3zt30q3aMI_2.60260_4.27094.mp4,k3zt30q3aMI,k3zt30q3aMI_000089_000099,,Matching file not found in kinetics_clips
train,ohp5vRs9oA4_0.00000_5.58000.mp4,ohp5vRs9oA4,ohp5vRs9oA4_000049_000059,,Matching file not found in kinetics_clips
train,o6Fjd8hm3W8_5.50000_10.00000.mp4,o6Fjd8hm3W8,o6Fjd8hm3W8_000061_000071,,Matching file not found in kinetics_clips
train,qBYVmxHS-bM_0.00000_7.00701.mp4,qBYVmxHS-bM,qBYVmxHS-bM_000189_000199,,Matching file not found in kinetics_clips
train,rErRUEhejgQ_4.66667_8.20000.mp4,rErRUEhejgQ,rErRUEhejgQ_000012_000022,,Matching file not found in kinetics_clips
train,NGIHzgTCjho_0.86753_4.60460.mp4,NGIHzgTCjho,NGIHzgTCjho_000150_000160,,Matching file not found in kinetics_clips
train,NGIHzgTCjho_5.43877_9.97664.mp4,NGIHzgTCjho,NGIHzgTCjho_000150_000160,,Matching file not found in kinetics_clips
train,RkzDr7KZ-O0_0.46713_5.92259.mp4,RkzDr7KZ-O0,RkzDr7KZ-O0_000053_000063,,Matching file not found in kinetics_clips
train,TmCObbVzPOo_1.62000_8.22000.mp4,TmCObbVzPOo,TmCObbVzPOo_000007_000017,,Matching file not found in kinetics_clips
train,T3Q10NrKG8k_2.22000_8.08000.mp4,T3Q10NrKG8k,T3Q10NrKG8k_000145_000155,,Matching file not found in kinetics_clips
train,hPuylJBmk_8_2.76944_9.97664.mp4,hPuylJBmk_8,hPuylJBmk_8_000047_000057,,Matching file not found in kinetics_clips
train,jgwicuiEHz8_5.35536_9.40941.mp4,jgwicuiEHz8,jgwicuiEHz8_000214_000224,,Matching file not found in kinetics_clips
train,kc-Nz-_vIRw_0.00000_8.64197.mp4,kc-Nz-_vIRw,kc-Nz-_vIRw_000013_000023,,Matching file not found in kinetics_clips
train,sPKu2KAeqI0_1.03437_6.62329.mp4,sPKu2KAeqI0,sPKu2KAeqI0_000094_000104,,Matching file not found in kinetics_clips
train,s9JdTUjDwow_0.80000_10.00000.mp4,s9JdTUjDwow,s9JdTUjDwow_000008_000018,,Matching file not found in kinetics_clips
train,yQGH9nB4_3Q_2.13333_9.95000.mp4,yQGH9nB4_3Q,yQGH9nB4_3Q_000072_000082,,Matching file not found in kinetics_clips
train,zWXWj7wEfNc_2.36667_9.65000.mp4,zWXWj7wEfNc,zWXWj7wEfNc_000063_000073,,Matching file not found in kinetics_clips
train,-ZL_323pxvk_1.39583_8.29167.mp4,-ZL_323pxvk,-ZL_323pxvk_000119_000129,,Matching file not found in kinetics_clips
train,AYoqgGYudd0_0.00000_6.47314.mp4,AYoqgGYudd0,AYoqgGYudd0_000064_000074,,Matching file not found in kinetics_clips
train,BvfYgPe2F28_0.00000_9.97664.mp4,BvfYgPe2F28,BvfYgPe2F28_000005_000015,,Matching file not found in kinetics_clips
train,EPrFE7JnpIc_0.00000_2.96667.mp4,EPrFE7JnpIc,EPrFE7JnpIc_000000_000010,,Matching file not found in kinetics_clips
train,EPrFE7JnpIc_4.76667_9.76667.mp4,EPrFE7JnpIc,EPrFE7JnpIc_000000_000010,,Matching file not found in kinetics_clips
train,QUK06KcDupA_0.00000_1.60000.mp4,QUK06KcDupA,QUK06KcDupA_000028_000038,,Matching file not found in kinetics_clips
train,VcKJtPnvvhE_6.27043_9.97265.mp4,VcKJtPnvvhE,VcKJtPnvvhE_000002_000012,,Matching file not found in kinetics_clips
train,aa_fQvMY_00_0.00000_9.97664.mp4,aa_fQvMY_00,aa_fQvMY_00_000001_000011,,Matching file not found in kinetics_clips
train,cIOnJrZcHzg_0.00000_10.00000.mp4,cIOnJrZcHzg,cIOnJrZcHzg_000003_000013,,Matching file not found in kinetics_clips
train,hRoi4yRYCpE_0.00000_6.10611.mp4,hRoi4yRYCpE,hRoi4yRYCpE_000143_000153,,Matching file not found in kinetics_clips
train,oP2aXdfSc0s_0.00000_9.94328.mp4,oP2aXdfSc0s,oP2aXdfSc0s_000059_000069,,Matching file not found in kinetics_clips
train,tkevQ2SQNqI_0.00000_5.06897.mp4,tkevQ2SQNqI,tkevQ2SQNqI_000003_000013,,Matching file not found in kinetics_clips
train,xAzsRf6JNs0_0.00000_10.00000.mp4,xAzsRf6JNs0,xAzsRf6JNs0_000001_000011,,Matching file not found in kinetics_clips
train,yJW-DDaMZ-M_0.00000_4.33333.mp4,yJW-DDaMZ-M,yJW-DDaMZ-M_000024_000034,,Matching file not found in kinetics_clips
train,122texA_m_4_0.00000_10.00000.mp4,122texA_m_4,122texA_m_4_000023_000033,,Matching file not found in kinetics_clips
train,AHwJMCXiM60_0.00000_9.94328.mp4,AHwJMCXiM60,AHwJMCXiM60_000027_000037,,Matching file not found in kinetics_clips
train,Akwdggv-91g_0.00000_9.92659.mp4,Akwdggv-91g,Akwdggv-91g_000038_000048,,Matching file not found in kinetics_clips
train,BrtUG9jAsJI_0.76667_9.96667.mp4,BrtUG9jAsJI,BrtUG9jAsJI_000002_000012,,Matching file not found in kinetics_clips
train,E6G-o7adOsg_0.00000_9.97664.mp4,E6G-o7adOsg,E6G-o7adOsg_000007_000017,,Matching file not found in kinetics_clips
train,Fy2fOJBuLuc_0.00000_9.96830.mp4,Fy2fOJBuLuc,Fy2fOJBuLuc_000009_000019,,Matching file not found in kinetics_clips
train,HesycfeXGkY_0.00000_9.97664.mp4,HesycfeXGkY,HesycfeXGkY_000002_000012,,Matching file not found in kinetics_clips
train,JjfhAAxftEQ_0.00000_9.97664.mp4,JjfhAAxftEQ,JjfhAAxftEQ_000000_000010,,Matching file not found in kinetics_clips
train,O4MXIrHhqZo_2.90000_9.96667.mp4,O4MXIrHhqZo,O4MXIrHhqZo_000005_000015,,Matching file not found in kinetics_clips
train,PFISl6mVwtk_0.00000_5.10000.mp4,PFISl6mVwtk,PFISl6mVwtk_000045_000055,,Matching file not found in kinetics_clips
train,YWVwDBOHAIY_0.00000_10.00000.mp4,YWVwDBOHAIY,YWVwDBOHAIY_000010_000020,,Matching file not found in kinetics_clips
train,bnlI4BASlXI_0.00000_9.50951.mp4,bnlI4BASlXI,bnlI4BASlXI_000017_000027,,Matching file not found in kinetics_clips
train,iKIKRztPIpQ_0.00000_10.00000.mp4,iKIKRztPIpQ,iKIKRztPIpQ_000016_000026,,Matching file not found in kinetics_clips
train,klHQVbogkYw_0.00000_7.76667.mp4,klHQVbogkYw,klHQVbogkYw_000037_000047,,Matching file not found in kinetics_clips
train,mkSvldU_VUw_0.00000_10.00000.mp4,mkSvldU_VUw,mkSvldU_VUw_000001_000011,,Matching file not found in kinetics_clips
train,uOhXAckJNv0_0.00000_6.31748.mp4,uOhXAckJNv0,uOhXAckJNv0_000006_000016,,Matching file not found in kinetics_clips
train,4dloJkmJdRY_0.00000_9.97664.mp4,4dloJkmJdRY,4dloJkmJdRY_000009_000019,,Matching file not found in kinetics_clips
train,ACUT-_cxF9s_0.00000_6.30000.mp4,ACUT-_cxF9s,ACUT-_cxF9s_000012_000022,,Matching file not found in kinetics_clips
train,TjY7wvB9XZE_0.00000_6.05022.mp4,TjY7wvB9XZE,TjY7wvB9XZE_000000_000010,,Matching file not found in kinetics_clips
train,ePOrmh8TVcw_0.00000_3.83333.mp4,ePOrmh8TVcw,ePOrmh8TVcw_000002_000012,,Matching file not found in kinetics_clips
train,gEVvA6w5nPE_0.00000_9.16667.mp4,gEVvA6w5nPE,gEVvA6w5nPE_000003_000013,,Matching file not found in kinetics_clips
train,vB3UZtFsrqQ_0.00000_9.96610.mp4,vB3UZtFsrqQ,vB3UZtFsrqQ_000029_000039,,Matching file not found in kinetics_clips
train,C7eF-MQdX1E_0.00000_9.96830.mp4,C7eF-MQdX1E,C7eF-MQdX1E_000097_000107,,Matching file not found in kinetics_clips
train,FCkfdQ3KxI8_0.00000_9.77644.mp4,FCkfdQ3KxI8,FCkfdQ3KxI8_000000_000010,,Matching file not found in kinetics_clips
train,P5rp2d06wfY_0.00000_9.97664.mp4,P5rp2d06wfY,P5rp2d06wfY_000007_000017,,Matching file not found in kinetics_clips
train,YU0gWh72a3k_0.00000_9.96830.mp4,YU0gWh72a3k,YU0gWh72a3k_000015_000025,,Matching file not found in kinetics_clips
train,Z9tFsZVNMnE_0.00000_9.96830.mp4,Z9tFsZVNMnE,Z9tFsZVNMnE_000014_000024,,Matching file not found in kinetics_clips
train,biEC7Pji7Bg_1.73507_9.50951.mp4,biEC7Pji7Bg,biEC7Pji7Bg_000014_000024,,Matching file not found in kinetics_clips
train,d8b9uhan7Iw_0.00000_9.10000.mp4,d8b9uhan7Iw,d8b9uhan7Iw_000000_000010,,Matching file not found in kinetics_clips
train,gKIatQ9Op4k_2.80280_9.97664.mp4,gKIatQ9Op4k,gKIatQ9Op4k_000001_000011,,Matching file not found in kinetics_clips
train,mL2Nd80FrL8_1.20000_9.16667.mp4,mL2Nd80FrL8,mL2Nd80FrL8_000015_000025,,Matching file not found in kinetics_clips
train,nbUE66uzfCc_1.26667_10.00000.mp4,nbUE66uzfCc,nbUE66uzfCc_000000_000010,,Matching file not found in kinetics_clips
train,r97GsJhJ8No_2.60000_9.68000.mp4,r97GsJhJ8No,r97GsJhJ8No_000005_000015,,Matching file not found in kinetics_clips
train,1ByGCqjw_wk_0.00000_9.83333.mp4,1ByGCqjw_wk,1ByGCqjw_wk_000003_000013,,Matching file not found in kinetics_clips
train,2-m13VKbJbU_0.00000_4.42146.mp4,2-m13VKbJbU,2-m13VKbJbU_000005_000015,,Matching file not found in kinetics_clips
train,4s6xVt9PPIM_1.30130_5.00500.mp4,4s6xVt9PPIM,4s6xVt9PPIM_000071_000081,,Matching file not found in kinetics_clips
train,4s6xVt9PPIM_6.47314_9.94328.mp4,4s6xVt9PPIM,4s6xVt9PPIM_000071_000081,,Matching file not found in kinetics_clips
train,7hlpmIqsyKg_0.00000_9.66667.mp4,7hlpmIqsyKg,7hlpmIqsyKg_000008_000018,,Matching file not found in kinetics_clips
train,-WTRl_h5XKg_0.00000_8.50000.mp4,-WTRl_h5XKg,-WTRl_h5XKg_000118_000128,,Matching file not found in kinetics_clips
train,-7BiugaROUM_0.00000_9.97664.mp4,-7BiugaROUM,-7BiugaROUM_000016_000026,,Matching file not found in kinetics_clips
train,Dq4sUCCmNt8_0.00000_7.97464.mp4,Dq4sUCCmNt8,Dq4sUCCmNt8_000096_000106,,Matching file not found in kinetics_clips
train,IJ9uN6i7th0_0.00000_2.75298.mp4,IJ9uN6i7th0,IJ9uN6i7th0_000063_000073,,Matching file not found in kinetics_clips
train,KInIza0qH5g_0.00000_9.94328.mp4,KInIza0qH5g,KInIza0qH5g_000029_000039,,Matching file not found in kinetics_clips
train,KJmBmCvMqr4_5.77244_9.97664.mp4,KJmBmCvMqr4,KJmBmCvMqr4_000002_000012,,Matching file not found in kinetics_clips
train,LpRCtiiTutU_0.00000_6.98318.mp4,LpRCtiiTutU,LpRCtiiTutU_000010_000020,,Matching file not found in kinetics_clips
train,Tjsv6aFtn6Y_0.00000_10.00000.mp4,Tjsv6aFtn6Y,Tjsv6aFtn6Y_000008_000018,,Matching file not found in kinetics_clips
train,U9rGYSZfitg_0.00000_9.98894.mp4,U9rGYSZfitg,U9rGYSZfitg_000000_000010,,Matching file not found in kinetics_clips
train,aSGwqR9jNNo_0.00000_9.71805.mp4,aSGwqR9jNNo,aSGwqR9jNNo_000007_000017,,Matching file not found in kinetics_clips
train,bG1upRmc218_0.00000_7.96000.mp4,bG1upRmc218,bG1upRmc218_000012_000022,,Matching file not found in kinetics_clips
train,l2odGjwqqGk_0.00000_9.97664.mp4,l2odGjwqqGk,l2odGjwqqGk_000007_000017,,Matching file not found in kinetics_clips
train,nKr-2IIH-f4_0.00000_8.67534.mp4,nKr-2IIH-f4,nKr-2IIH-f4_000004_000014,,Matching file not found in kinetics_clips
train,u2hqoZGgWow_0.00000_9.00901.mp4,u2hqoZGgWow,u2hqoZGgWow_000001_000011,,Matching file not found in kinetics_clips
train,wlUBj35Nx_k_0.03333_8.86667.mp4,wlUBj35Nx_k,wlUBj35Nx_k_000000_000010,,Matching file not found in kinetics_clips
train,1hnMgdfYwk0_0.00000_9.96552.mp4,1hnMgdfYwk0,1hnMgdfYwk0_000010_000020,,Matching file not found in kinetics_clips
train,6vSxpNUlSYU_0.00000_6.66667.mp4,6vSxpNUlSYU,6vSxpNUlSYU_000000_000010,,Matching file not found in kinetics_clips
train,9vJvCg9q2Lo_0.00000_8.57524.mp4,9vJvCg9q2Lo,9vJvCg9q2Lo_000010_000020,,Matching file not found in kinetics_clips
train,G2VDpiErX6s_0.73407_5.43877.mp4,G2VDpiErX6s,G2VDpiErX6s_000072_000082,,Matching file not found in kinetics_clips
train,LcIhPRV-Rmo_0.00000_4.63636.mp4,LcIhPRV-Rmo,LcIhPRV-Rmo_000018_000028,,Matching file not found in kinetics_clips
train,PSnCPDxWvNc_0.00000_9.97664.mp4,PSnCPDxWvNc,PSnCPDxWvNc_000002_000012,,Matching file not found in kinetics_clips
train,R0-uzZ6LNnI_0.00000_9.94328.mp4,R0-uzZ6LNnI,R0-uzZ6LNnI_000265_000275,,Matching file not found in kinetics_clips
train,bPuY7gCtCXQ_0.00000_7.26667.mp4,bPuY7gCtCXQ,bPuY7gCtCXQ_000005_000015,,Matching file not found in kinetics_clips
train,j92ZkRAUiys_0.00000_9.94328.mp4,j92ZkRAUiys,j92ZkRAUiys_000094_000104,,Matching file not found in kinetics_clips
train,n2IhPCkrFy8_0.00000_10.00000.mp4,n2IhPCkrFy8,n2IhPCkrFy8_000013_000023,,Matching file not found in kinetics_clips
train,oOZNo3rsrGw_3.70370_9.97664.mp4,oOZNo3rsrGw,oOZNo3rsrGw_000000_000010,,Matching file not found in kinetics_clips
train,o2naVWxaKxM_0.00000_10.00000.mp4,o2naVWxaKxM,o2naVWxaKxM_000041_000051,,Matching file not found in kinetics_clips
train,qFhoDkvJFnc_0.00000_5.00501.mp4,qFhoDkvJFnc,qFhoDkvJFnc_000004_000014,,Matching file not found in kinetics_clips
train,tBGQMk0B100_0.00000_10.00000.mp4,tBGQMk0B100,tBGQMk0B100_000055_000065,,Matching file not found in kinetics_clips
train,uM8WU3ZLq9Q_9.20921_9.97664.mp4,uM8WU3ZLq9Q,uM8WU3ZLq9Q_000002_000012,,Matching file not found in kinetics_clips
train,0LjEtt9Nfx4_0.16807_9.94958.mp4,0LjEtt9Nfx4,0LjEtt9Nfx4_000034_000044,,Matching file not found in kinetics_clips
train,4R8xgUM3ba0_0.00000_8.32000.mp4,4R8xgUM3ba0,4R8xgUM3ba0_000007_000017,,Matching file not found in kinetics_clips
train,9wnZaUX7wpU_0.00000_9.98835.mp4,9wnZaUX7wpU,9wnZaUX7wpU_000002_000012,,Matching file not found in kinetics_clips
train,AAUb8JTs2M4_0.00000_8.56667.mp4,AAUb8JTs2M4,AAUb8JTs2M4_000019_000029,,Matching file not found in kinetics_clips
train,BDSWjwjXYNM_0.00000_10.00000.mp4,BDSWjwjXYNM,BDSWjwjXYNM_000099_000109,,Matching file not found in kinetics_clips
train,Bw_MIVvvhUU_1.44000_7.92000.mp4,Bw_MIVvvhUU,Bw_MIVvvhUU_000165_000175,,Matching file not found in kinetics_clips
train,FB8nG3ZA00o_0.00000_6.93333.mp4,FB8nG3ZA00o,FB8nG3ZA00o_000025_000035,,Matching file not found in kinetics_clips
train,FlrSdGT9l7U_1.68502_9.95996.mp4,FlrSdGT9l7U,FlrSdGT9l7U_000000_000010,,Matching file not found in kinetics_clips
train,HbAYoheAboo_0.48467_9.50964.mp4,HbAYoheAboo,HbAYoheAboo_000008_000018,,Matching file not found in kinetics_clips
train,PYQKPQTl9q0_0.00000_9.72639.mp4,PYQKPQTl9q0,PYQKPQTl9q0_000036_000046,,Matching file not found in kinetics_clips
train,VERNxMkSmlc_0.00000_4.00000.mp4,VERNxMkSmlc,VERNxMkSmlc_000026_000036,,Matching file not found in kinetics_clips
train,pxGU5sP2vnE_0.00000_9.94328.mp4,pxGU5sP2vnE,pxGU5sP2vnE_000133_000143,,Matching file not found in kinetics_clips
train,u2WPzrpz38g_0.00000_6.35636.mp4,u2WPzrpz38g,u2WPzrpz38g_000009_000019,,Matching file not found in kinetics_clips
train,0Q2sqxP7sZQ_6.89022_9.94328.mp4,0Q2sqxP7sZQ,0Q2sqxP7sZQ_000128_000138,,Matching file not found in kinetics_clips
train,0TVA21VNGts_0.00000_10.00000.mp4,0TVA21VNGts,0TVA21VNGts_000079_000089,,Matching file not found in kinetics_clips
train,1TC4Mx8FvRU_0.00000_9.98333.mp4,1TC4Mx8FvRU,1TC4Mx8FvRU_000035_000045,,Matching file not found in kinetics_clips
train,8j_roCqyldE_0.00000_9.94328.mp4,8j_roCqyldE,8j_roCqyldE_000001_000011,,Matching file not found in kinetics_clips
train,9n47CwR0xkQ_0.00000_10.00000.mp4,9n47CwR0xkQ,9n47CwR0xkQ_000034_000044,,Matching file not found in kinetics_clips
train,9yb75QQ5MyM_0.00000_9.74308.mp4,9yb75QQ5MyM,9yb75QQ5MyM_000000_000010,,Matching file not found in kinetics_clips
train,ABmgFhXv_GQ_0.00000_9.97664.mp4,ABmgFhXv_GQ,ABmgFhXv_GQ_000001_000011,,Matching file not found in kinetics_clips
train,DldIniWqsi8_0.00000_6.22289.mp4,DldIniWqsi8,DldIniWqsi8_000044_000054,,Matching file not found in kinetics_clips
train,Fhwm6Tp8pfA_1.48333_4.98333.mp4,Fhwm6Tp8pfA,Fhwm6Tp8pfA_000005_000015,,Matching file not found in kinetics_clips
train,HEOKCsGF-CY_0.00000_2.73607.mp4,HEOKCsGF-CY,HEOKCsGF-CY_000022_000032,,Matching file not found in kinetics_clips
train,K13Ex42I6XI_0.00000_9.30000.mp4,K13Ex42I6XI,K13Ex42I6XI_000004_000014,,Matching file not found in kinetics_clips
train,Mjba-B-uyeQ_1.98532_9.97664.mp4,Mjba-B-uyeQ,Mjba-B-uyeQ_000019_000029,,Matching file not found in kinetics_clips
train,bAmsm0-mUVU_2.50000_6.86667.mp4,bAmsm0-mUVU,bAmsm0-mUVU_000000_000010,,Matching file not found in kinetics_clips
train,cSDWH5Ex5aA_3.34808_6.27765.mp4,cSDWH5Ex5aA,cSDWH5Ex5aA_000056_000066,,Matching file not found in kinetics_clips
train,fvHKXQN5GM4_1.26794_4.43777.mp4,fvHKXQN5GM4,fvHKXQN5GM4_000023_000033,,Matching file not found in kinetics_clips
train,x0sLdXN_rOU_2.35652_9.96089.mp4,x0sLdXN_rOU,x0sLdXN_rOU_000030_000040,,Matching file not found in kinetics_clips
train,0mYnRW4Pzto_6.46480_9.96830.mp4,0mYnRW4Pzto,0mYnRW4Pzto_000019_000029,,Matching file not found in kinetics_clips
train,5Xa1diXrZ14_0.16609_3.23880.mp4,5Xa1diXrZ14,5Xa1diXrZ14_000002_000012,,Matching file not found in kinetics_clips
train,5litknsMuFw_1.40140_3.50350.mp4,5litknsMuFw,5litknsMuFw_000002_000012,,Matching file not found in kinetics_clips
train,V3cH5CWP0X4_0.00000_7.76667.mp4,V3cH5CWP0X4,V3cH5CWP0X4_000007_000017,,Matching file not found in kinetics_clips
train,gSGfjaO-XOE_0.46667_6.50000.mp4,gSGfjaO-XOE,gSGfjaO-XOE_000034_000044,,Matching file not found in kinetics_clips
train,g5utEs1VhWU_0.00000_6.03333.mp4,g5utEs1VhWU,g5utEs1VhWU_000000_000010,,Matching file not found in kinetics_clips
train,i9uy1EyIjbw_0.00000_9.20000.mp4,i9uy1EyIjbw,i9uy1EyIjbw_000000_000010,,Matching file not found in kinetics_clips
train,qkILeoB7DRw_0.53333_7.90000.mp4,qkILeoB7DRw,qkILeoB7DRw_000007_000017,,Matching file not found in kinetics_clips
train,Bd-S-ZsC81Y_0.00000_5.90591.mp4,Bd-S-ZsC81Y,Bd-S-ZsC81Y_000077_000087,,Matching file not found in kinetics_clips
train,BvjDYKFngfo_0.00000_7.28571.mp4,BvjDYKFngfo,BvjDYKFngfo_000021_000031,,Matching file not found in kinetics_clips
train,LA38-1fNFsM_1.76844_9.97664.mp4,LA38-1fNFsM,LA38-1fNFsM_000014_000024,,Matching file not found in kinetics_clips
train,OcaWxD1FVBg_0.00000_7.91742.mp4,OcaWxD1FVBg,OcaWxD1FVBg_000000_000010,,Matching file not found in kinetics_clips
train,b28i58Epq6Y_1.60160_9.97664.mp4,b28i58Epq6Y,b28i58Epq6Y_000000_000010,,Matching file not found in kinetics_clips
train,iAqkp5i3F_w_0.90000_7.26000.mp4,iAqkp5i3F_w,iAqkp5i3F_w_000015_000025,,Matching file not found in kinetics_clips
train,koBotGDDDv8_0.00000_9.97194.mp4,koBotGDDDv8,koBotGDDDv8_000066_000076,,Matching file not found in kinetics_clips
train,vZ2xB0uD4XE_1.93333_10.00000.mp4,vZ2xB0uD4XE,vZ2xB0uD4XE_000041_000051,,Matching file not found in kinetics_clips
train,1pBelFN3flQ_0.00000_3.84358.mp4,1pBelFN3flQ,1pBelFN3flQ_000001_000011,,Matching file not found in kinetics_clips
train,3qjHjdVHxyk_0.00000_9.97664.mp4,3qjHjdVHxyk,3qjHjdVHxyk_000202_000212,,Matching file not found in kinetics_clips
train,5WwkrhXPXxk_0.00000_9.97664.mp4,5WwkrhXPXxk,5WwkrhXPXxk_000001_000011,,Matching file not found in kinetics_clips
train,CMl8WAGBjqM_0.00000_5.40541.mp4,CMl8WAGBjqM,CMl8WAGBjqM_000053_000063,,Matching file not found in kinetics_clips
train,DVyLVSV8lHo_0.00000_6.67334.mp4,DVyLVSV8lHo,DVyLVSV8lHo_000028_000038,,Matching file not found in kinetics_clips
train,EjPrThkKK-s_0.00000_10.00000.mp4,EjPrThkKK-s,EjPrThkKK-s_000199_000209,,Matching file not found in kinetics_clips
train,G3nFC74iIOI_0.00000_9.97664.mp4,G3nFC74iIOI,G3nFC74iIOI_000819_000829,,Matching file not found in kinetics_clips
train,HAqDX7EObZs_1.23333_7.00000.mp4,HAqDX7EObZs,HAqDX7EObZs_000008_000018,,Matching file not found in kinetics_clips
train,IkTXnQ-Dp-E_0.00000_10.00000.mp4,IkTXnQ-Dp-E,IkTXnQ-Dp-E_000038_000048,,Matching file not found in kinetics_clips
train,JYCSD79XDPg_0.00000_10.00000.mp4,JYCSD79XDPg,JYCSD79XDPg_000000_000010,,Matching file not found in kinetics_clips
train,J5h8YLfXQus_0.00000_9.94328.mp4,J5h8YLfXQus,J5h8YLfXQus_000024_000034,,Matching file not found in kinetics_clips
train,LYx8gIjoAS8_0.00000_9.94328.mp4,LYx8gIjoAS8,LYx8gIjoAS8_000227_000237,,Matching file not found in kinetics_clips
train,MWzd-lfW21A_5.08000_10.00000.mp4,MWzd-lfW21A,MWzd-lfW21A_000030_000040,,Matching file not found in kinetics_clips
train,S0fgeMMy0Nk_0.00000_10.00000.mp4,S0fgeMMy0Nk,S0fgeMMy0Nk_000057_000067,,Matching file not found in kinetics_clips
train,T19o7VKeKvk_0.00000_9.97664.mp4,T19o7VKeKvk,T19o7VKeKvk_000005_000015,,Matching file not found in kinetics_clips
train,Uxz8CZPsZbY_0.00000_10.00000.mp4,Uxz8CZPsZbY,Uxz8CZPsZbY_000336_000346,,Matching file not found in kinetics_clips
train,e3Rg5LdppYU_0.00000_9.94328.mp4,e3Rg5LdppYU,e3Rg5LdppYU_000030_000040,,Matching file not found in kinetics_clips
train,g6B-EweFz3c_2.16884_9.97664.mp4,g6B-EweFz3c,g6B-EweFz3c_000007_000017,,Matching file not found in kinetics_clips
train,jgcvntQ8WQw_0.41667_10.00000.mp4,jgcvntQ8WQw,jgcvntQ8WQw_000000_000010,,Matching file not found in kinetics_clips
train,k_Jale2F3_k_0.00000_10.00000.mp4,k_Jale2F3_k,k_Jale2F3_k_000337_000347,,Matching file not found in kinetics_clips
train,lACLSaVpu1s_1.05000_10.00000.mp4,lACLSaVpu1s,lACLSaVpu1s_000023_000033,,Matching file not found in kinetics_clips
train,rEsXfAQjmos_0.00000_8.16667.mp4,rEsXfAQjmos,rEsXfAQjmos_000043_000053,,Matching file not found in kinetics_clips
train,015MN5IrOAA_0.00000_9.97664.mp4,015MN5IrOAA,015MN5IrOAA_000008_000018,,Matching file not found in kinetics_clips
train,177Wgc-EQJk_0.00000_10.00000.mp4,177Wgc-EQJk,177Wgc-EQJk_000022_000032,,Matching file not found in kinetics_clips
train,5-QfgUKYP0k_0.00000_9.94328.mp4,5-QfgUKYP0k,5-QfgUKYP0k_000063_000073,,Matching file not found in kinetics_clips
train,7aKXz4cpYj4_0.00000_9.97664.mp4,7aKXz4cpYj4,7aKXz4cpYj4_000008_000018,,Matching file not found in kinetics_clips
train,9juUNsdnZmI_0.00000_9.97664.mp4,9juUNsdnZmI,9juUNsdnZmI_000088_000098,,Matching file not found in kinetics_clips
train,FAWz-xuPa7s_3.03333_8.26667.mp4,FAWz-xuPa7s,FAWz-xuPa7s_000000_000010,,Matching file not found in kinetics_clips
train,L0U6VyXM7i8_0.00000_10.00000.mp4,L0U6VyXM7i8,L0U6VyXM7i8_000144_000154,,Matching file not found in kinetics_clips
train,QeeLq2V6XjI_0.00000_1.43333.mp4,QeeLq2V6XjI,QeeLq2V6XjI_000023_000033,,Matching file not found in kinetics_clips
train,Sma-ydx49eQ_6.40000_10.00000.mp4,Sma-ydx49eQ,Sma-ydx49eQ_000000_000010,,Matching file not found in kinetics_clips
train,TEcZdQBY1IQ_0.00000_10.00000.mp4,TEcZdQBY1IQ,TEcZdQBY1IQ_000023_000033,,Matching file not found in kinetics_clips
train,WHY0pD8cIJI_1.26667_5.06667.mp4,WHY0pD8cIJI,WHY0pD8cIJI_000019_000029,,Matching file not found in kinetics_clips
train,XUqjvy7kLZY_0.00000_7.64097.mp4,XUqjvy7kLZY,XUqjvy7kLZY_000150_000160,,Matching file not found in kinetics_clips
train,gIZfTUnE1VY_4.65000_10.00000.mp4,gIZfTUnE1VY,gIZfTUnE1VY_000000_000010,,Matching file not found in kinetics_clips
train,iegRNytyiYY_0.00000_7.16667.mp4,iegRNytyiYY,iegRNytyiYY_000008_000018,,Matching file not found in kinetics_clips
train,nJCpoxpqR_c_0.00000_2.12000.mp4,nJCpoxpqR_c,nJCpoxpqR_c_000346_000356,,Matching file not found in kinetics_clips
train,qEtcsil6aI4_0.00000_8.92000.mp4,qEtcsil6aI4,qEtcsil6aI4_000218_000228,,Matching file not found in kinetics_clips
train,rl4SouR3pZU_1.96863_4.37104.mp4,rl4SouR3pZU,rl4SouR3pZU_000003_000013,,Matching file not found in kinetics_clips
train,taEnhbs3zGQ_0.00000_5.05505.mp4,taEnhbs3zGQ,taEnhbs3zGQ_000426_000436,,Matching file not found in kinetics_clips
train,va93ykOh2QI_0.00000_5.60000.mp4,va93ykOh2QI,va93ykOh2QI_000756_000766,,Matching file not found in kinetics_clips
train,va93ykOh2QI_6.08000_10.00000.mp4,va93ykOh2QI,va93ykOh2QI_000756_000766,,Matching file not found in kinetics_clips
train,vy5m_4mt4R0_0.00000_9.56667.mp4,vy5m_4mt4R0,vy5m_4mt4R0_000022_000032,,Matching file not found in kinetics_clips
train,wdZ-udSHAN8_0.00000_9.97664.mp4,wdZ-udSHAN8,wdZ-udSHAN8_000001_000011,,Matching file not found in kinetics_clips
train,3V0FICZwVCk_0.00000_9.93333.mp4,3V0FICZwVCk,3V0FICZwVCk_000007_000017,,Matching file not found in kinetics_clips
train,5Png8tylSDk_0.00000_2.30000.mp4,5Png8tylSDk,5Png8tylSDk_000005_000015,,Matching file not found in kinetics_clips
train,5gcntrSK8m4_0.00000_5.18460.mp4,5gcntrSK8m4,5gcntrSK8m4_000051_000061,,Matching file not found in kinetics_clips
train,9McFCBmkfow_0.00000_5.76667.mp4,9McFCBmkfow,9McFCBmkfow_000000_000010,,Matching file not found in kinetics_clips
train,_PDgqk9JEdg_0.00000_5.90000.mp4,_PDgqk9JEdg,_PDgqk9JEdg_000011_000021,,Matching file not found in kinetics_clips
train,Bb3XvyTEkNE_0.00000_4.77144.mp4,Bb3XvyTEkNE,Bb3XvyTEkNE_000111_000121,,Matching file not found in kinetics_clips
train,CVTjcwVXRX0_0.00000_7.82032.mp4,CVTjcwVXRX0,CVTjcwVXRX0_000016_000026,,Matching file not found in kinetics_clips
train,CxUynB3Yb5M_0.00000_6.37500.mp4,CxUynB3Yb5M,CxUynB3Yb5M_000010_000020,,Matching file not found in kinetics_clips
train,GRfSj3vfS_I_2.71667_9.70000.mp4,GRfSj3vfS_I,GRfSj3vfS_I_000021_000031,,Matching file not found in kinetics_clips
train,HLftb2xvrqM_3.21791_9.95542.mp4,HLftb2xvrqM,HLftb2xvrqM_000026_000036,,Matching file not found in kinetics_clips
train,InfLbqvDNZo_1.97212_7.00442.mp4,InfLbqvDNZo,InfLbqvDNZo_000022_000032,,Matching file not found in kinetics_clips
train,Iqc9sDu_zKE_0.00000_9.58000.mp4,Iqc9sDu_zKE,Iqc9sDu_zKE_000012_000022,,Matching file not found in kinetics_clips
train,KWkoYYhfs6o_0.00000_9.94274.mp4,KWkoYYhfs6o,KWkoYYhfs6o_000027_000037,,Matching file not found in kinetics_clips
train,K5dW31XCRCA_0.76000_4.68000.mp4,K5dW31XCRCA,K5dW31XCRCA_000026_000036,,Matching file not found in kinetics_clips
train,NWKE1a927Xc_0.00000_5.60561.mp4,NWKE1a927Xc,NWKE1a927Xc_000020_000030,,Matching file not found in kinetics_clips
train,N_Jm9uRlWlE_0.00000_5.07174.mp4,N_Jm9uRlWlE,N_Jm9uRlWlE_000123_000133,,Matching file not found in kinetics_clips
train,QwQLSZkdNdM_0.00000_9.97664.mp4,QwQLSZkdNdM,QwQLSZkdNdM_000047_000057,,Matching file not found in kinetics_clips
train,WMn2dy1E14g_4.91667_6.53333.mp4,WMn2dy1E14g,WMn2dy1E14g_000004_000014,,Matching file not found in kinetics_clips
train,YOddpF7Np2M_0.00000_5.81015.mp4,YOddpF7Np2M,YOddpF7Np2M_000024_000034,,Matching file not found in kinetics_clips
train,e5DHaHKlYx8_1.30130_6.82349.mp4,e5DHaHKlYx8,e5DHaHKlYx8_000082_000092,,Matching file not found in kinetics_clips
train,fn4jnzQw8zE_1.06667_5.70000.mp4,fn4jnzQw8zE,fn4jnzQw8zE_000000_000010,,Matching file not found in kinetics_clips
train,ftI8LKUbpjg_0.00000_8.73790.mp4,ftI8LKUbpjg,ftI8LKUbpjg_000005_000015,,Matching file not found in kinetics_clips
train,iBX4iKPpSK0_0.00000_5.23333.mp4,iBX4iKPpSK0,iBX4iKPpSK0_000000_000010,,Matching file not found in kinetics_clips
train,iBX4iKPpSK0_5.80000_6.48333.mp4,iBX4iKPpSK0,iBX4iKPpSK0_000000_000010,,Matching file not found in kinetics_clips
train,iSlQpbAQ66M_0.00000_9.95542.mp4,iSlQpbAQ66M,iSlQpbAQ66M_000200_000210,,Matching file not found in kinetics_clips
train,jMKGwCkjWs0_0.00000_2.70000.mp4,jMKGwCkjWs0,jMKGwCkjWs0_000039_000049,,Matching file not found in kinetics_clips
train,vP_tOucWxr4_2.00200_7.27394.mp4,vP_tOucWxr4,vP_tOucWxr4_000045_000055,,Matching file not found in kinetics_clips
train,yvHh3-ObAEI_0.00000_8.55022.mp4,yvHh3-ObAEI,yvHh3-ObAEI_000037_000047,,Matching file not found in kinetics_clips
train,HbG8X_PHcvs_0.00000_9.97664.mp4,HbG8X_PHcvs,HbG8X_PHcvs_000036_000046,,Matching file not found in kinetics_clips
train,Jpa8LK0gfIE_0.00000_9.88202.mp4,Jpa8LK0gfIE,Jpa8LK0gfIE_000002_000012,,Matching file not found in kinetics_clips
train,SxTAkfgQZYg_0.00000_9.97664.mp4,SxTAkfgQZYg,SxTAkfgQZYg_000103_000113,,Matching file not found in kinetics_clips
train,TAeL3BMVUfU_0.00000_10.00000.mp4,TAeL3BMVUfU,TAeL3BMVUfU_000007_000017,,Matching file not found in kinetics_clips
train,WW8ZG8lsciA_0.00000_9.97664.mp4,WW8ZG8lsciA,WW8ZG8lsciA_000020_000030,,Matching file not found in kinetics_clips
train,ab3TVDTUAb8_0.00000_10.00000.mp4,ab3TVDTUAb8,ab3TVDTUAb8_000014_000024,,Matching file not found in kinetics_clips
train,a2qhVruUXS0_0.00000_10.00000.mp4,a2qhVruUXS0,a2qhVruUXS0_000069_000079,,Matching file not found in kinetics_clips
train,cQ7hedD1_T0_0.00000_10.00000.mp4,cQ7hedD1_T0,cQ7hedD1_T0_000300_000310,,Matching file not found in kinetics_clips
train,v2s5Yz9xgzY_0.00000_10.00000.mp4,v2s5Yz9xgzY,v2s5Yz9xgzY_000005_000015,,Matching file not found in kinetics_clips
train,236ob8Q2o2Y_0.00000_10.00000.mp4,236ob8Q2o2Y,236ob8Q2o2Y_000006_000016,,Matching file not found in kinetics_clips
train,Nr3FcuYJJBI_3.06974_9.92659.mp4,Nr3FcuYJJBI,Nr3FcuYJJBI_000028_000038,,Matching file not found in kinetics_clips
train,ar_vpR44oME_0.00000_8.50000.mp4,ar_vpR44oME,ar_vpR44oME_000019_000029,,Matching file not found in kinetics_clips
train,hra6RatmD5w_0.00000_9.54167.mp4,hra6RatmD5w,hra6RatmD5w_000021_000031,,Matching file not found in kinetics_clips
train,kvnEYNCcyC8_0.56667_9.23333.mp4,kvnEYNCcyC8,kvnEYNCcyC8_000045_000055,,Matching file not found in kinetics_clips
train,pZCMekum5lQ_0.00000_9.97664.mp4,pZCMekum5lQ,pZCMekum5lQ_000011_000021,,Matching file not found in kinetics_clips
train,A7xOaBJGXTc_0.00000_9.93103.mp4,A7xOaBJGXTc,A7xOaBJGXTc_000030_000040,,Matching file not found in kinetics_clips
train,FZlKNfUZebE_0.00000_7.07374.mp4,FZlKNfUZebE,FZlKNfUZebE_000005_000015,,Matching file not found in kinetics_clips
train,GZWsDwLsVOo_0.00000_7.43333.mp4,GZWsDwLsVOo,GZWsDwLsVOo_000010_000020,,Matching file not found in kinetics_clips
train,HqZCDjQaV3Y_0.00000_6.36667.mp4,HqZCDjQaV3Y,HqZCDjQaV3Y_000014_000024,,Matching file not found in kinetics_clips
train,H-vWDzgC_Xc_0.00000_9.97664.mp4,H-vWDzgC_Xc,H-vWDzgC_Xc_000010_000020,,Matching file not found in kinetics_clips
train,POGTm5vGEII_0.00000_10.00000.mp4,POGTm5vGEII,POGTm5vGEII_000003_000013,,Matching file not found in kinetics_clips
train,eOpPlx-1vZ4_0.00000_7.56667.mp4,eOpPlx-1vZ4,eOpPlx-1vZ4_000005_000015,,Matching file not found in kinetics_clips
train,jc0LLWn191k_1.33467_9.97664.mp4,jc0LLWn191k,jc0LLWn191k_000010_000020,,Matching file not found in kinetics_clips
train,t_6JzUOAYeA_0.00000_8.47032.mp4,t_6JzUOAYeA,t_6JzUOAYeA_000003_000013,,Matching file not found in kinetics_clips
train,33Sb5clX1kU_0.00000_7.50751.mp4,33Sb5clX1kU,33Sb5clX1kU_000049_000059,,Matching file not found in kinetics_clips
train,4zl3h-ycfXo_3.73707_9.90991.mp4,4zl3h-ycfXo,4zl3h-ycfXo_000011_000021,,Matching file not found in kinetics_clips
train,7j13Tljq-kA_0.00000_10.00000.mp4,7j13Tljq-kA,7j13Tljq-kA_000021_000031,,Matching file not found in kinetics_clips
train,7qlOB8izWVg_0.00000_5.83917.mp4,7qlOB8izWVg,7qlOB8izWVg_000065_000075,,Matching file not found in kinetics_clips
train,-4E8BFFUJ4Q_0.00000_10.00000.mp4,-4E8BFFUJ4Q,-4E8BFFUJ4Q_000280_000290,,Matching file not found in kinetics_clips
train,ATJjDcQnlHo_0.00000_7.43333.mp4,ATJjDcQnlHo,ATJjDcQnlHo_000031_000041,,Matching file not found in kinetics_clips
train,GeiqTdtP2MY_0.00000_6.96667.mp4,GeiqTdtP2MY,GeiqTdtP2MY_000018_000028,,Matching file not found in kinetics_clips
train,J2V1i3xbA-A_1.53333_10.00000.mp4,J2V1i3xbA-A,J2V1i3xbA-A_000000_000010,,Matching file not found in kinetics_clips
train,Nejv69b_nmw_0.00000_9.36000.mp4,Nejv69b_nmw,Nejv69b_nmw_000016_000026,,Matching file not found in kinetics_clips
train,PJfdfwfJ-CA_0.38372_4.98832.mp4,PJfdfwfJ-CA,PJfdfwfJ-CA_000060_000070,,Matching file not found in kinetics_clips
train,UACHvsowwOc_0.00000_4.90490.mp4,UACHvsowwOc,UACHvsowwOc_000039_000049,,Matching file not found in kinetics_clips
train,UBhjQ7GW6MY_0.90090_9.97664.mp4,UBhjQ7GW6MY,UBhjQ7GW6MY_000011_000021,,Matching file not found in kinetics_clips
train,WAFMr1KANpE_0.00000_7.73333.mp4,WAFMr1KANpE,WAFMr1KANpE_000051_000061,,Matching file not found in kinetics_clips
train,c5vPQtIBAcs_0.00000_5.47214.mp4,c5vPQtIBAcs,c5vPQtIBAcs_000027_000037,,Matching file not found in kinetics_clips
train,c5vPQtIBAcs_6.90691_9.94328.mp4,c5vPQtIBAcs,c5vPQtIBAcs_000027_000037,,Matching file not found in kinetics_clips
train,d91j9BxkZTA_0.00000_9.46667.mp4,d91j9BxkZTA,d91j9BxkZTA_000000_000010,,Matching file not found in kinetics_clips
train,e8RnVhK4ajs_2.40000_10.00000.mp4,e8RnVhK4ajs,e8RnVhK4ajs_000150_000160,,Matching file not found in kinetics_clips
train,inSRS-uJqAo_1.20000_5.83333.mp4,inSRS-uJqAo,inSRS-uJqAo_000037_000047,,Matching file not found in kinetics_clips
train,inSRS-uJqAo_7.46667_10.00000.mp4,inSRS-uJqAo,inSRS-uJqAo_000037_000047,,Matching file not found in kinetics_clips
train,lmQNhciYiVU_0.56723_8.24158.mp4,lmQNhciYiVU,lmQNhciYiVU_000011_000021,,Matching file not found in kinetics_clips
train,mErOFcKdvSs_3.16667_9.96667.mp4,mErOFcKdvSs,mErOFcKdvSs_000021_000031,,Matching file not found in kinetics_clips
train,r4FxHVEd_bg_1.60000_10.00000.mp4,r4FxHVEd_bg,r4FxHVEd_bg_000026_000036,,Matching file not found in kinetics_clips
train,ti9Wp9vj_qE_0.00000_10.00000.mp4,ti9Wp9vj_qE,ti9Wp9vj_qE_000010_000020,,Matching file not found in kinetics_clips
train,uoF1lqy7yDU_0.00000_9.97664.mp4,uoF1lqy7yDU,uoF1lqy7yDU_000018_000028,,Matching file not found in kinetics_clips
train,waHy1CpD5I4_3.83333_9.96667.mp4,waHy1CpD5I4,waHy1CpD5I4_000036_000046,,Matching file not found in kinetics_clips
train,0Gp99j2X6Pw_0.00000_6.50000.mp4,0Gp99j2X6Pw,0Gp99j2X6Pw_000032_000042,,Matching file not found in kinetics_clips
train,2M0cyAw5csU_0.00000_9.97664.mp4,2M0cyAw5csU,2M0cyAw5csU_000008_000018,,Matching file not found in kinetics_clips
train,4O7BakbzqRE_0.00000_10.00000.mp4,4O7BakbzqRE,4O7BakbzqRE_000005_000015,,Matching file not found in kinetics_clips
train,5hlkIMEqstk_2.52000_9.68000.mp4,5hlkIMEqstk,5hlkIMEqstk_000067_000077,,Matching file not found in kinetics_clips
train,5hlkIMEqstk_0.00000_1.90000.mp4,5hlkIMEqstk,5hlkIMEqstk_000067_000077,,Matching file not found in kinetics_clips
train,75xozyfeAu0_0.00000_9.93484.mp4,75xozyfeAu0,75xozyfeAu0_000007_000017,,Matching file not found in kinetics_clips
train,Mf7eQFB2lDU_0.00000_10.00000.mp4,Mf7eQFB2lDU,Mf7eQFB2lDU_000013_000023,,Matching file not found in kinetics_clips
train,MidGzY5U5j4_0.00000_9.94328.mp4,MidGzY5U5j4,MidGzY5U5j4_000025_000035,,Matching file not found in kinetics_clips
train,fHTY9le-61E_0.00000_10.00000.mp4,fHTY9le-61E,fHTY9le-61E_000017_000027,,Matching file not found in kinetics_clips
train,m24yx75tIg4_0.00000_10.00000.mp4,m24yx75tIg4,m24yx75tIg4_000000_000010,,Matching file not found in kinetics_clips
train,-NoPzfWbcG8_0.00000_4.78333.mp4,-NoPzfWbcG8,-NoPzfWbcG8_000002_000012,,Matching file not found in kinetics_clips
train,d5plwNKqlVc_0.00000_9.97664.mp4,d5plwNKqlVc,d5plwNKqlVc_000010_000020,,Matching file not found in kinetics_clips
train,vcfHHoyi7BE_0.00000_10.00000.mp4,vcfHHoyi7BE,vcfHHoyi7BE_000052_000062,,Matching file not found in kinetics_clips
train,0eZMWre66M4_0.00000_9.97664.mp4,0eZMWre66M4,0eZMWre66M4_000055_000065,,Matching file not found in kinetics_clips
train,2TC0LNlBJqE_0.00000_10.00000.mp4,2TC0LNlBJqE,2TC0LNlBJqE_000028_000038,,Matching file not found in kinetics_clips
train,5OtN7ZmKdEU_0.00000_9.94328.mp4,5OtN7ZmKdEU,5OtN7ZmKdEU_000028_000038,,Matching file not found in kinetics_clips
train,8YBhc_MGBRk_1.40140_9.97664.mp4,8YBhc_MGBRk,8YBhc_MGBRk_000002_000012,,Matching file not found in kinetics_clips
train,DYKyirHChZI_0.00000_9.97664.mp4,DYKyirHChZI,DYKyirHChZI_000013_000023,,Matching file not found in kinetics_clips
train,POGqStjMI60_1.84000_3.68000.mp4,POGqStjMI60,POGqStjMI60_000049_000059,,Matching file not found in kinetics_clips
train,QYLzDEJT28A_0.35000_3.95000.mp4,QYLzDEJT28A,QYLzDEJT28A_000163_000173,,Matching file not found in kinetics_clips
train,QYLzDEJT28A_5.23333_9.50000.mp4,QYLzDEJT28A,QYLzDEJT28A_000163_000173,,Matching file not found in kinetics_clips
train,d6oLM4UdFcY_0.00000_9.86667.mp4,d6oLM4UdFcY,d6oLM4UdFcY_000067_000077,,Matching file not found in kinetics_clips
train,ksQj_bhkIXw_6.30631_9.94328.mp4,ksQj_bhkIXw,ksQj_bhkIXw_000026_000036,,Matching file not found in kinetics_clips
train,rTHoEp7Ci20_7.82609_10.00000.mp4,rTHoEp7Ci20,rTHoEp7Ci20_000012_000022,,Matching file not found in kinetics_clips
train,ArR8eP9A_Jc_0.00000_9.96830.mp4,ArR8eP9A_Jc,ArR8eP9A_Jc_000001_000011,,Matching file not found in kinetics_clips
train,B5YSsqF2FRA_0.00000_10.00000.mp4,B5YSsqF2FRA,B5YSsqF2FRA_000014_000024,,Matching file not found in kinetics_clips
train,FXsBdI-CfLI_0.00000_9.43333.mp4,FXsBdI-CfLI,FXsBdI-CfLI_000007_000017,,Matching file not found in kinetics_clips
train,MSU9kiN6Xf8_1.26667_9.73333.mp4,MSU9kiN6Xf8,MSU9kiN6Xf8_000000_000010,,Matching file not found in kinetics_clips
train,O-t_rqyKJTQ_0.00000_9.97664.mp4,O-t_rqyKJTQ,O-t_rqyKJTQ_000039_000049,,Matching file not found in kinetics_clips
train,Szb9n6DUgGA_2.50250_9.94328.mp4,Szb9n6DUgGA,Szb9n6DUgGA_000292_000302,,Matching file not found in kinetics_clips
train,U6IA_w1sy8I_0.00000_10.00000.mp4,U6IA_w1sy8I,U6IA_w1sy8I_000013_000023,,Matching file not found in kinetics_clips
train,Xq4VwMZnS4I_0.00000_9.35368.mp4,Xq4VwMZnS4I,Xq4VwMZnS4I_000012_000022,,Matching file not found in kinetics_clips
train,bKUJvyPccHA_0.00000_9.00901.mp4,bKUJvyPccHA,bKUJvyPccHA_000003_000013,,Matching file not found in kinetics_clips
train,bqLmeyIEmFg_2.06667_9.70000.mp4,bqLmeyIEmFg,bqLmeyIEmFg_000000_000010,,Matching file not found in kinetics_clips
train,inapKPYckFA_0.53387_9.07574.mp4,inapKPYckFA,inapKPYckFA_000012_000022,,Matching file not found in kinetics_clips
train,mJgmseapwQo_0.00000_9.50000.mp4,mJgmseapwQo,mJgmseapwQo_000026_000036,,Matching file not found in kinetics_clips
train,oSFyWDiTslQ_0.00000_8.27494.mp4,oSFyWDiTslQ,oSFyWDiTslQ_000002_000012,,Matching file not found in kinetics_clips
train,pNvHYGPFV1M_0.00000_9.96552.mp4,pNvHYGPFV1M,pNvHYGPFV1M_000012_000022,,Matching file not found in kinetics_clips
train,rwZbTxGY1xI_0.00000_10.00000.mp4,rwZbTxGY1xI,rwZbTxGY1xI_000051_000061,,Matching file not found in kinetics_clips
train,uY_B6y5fK8E_0.00000_10.00000.mp4,uY_B6y5fK8E,uY_B6y5fK8E_000000_000010,,Matching file not found in kinetics_clips
train,wDgTQ_0w8jo_0.00000_10.00000.mp4,wDgTQ_0w8jo,wDgTQ_0w8jo_000017_000027,,Matching file not found in kinetics_clips
train,393hVY7pxHw_0.00000_3.83717.mp4,393hVY7pxHw,393hVY7pxHw_000021_000031,,Matching file not found in kinetics_clips
train,5jIIgZ_nrcE_0.00000_9.86667.mp4,5jIIgZ_nrcE,5jIIgZ_nrcE_000064_000074,,Matching file not found in kinetics_clips
val,nrma1Mk3jog_2.52000_9.98000.mp4,nrma1Mk3jog,nrma1Mk3jog_000211_000221,,Matching file not found in kinetics_clips
test,2VK9_8vPQeg_6.17284_9.97664.mp4,2VK9_8vPQeg,2VK9_8vPQeg_000023_000033,,Matching file not found in kinetics_clips
test,8CdJstXPmz0_5.06667_9.73333.mp4,8CdJstXPmz0,8CdJstXPmz0_000015_000025,,Matching file not found in kinetics_clips
test,gpbuJzkVQYo_0.00000_10.00000.mp4,gpbuJzkVQYo,gpbuJzkVQYo_000000_000010,,Matching file not found in kinetics_clips
test,D2YFSobEyAc_1.53333_6.00000.mp4,D2YFSobEyAc,D2YFSobEyAc_000006_000016,,Matching file not found in kinetics_clips
test,D2YFSobEyAc_6.96667_10.00000.mp4,D2YFSobEyAc,D2YFSobEyAc_000006_000016,,Matching file not found in kinetics_clips
test,IABY1L3IvEY_3.23657_9.94328.mp4,IABY1L3IvEY,IABY1L3IvEY_000026_000036,,Matching file not found in kinetics_clips
test,cPo3wHqDGvU_0.00000_5.79895.mp4,cPo3wHqDGvU,cPo3wHqDGvU_000001_000011,,Matching file not found in kinetics_clips
test,1mSKxpEmbbo_0.00000_10.00000.mp4,1mSKxpEmbbo,1mSKxpEmbbo_000038_000048,,Matching file not found in kinetics_clips
test,1daQw1P7F2o_0.00000_10.00000.mp4,1daQw1P7F2o,1daQw1P7F2o_000112_000122,,Matching file not found in kinetics_clips
test,-4PCa5yciXc_0.00000_9.46780.mp4,-4PCa5yciXc,-4PCa5yciXc_000006_000016,,Matching file not found in kinetics_clips
test,ARWhj3BYevM_0.00000_9.97664.mp4,ARWhj3BYevM,ARWhj3BYevM_000001_000011,,Matching file not found in kinetics_clips
test,-1NW4hH7K9c_6.67334_9.96830.mp4,-1NW4hH7K9c,-1NW4hH7K9c_000106_000116,,Matching file not found in kinetics_clips
test,4U0kvUHoXhY_4.13333_8.46667.mp4,4U0kvUHoXhY,4U0kvUHoXhY_000099_000109,,Matching file not found in kinetics_clips
test,1MvKczjmSkw_4.22516_9.94957.mp4,1MvKczjmSkw,1MvKczjmSkw_000010_000020,,Matching file not found in kinetics_clips
test,Fy_QkQTpL7w_0.00000_9.97664.mp4,Fy_QkQTpL7w,Fy_QkQTpL7w_000003_000013,,Matching file not found in kinetics_clips
test,TZH_bmi1E8Q_0.00000_4.27094.mp4,TZH_bmi1E8Q,TZH_bmi1E8Q_000153_000163,,Matching file not found in kinetics_clips
test,TZH_bmi1E8Q_7.87454_9.97664.mp4,TZH_bmi1E8Q,TZH_bmi1E8Q_000153_000163,,Matching file not found in kinetics_clips
test,E5i8IvTgw94_2.76944_9.97664.mp4,E5i8IvTgw94,E5i8IvTgw94_000016_000026,,Matching file not found in kinetics_clips
test,0fkTiBDoXlg_5.60561_9.97664.mp4,0fkTiBDoXlg,0fkTiBDoXlg_000002_000012,,Matching file not found in kinetics_clips
test,6l44qH4NIeY_0.00000_9.97664.mp4,6l44qH4NIeY,6l44qH4NIeY_000014_000024,,Matching file not found in kinetics_clips
test,AOmv46riyUo_2.00200_9.97664.mp4,AOmv46riyUo,AOmv46riyUo_000000_000010,,Matching file not found in kinetics_clips
test,42zkI-r5YNw_0.00000_7.70000.mp4,42zkI-r5YNw,42zkI-r5YNw_000000_000010,,Matching file not found in kinetics_clips
test,49qWAad6VTA_0.23357_9.97664.mp4,49qWAad6VTA,49qWAad6VTA_000000_000010,,Matching file not found in kinetics_clips
test,5HaV79ZGmRI_0.26693_5.73907.mp4,5HaV79ZGmRI,5HaV79ZGmRI_000000_000010,,Matching file not found in kinetics_clips
test,2PrDkqdmRRo_1.50000_10.00000.mp4,2PrDkqdmRRo,2PrDkqdmRRo_000007_000017,,Matching file not found in kinetics_clips
test,2W2OK2D_TEQ_1.38472_9.97664.mp4,2W2OK2D_TEQ,2W2OK2D_TEQ_000012_000022,,Matching file not found in kinetics_clips
test,ci8sj1HmskI_0.95937_9.96913.mp4,ci8sj1HmskI,ci8sj1HmskI_000012_000022,,Matching file not found in kinetics_clips
test,7NwmTneNmvY_0.00000_10.00000.mp4,7NwmTneNmvY,7NwmTneNmvY_000093_000103,,Matching file not found in kinetics_clips
test,ncTBQ1pTNjA_1.38000_6.90000.mp4,ncTBQ1pTNjA,ncTBQ1pTNjA_000004_000014,,Matching file not found in kinetics_clips
test,qyqu2qYKC28_0.43333_9.93333.mp4,qyqu2qYKC28,qyqu2qYKC28_000002_000012,,Matching file not found in kinetics_clips
test,4ZT9nIf93Ss_0.06839_9.91724.mp4,4ZT9nIf93Ss,4ZT9nIf93Ss_000023_000033,,Matching file not found in kinetics_clips
test,IBZ0DV86tWE_0.00000_10.00000.mp4,IBZ0DV86tWE,IBZ0DV86tWE_000001_000011,,Matching file not found in kinetics_clips
test,7GXWTAcRFxw_0.03337_9.84318.mp4,7GXWTAcRFxw,7GXWTAcRFxw_000035_000045,,Matching file not found in kinetics_clips
test,3hSq5rbNwBY_0.00000_9.93333.mp4,3hSq5rbNwBY,3hSq5rbNwBY_000009_000019,,Matching file not found in kinetics_clips
test,-WNLlknmYFw_0.40040_9.97664.mp4,-WNLlknmYFw,-WNLlknmYFw_000001_000011,,Matching file not found in kinetics_clips
test,ibwuLDHfX0Y_0.00000_1.83517.mp4,ibwuLDHfX0Y,ibwuLDHfX0Y_000005_000015,,Matching file not found in kinetics_clips
test,ibwuLDHfX0Y_4.87154_9.30931.mp4,ibwuLDHfX0Y,ibwuLDHfX0Y_000005_000015,,Matching file not found in kinetics_clips
test,jpRWZ40UIzQ_0.00000_10.00000.mp4,jpRWZ40UIzQ,jpRWZ40UIzQ_000200_000210,,Matching file not found in kinetics_clips
test,RwRR-MF5D0w_0.00000_9.94328.mp4,RwRR-MF5D0w,RwRR-MF5D0w_000031_000041,,Matching file not found in kinetics_clips
test,1JFu6SZvFJM_1.31667_9.98333.mp4,1JFu6SZvFJM,1JFu6SZvFJM_000031_000041,,Matching file not found in kinetics_clips
test,5Qpc8Tpm03c_7.24057_9.97664.mp4,5Qpc8Tpm03c,5Qpc8Tpm03c_000005_000015,,Matching file not found in kinetics_clips
test,0IDZjBnYf9w_0.00000_9.95534.mp4,0IDZjBnYf9w,0IDZjBnYf9w_000041_000051,,Matching file not found in kinetics_clips
test,3BbTEQ8xHM4_0.00000_9.92659.mp4,3BbTEQ8xHM4,3BbTEQ8xHM4_000015_000025,,Matching file not found in kinetics_clips
