video_name,reason,details,annotation_files,splits,annotation_rows
train3344.mp4,no_audio_stream,No audio stream found,repcount_test.csv,test,repcount_test.csv:2
stu8_42.mp4,no_audio_stream,No audio stream found,repcount_test.csv,test,repcount_test.csv:3
stu2_39.mp4,no_audio_stream,No audio stream found,repcount_test.csv,test,repcount_test.csv:4
train151.mp4,no_audio_stream,No audio stream found,repcount_test.csv,test,repcount_test.csv:5
train1615.mp4,no_audio_stream,No audio stream found,repcount_test.csv,test,repcount_test.csv:6
train2737.mp4,no_audio_stream,No audio stream found,repcount_test.csv,test,repcount_test.csv:7
stu3_53.mp4,no_audio_stream,No audio stream found,repcount_test.csv,test,repcount_test.csv:8
stu5_23.mp4,no_audio_stream,No audio stream found,repcount_test.csv,test,repcount_test.csv:9
val1244.mp4,no_audio_stream,No audio stream found,repcount_test.csv,test,repcount_test.csv:10
stu9_57.mp4,no_audio_stream,No audio stream found,repcount_test.csv,test,repcount_test.csv:11
val1257.mp4,no_audio_stream,No audio stream found,repcount_test.csv,test,repcount_test.csv:12
stu4_5.mp4,no_audio_stream,No audio stream found,repcount_test.csv,test,repcount_test.csv:13
stu10_17.mp4,no_audio_stream,No audio stream found,repcount_test.csv,test,repcount_test.csv:14
stu4_27.mp4,no_audio_stream,No audio stream found,repcount_test.csv,test,repcount_test.csv:15
test135.mp4,no_audio_stream,No audio stream found,repcount_test.csv,test,repcount_test.csv:16
stu7_4.mp4,no_audio_stream,No audio stream found,repcount_test.csv,test,repcount_test.csv:17
stu7_45.mp4,no_audio_stream,No audio stream found,repcount_test.csv,test,repcount_test.csv:18
stu9_64.mp4,no_audio_stream,No audio stream found,repcount_test.csv,test,repcount_test.csv:19
stu9_52.mp4,no_audio_stream,No audio stream found,repcount_test.csv,test,repcount_test.csv:20
stu1_27.mp4,no_audio_stream,No audio stream found,repcount_test.csv,test,repcount_test.csv:21
stu10_24.mp4,no_audio_stream,No audio stream found,repcount_test.csv,test,repcount_test.csv:22
stu10_25.mp4,no_audio_stream,No audio stream found,repcount_test.csv,test,repcount_test.csv:23
stu10_48.mp4,no_audio_stream,No audio stream found,repcount_test.csv,test,repcount_test.csv:25
train2508.mp4,no_audio_stream,No audio stream found,repcount_test.csv,test,repcount_test.csv:26
stu10_36.mp4,no_audio_stream,No audio stream found,repcount_test.csv,test,repcount_test.csv:27
stu6_63.mp4,no_audio_stream,No audio stream found,repcount_test.csv,test,repcount_test.csv:28
stu3_31.mp4,no_audio_stream,No audio stream found,repcount_test.csv,test,repcount_test.csv:30
stu10_5.mp4,no_audio_stream,No audio stream found,repcount_test.csv,test,repcount_test.csv:31
stu5_47.mp4,no_audio_stream,No audio stream found,repcount_test.csv,test,repcount_test.csv:32
stu6_15.mp4,no_audio_stream,No audio stream found,repcount_test.csv,test,repcount_test.csv:33
stu8_38.mp4,no_audio_stream,No audio stream found,repcount_test.csv,test,repcount_test.csv:35
stu5_62.mp4,no_audio_stream,No audio stream found,repcount_test.csv,test,repcount_test.csv:37
stu10_1.mp4,no_audio_stream,No audio stream found,repcount_test.csv,test,repcount_test.csv:38
stu7_35.mp4,no_audio_stream,No audio stream found,repcount_test.csv,test,repcount_test.csv:39
stu2_25.mp4,no_audio_stream,No audio stream found,repcount_test.csv,test,repcount_test.csv:41
stu6_30.mp4,no_audio_stream,No audio stream found,repcount_test.csv,test,repcount_test.csv:42
stu8_9.mp4,no_audio_stream,No audio stream found,repcount_test.csv,test,repcount_test.csv:43
stu8_12.mp4,no_audio_stream,No audio stream found,repcount_test.csv,test,repcount_test.csv:44
test538.mp4,no_audio_stream,No audio stream found,repcount_test.csv,test,repcount_test.csv:45
stu5_18.mp4,no_audio_stream,No audio stream found,repcount_test.csv,test,repcount_test.csv:46
stu5_27.mp4,no_audio_stream,No audio stream found,repcount_test.csv,test,repcount_test.csv:47
stu7_8.mp4,no_audio_stream,No audio stream found,repcount_test.csv,test,repcount_test.csv:48
stu9_36.mp4,no_audio_stream,No audio stream found,repcount_test.csv,test,repcount_test.csv:49
stu1_40.mp4,no_audio_stream,No audio stream found,repcount_test.csv,test,repcount_test.csv:50
test536.mp4,no_audio_stream,No audio stream found,repcount_test.csv,test,repcount_test.csv:51
stu4_46.mp4,no_audio_stream,No audio stream found,repcount_test.csv,test,repcount_test.csv:53
stu3_58.mp4,no_audio_stream,No audio stream found,repcount_test.csv,test,repcount_test.csv:54
stu7_30.mp4,no_audio_stream,No audio stream found,repcount_test.csv,test,repcount_test.csv:55
stu8_10.mp4,no_audio_stream,No audio stream found,repcount_test.csv,test,repcount_test.csv:56
stu5_12.mp4,no_audio_stream,No audio stream found,repcount_test.csv,test,repcount_test.csv:57
stu9_17.mp4,no_audio_stream,No audio stream found,repcount_test.csv,test,repcount_test.csv:58
train1665.mp4,no_audio_stream,No audio stream found,repcount_test.csv,test,repcount_test.csv:59
stu1_59.mp4,no_audio_stream,No audio stream found,repcount_test.csv,test,repcount_test.csv:60
test2025.mp4,no_audio_stream,No audio stream found,repcount_test.csv,test,repcount_test.csv:61
stu10_6.mp4,no_audio_stream,No audio stream found,repcount_test.csv,test,repcount_test.csv:62
stu7_52.mp4,no_audio_stream,No audio stream found,repcount_test.csv,test,repcount_test.csv:64
stu4_19.mp4,no_audio_stream,No audio stream found,repcount_test.csv,test,repcount_test.csv:65
stu3_10.mp4,no_audio_stream,No audio stream found,repcount_test.csv,test,repcount_test.csv:66
test2315.mp4,no_audio_stream,No audio stream found,repcount_test.csv,test,repcount_test.csv:67
stu8_45.mp4,no_audio_stream,No audio stream found,repcount_test.csv,test,repcount_test.csv:68
test2320.mp4,no_audio_stream,No audio stream found,repcount_test.csv,test,repcount_test.csv:69
stu4_29.mp4,no_audio_stream,No audio stream found,repcount_test.csv,test,repcount_test.csv:70
stu9_47.mp4,no_audio_stream,No audio stream found,repcount_test.csv,test,repcount_test.csv:71
val579.mp4,no_audio_stream,No audio stream found,repcount_test.csv,test,repcount_test.csv:72
stu2_62.mp4,no_audio_stream,No audio stream found,repcount_test.csv,test,repcount_test.csv:73
stu2_34.mp4,no_audio_stream,No audio stream found,repcount_test.csv,test,repcount_test.csv:75
stu10_43.mp4,no_audio_stream,No audio stream found,repcount_test.csv,test,repcount_test.csv:76
test2021.mp4,no_audio_stream,No audio stream found,repcount_test.csv,test,repcount_test.csv:77
stu3_28.mp4,no_audio_stream,No audio stream found,repcount_test.csv,test,repcount_test.csv:78
stu9_45.mp4,no_audio_stream,No audio stream found,repcount_test.csv,test,repcount_test.csv:81
stu4_12.mp4,no_audio_stream,No audio stream found,repcount_test.csv,test,repcount_test.csv:82
stu6_22.mp4,no_audio_stream,No audio stream found,repcount_test.csv,test,repcount_test.csv:83
stu7_17.mp4,no_audio_stream,No audio stream found,repcount_test.csv,test,repcount_test.csv:84
stu3_5.mp4,no_audio_stream,No audio stream found,repcount_test.csv,test,repcount_test.csv:85
stu5_32.mp4,no_audio_stream,No audio stream found,repcount_test.csv,test,repcount_test.csv:86
stu9_31.mp4,no_audio_stream,No audio stream found,repcount_test.csv,test,repcount_test.csv:87
stu6_42.mp4,no_audio_stream,No audio stream found,repcount_test.csv,test,repcount_test.csv:88
stu7_13.mp4,no_audio_stream,No audio stream found,repcount_test.csv,test,repcount_test.csv:89
stu6_65.mp4,no_audio_stream,No audio stream found,repcount_test.csv,test,repcount_test.csv:90
stu3_20.mp4,no_audio_stream,No audio stream found,repcount_test.csv,test,repcount_test.csv:91
stu5_68.mp4,no_audio_stream,No audio stream found,repcount_test.csv,test,repcount_test.csv:92
stu8_28.mp4,no_audio_stream,No audio stream found,repcount_test.csv,test,repcount_test.csv:93
stu6_24.mp4,no_audio_stream,No audio stream found,repcount_test.csv,test,repcount_test.csv:94
stu6_39.mp4,no_audio_stream,No audio stream found,repcount_test.csv,test,repcount_test.csv:95
stu3_57.mp4,no_audio_stream,No audio stream found,repcount_test.csv,test,repcount_test.csv:96
train2659.mp4,no_audio_stream,No audio stream found,repcount_test.csv,test,repcount_test.csv:97
stu8_11.mp4,no_audio_stream,No audio stream found,repcount_test.csv,test,repcount_test.csv:98
stu3_25.mp4,no_audio_stream,No audio stream found,repcount_test.csv,test,repcount_test.csv:99
stu4_28.mp4,no_audio_stream,No audio stream found,repcount_test.csv,test,repcount_test.csv:100
stu10_19.mp4,no_audio_stream,No audio stream found,repcount_test.csv,test,repcount_test.csv:101
stu8_25.mp4,no_audio_stream,No audio stream found,repcount_test.csv,test,repcount_test.csv:102
stu3_39.mp4,no_audio_stream,No audio stream found,repcount_test.csv,test,repcount_test.csv:103
train2534.mp4,no_audio_stream,No audio stream found,repcount_test.csv,test,repcount_test.csv:104
stu1_30.mp4,no_audio_stream,No audio stream found,repcount_test.csv,test,repcount_test.csv:105
stu2_65.mp4,no_audio_stream,No audio stream found,repcount_test.csv,test,repcount_test.csv:106
train3335.mp4,no_audio_stream,No audio stream found,repcount_test.csv,test,repcount_test.csv:107
stu1_60.mp4,no_audio_stream,No audio stream found,repcount_test.csv,test,repcount_test.csv:108
test534.mp4,no_audio_stream,No audio stream found,repcount_test.csv,test,repcount_test.csv:109
stu10_60.mp4,no_audio_stream,No audio stream found,repcount_test.csv,test,repcount_test.csv:110
stu6_13.mp4,no_audio_stream,No audio stream found,repcount_test.csv,test,repcount_test.csv:111
stu6_23.mp4,no_audio_stream,No audio stream found,repcount_test.csv,test,repcount_test.csv:112
stu8_23.mp4,no_audio_stream,No audio stream found,repcount_test.csv,test,repcount_test.csv:113
stu9_34.mp4,no_audio_stream,No audio stream found,repcount_test.csv,test,repcount_test.csv:115
test1454.mp4,no_audio_stream,No audio stream found,repcount_test.csv,test,repcount_test.csv:116
stu3_55.mp4,no_audio_stream,No audio stream found,repcount_test.csv,test,repcount_test.csv:117
stu5_55.mp4,no_audio_stream,No audio stream found,repcount_test.csv,test,repcount_test.csv:118
train3899.mp4,no_audio_stream,No audio stream found,repcount_test.csv,test,repcount_test.csv:119
stu6_3.mp4,no_audio_stream,No audio stream found,repcount_test.csv,test,repcount_test.csv:120
test539.mp4,no_audio_stream,No audio stream found,repcount_test.csv,test,repcount_test.csv:121
stu2_14.mp4,no_audio_stream,No audio stream found,repcount_test.csv,test,repcount_test.csv:122
stu2_36.mp4,no_audio_stream,No audio stream found,repcount_test.csv,test,repcount_test.csv:123
stu8_58.mp4,no_audio_stream,No audio stream found,repcount_test.csv,test,repcount_test.csv:124
stu8_49.mp4,no_audio_stream,No audio stream found,repcount_test.csv,test,repcount_test.csv:125
stu9_29.mp4,no_audio_stream,No audio stream found,repcount_test.csv,test,repcount_test.csv:126
stu2_37.mp4,no_audio_stream,No audio stream found,repcount_test.csv,test,repcount_test.csv:127
stu7_10.mp4,no_audio_stream,No audio stream found,repcount_test.csv,test,repcount_test.csv:128
stu3_15.mp4,no_audio_stream,No audio stream found,repcount_test.csv,test,repcount_test.csv:129
stu3_18.mp4,no_audio_stream,No audio stream found,repcount_test.csv,test,repcount_test.csv:130
stu5_16.mp4,no_audio_stream,No audio stream found,repcount_test.csv,test,repcount_test.csv:131
stu8_34.mp4,no_audio_stream,No audio stream found,repcount_test.csv,test,repcount_test.csv:132
stu8_57.mp4,no_audio_stream,No audio stream found,repcount_test.csv,test,repcount_test.csv:133
stu8_46.mp4,no_audio_stream,No audio stream found,repcount_test.csv,test,repcount_test.csv:134
stu4_47.mp4,no_audio_stream,No audio stream found,repcount_test.csv,test,repcount_test.csv:135
stu2_6.mp4,no_audio_stream,No audio stream found,repcount_test.csv,test,repcount_test.csv:136
stu1_36.mp4,no_audio_stream,No audio stream found,repcount_test.csv,test,repcount_test.csv:137
stu13_30.mp4,no_audio_stream,No audio stream found,repcount_test.csv,test,repcount_test.csv:138
stu13_31.mp4,no_audio_stream,No audio stream found,repcount_test.csv,test,repcount_test.csv:139
stu13_32.mp4,no_audio_stream,No audio stream found,repcount_test.csv,test,repcount_test.csv:140
stu13_33.mp4,no_audio_stream,No audio stream found,repcount_test.csv,test,repcount_test.csv:141
stu13_34.mp4,no_audio_stream,No audio stream found,repcount_test.csv,test,repcount_test.csv:142
stu13_35.mp4,no_audio_stream,No audio stream found,repcount_test.csv,test,repcount_test.csv:143
stu13_36.mp4,no_audio_stream,No audio stream found,repcount_test.csv,test,repcount_test.csv:144
stu13_37.mp4,no_audio_stream,No audio stream found,repcount_test.csv,test,repcount_test.csv:145
stu13_38.mp4,no_audio_stream,No audio stream found,repcount_test.csv,test,repcount_test.csv:146
stu13_39.mp4,no_audio_stream,No audio stream found,repcount_test.csv,test,repcount_test.csv:147
stu12_30.mp4,no_audio_stream,No audio stream found,repcount_test.csv,test,repcount_test.csv:148
stu12_31.mp4,no_audio_stream,No audio stream found,repcount_test.csv,test,repcount_test.csv:149
stu12_32.mp4,no_audio_stream,No audio stream found,repcount_test.csv,test,repcount_test.csv:150
stu12_33.mp4,no_audio_stream,No audio stream found,repcount_test.csv,test,repcount_test.csv:151
stu12_34.mp4,no_audio_stream,No audio stream found,repcount_test.csv,test,repcount_test.csv:152
train951.mp4,no_audio_stream,No audio stream found,repcount_train.csv,train,repcount_train.csv:2
train952.mp4,no_audio_stream,No audio stream found,repcount_train.csv,train,repcount_train.csv:3
test1463.mp4,no_audio_stream,No audio stream found,repcount_train.csv,train,repcount_train.csv:4
test2340.mp4,no_audio_stream,No audio stream found,repcount_train.csv,train,repcount_train.csv:5
stu5_11.mp4,no_audio_stream,No audio stream found,repcount_train.csv,train,repcount_train.csv:6
stu9_2.mp4,no_audio_stream,No audio stream found,repcount_train.csv,train,repcount_train.csv:7
stu6_18.mp4,no_audio_stream,No audio stream found,repcount_train.csv,train,repcount_train.csv:8
stu4_14.mp4,no_audio_stream,No audio stream found,repcount_train.csv,train,repcount_train.csv:9
stu8_3.mp4,no_audio_stream,No audio stream found,repcount_train.csv,train,repcount_train.csv:10
stu4_54.mp4,no_audio_stream,No audio stream found,repcount_train.csv,train,repcount_train.csv:11
test128.mp4,no_audio_stream,No audio stream found,repcount_train.csv,train,repcount_train.csv:12
stu4_66.mp4,no_audio_stream,No audio stream found,repcount_train.csv,train,repcount_train.csv:13
stu5_61.mp4,no_audio_stream,No audio stream found,repcount_train.csv,train,repcount_train.csv:14
stu6_35.mp4,no_audio_stream,No audio stream found,repcount_train.csv,train,repcount_train.csv:15
val77.mp4,no_audio_stream,No audio stream found,repcount_train.csv,train,repcount_train.csv:16
stu9_63.mp4,no_audio_stream,No audio stream found,repcount_train.csv,train,repcount_train.csv:17
stu5_52.mp4,no_audio_stream,No audio stream found,repcount_train.csv,train,repcount_train.csv:18
stu2_35.mp4,no_audio_stream,No audio stream found,repcount_train.csv,train,repcount_train.csv:19
stu6_1.mp4,no_audio_stream,No audio stream found,repcount_train.csv,train,repcount_train.csv:20
stu7_57.mp4,no_audio_stream,No audio stream found,repcount_train.csv,train,repcount_train.csv:21
train133.mp4,no_audio_stream,No audio stream found,repcount_train.csv,train,repcount_train.csv:22
stu7_49.mp4,no_audio_stream,No audio stream found,repcount_train.csv,train,repcount_train.csv:23
stu9_51.mp4,no_audio_stream,No audio stream found,repcount_train.csv,train,repcount_train.csv:24
train3301.mp4,no_audio_stream,No audio stream found,repcount_train.csv,train,repcount_train.csv:25
stu10_50.mp4,no_audio_stream,No audio stream found,repcount_train.csv,train,repcount_train.csv:26
stu8_35.mp4,no_audio_stream,No audio stream found,repcount_train.csv,train,repcount_train.csv:27
stu1_68.mp4,no_audio_stream,No audio stream found,repcount_train.csv,train,repcount_train.csv:28
train1605.mp4,no_audio_stream,No audio stream found,repcount_train.csv,train,repcount_train.csv:29
train940.mp4,no_audio_stream,No audio stream found,repcount_train.csv,train,repcount_train.csv:30
stu7_34.mp4,no_audio_stream,No audio stream found,repcount_train.csv,train,repcount_train.csv:31
stu2_58.mp4,no_audio_stream,No audio stream found,repcount_train.csv,train,repcount_train.csv:32
stu4_50.mp4,no_audio_stream,No audio stream found,repcount_train.csv,train,repcount_train.csv:33
stu1_33.mp4,no_audio_stream,No audio stream found,repcount_train.csv,train,repcount_train.csv:34
stu9_22.mp4,no_audio_stream,No audio stream found,repcount_train.csv,train,repcount_train.csv:35
stu7_3.mp4,no_audio_stream,No audio stream found,repcount_train.csv,train,repcount_train.csv:36
stu1_14.mp4,no_audio_stream,No audio stream found,repcount_train.csv,train,repcount_train.csv:37
stu3_42.mp4,no_audio_stream,No audio stream found,repcount_train.csv,train,repcount_train.csv:38
stu4_15.mp4,no_audio_stream,No audio stream found,repcount_train.csv,train,repcount_train.csv:39
stu6_62.mp4,no_audio_stream,No audio stream found,repcount_train.csv,train,repcount_train.csv:40
train987.mp4,no_audio_stream,No audio stream found,repcount_train.csv,train,repcount_train.csv:41
stu4_39.mp4,no_audio_stream,No audio stream found,repcount_train.csv,train,repcount_train.csv:43
stu2_40.mp4,no_audio_stream,No audio stream found,repcount_train.csv,train,repcount_train.csv:44
stu7_18.mp4,no_audio_stream,No audio stream found,repcount_train.csv,train,repcount_train.csv:45
train160.mp4,no_audio_stream,No audio stream found,repcount_train.csv,train,repcount_train.csv:46
train180.mp4,no_audio_stream,No audio stream found,repcount_train.csv,train,repcount_train.csv:48
stu6_29.mp4,no_audio_stream,No audio stream found,repcount_train.csv,train,repcount_train.csv:49
stu10_46.mp4,no_audio_stream,No audio stream found,repcount_train.csv,train,repcount_train.csv:50
stu6_33.mp4,no_audio_stream,No audio stream found,repcount_train.csv,train,repcount_train.csv:51
stu4_33.mp4,no_audio_stream,No audio stream found,repcount_train.csv,train,repcount_train.csv:52
stu3_65.mp4,no_audio_stream,No audio stream found,repcount_train.csv,train,repcount_train.csv:53
stu6_8.mp4,no_audio_stream,No audio stream found,repcount_train.csv,train,repcount_train.csv:54
stu1_41.mp4,no_audio_stream,No audio stream found,repcount_train.csv,train,repcount_train.csv:55
train2719.mp4,no_audio_stream,No audio stream found,repcount_train.csv,train,repcount_train.csv:56
stu9_26.mp4,no_audio_stream,No audio stream found,repcount_train.csv,train,repcount_train.csv:57
stu7_60.mp4,no_audio_stream,No audio stream found,repcount_train.csv,train,repcount_train.csv:58
stu2_51.mp4,no_audio_stream,No audio stream found,repcount_train.csv,train,repcount_train.csv:59
stu8_1.mp4,no_audio_stream,No audio stream found,repcount_train.csv,train,repcount_train.csv:60
stu10_31.mp4,no_audio_stream,No audio stream found,repcount_train.csv,train,repcount_train.csv:62
train2712.mp4,no_audio_stream,No audio stream found,repcount_train.csv,train,repcount_train.csv:63
stu1_22.mp4,no_audio_stream,No audio stream found,repcount_train.csv,train,repcount_train.csv:64
stu4_25.mp4,no_audio_stream,No audio stream found,repcount_train.csv,train,repcount_train.csv:65
stu2_20.mp4,no_audio_stream,No audio stream found,repcount_train.csv,train,repcount_train.csv:68
stu10_16.mp4,no_audio_stream,No audio stream found,repcount_train.csv,train,repcount_train.csv:69
stu10_53.mp4,no_audio_stream,No audio stream found,repcount_train.csv,train,repcount_train.csv:70
val1089.mp4,no_audio_stream,No audio stream found,repcount_train.csv,train,repcount_train.csv:71
stu3_62.mp4,no_audio_stream,No audio stream found,repcount_train.csv,train,repcount_train.csv:72
stu8_56.mp4,no_audio_stream,No audio stream found,repcount_train.csv,train,repcount_train.csv:73
stu7_63.mp4,no_audio_stream,No audio stream found,repcount_train.csv,train,repcount_train.csv:76
stu9_35.mp4,no_audio_stream,No audio stream found,repcount_train.csv,train,repcount_train.csv:77
stu8_44.mp4,no_audio_stream,No audio stream found,repcount_train.csv,train,repcount_train.csv:78
train3319.mp4,no_audio_stream,No audio stream found,repcount_train.csv,train,repcount_train.csv:79
stu8_4.mp4,no_audio_stream,No audio stream found,repcount_train.csv,train,repcount_train.csv:80
stu3_44.mp4,no_audio_stream,No audio stream found,repcount_train.csv,train,repcount_train.csv:81
stu7_64.mp4,no_audio_stream,No audio stream found,repcount_train.csv,train,repcount_train.csv:82
train2568.mp4,no_audio_stream,No audio stream found,repcount_train.csv,train,repcount_train.csv:83
train3386.mp4,no_audio_stream,No audio stream found,repcount_train.csv,train,repcount_train.csv:84
stu5_48.mp4,no_audio_stream,No audio stream found,repcount_train.csv,train,repcount_train.csv:85
train2570.mp4,no_audio_stream,No audio stream found,repcount_train.csv,train,repcount_train.csv:86
test586.mp4,no_audio_stream,No audio stream found,repcount_train.csv,train,repcount_train.csv:87
stu2_38.mp4,no_audio_stream,No audio stream found,repcount_train.csv,train,repcount_train.csv:88
stu5_56.mp4,no_audio_stream,No audio stream found,repcount_train.csv,train,repcount_train.csv:89
train3948.mp4,no_audio_stream,No audio stream found,repcount_train.csv,train,repcount_train.csv:90
stu5_30.mp4,no_audio_stream,No audio stream found,repcount_train.csv,train,repcount_train.csv:91
stu9_58.mp4,no_audio_stream,No audio stream found,repcount_train.csv,train,repcount_train.csv:92
stu1_20.mp4,no_audio_stream,No audio stream found,repcount_train.csv,train,repcount_train.csv:93
train3366.mp4,no_audio_stream,No audio stream found,repcount_train.csv,train,repcount_train.csv:94
train2501.mp4,no_audio_stream,No audio stream found,repcount_train.csv,train,repcount_train.csv:95
stu1_55.mp4,no_audio_stream,No audio stream found,repcount_train.csv,train,repcount_train.csv:96
stu3_9.mp4,no_audio_stream,No audio stream found,repcount_train.csv,train,repcount_train.csv:97
stu8_5.mp4,no_audio_stream,No audio stream found,repcount_train.csv,train,repcount_train.csv:98
stu6_28.mp4,no_audio_stream,No audio stream found,repcount_train.csv,train,repcount_train.csv:100
val819.mp4,no_audio_stream,No audio stream found,repcount_train.csv,train,repcount_train.csv:101
stu5_50.mp4,no_audio_stream,No audio stream found,repcount_train.csv,train,repcount_train.csv:102
stu2_28.mp4,no_audio_stream,No audio stream found,repcount_train.csv,train,repcount_train.csv:103
stu5_28.mp4,no_audio_stream,No audio stream found,repcount_train.csv,train,repcount_train.csv:104
stu1_9.mp4,no_audio_stream,No audio stream found,repcount_train.csv,train,repcount_train.csv:105
stu1_32.mp4,no_audio_stream,No audio stream found,repcount_train.csv,train,repcount_train.csv:107
stu7_14.mp4,no_audio_stream,No audio stream found,repcount_train.csv,train,repcount_train.csv:108
stu1_35.mp4,no_audio_stream,No audio stream found,repcount_train.csv,train,repcount_train.csv:109
stu1_0.mp4,no_audio_stream,No audio stream found,repcount_train.csv,train,repcount_train.csv:110
stu3_29.mp4,no_audio_stream,No audio stream found,repcount_train.csv,train,repcount_train.csv:112
stu2_63.mp4,no_audio_stream,No audio stream found,repcount_train.csv,train,repcount_train.csv:113
stu3_38.mp4,no_audio_stream,No audio stream found,repcount_train.csv,train,repcount_train.csv:114
stu8_40.mp4,no_audio_stream,No audio stream found,repcount_train.csv,train,repcount_train.csv:115
stu5_20.mp4,no_audio_stream,No audio stream found,repcount_train.csv,train,repcount_train.csv:116
train156.mp4,no_audio_stream,No audio stream found,repcount_train.csv,train,repcount_train.csv:117
stu4_21.mp4,no_audio_stream,No audio stream found,repcount_train.csv,train,repcount_train.csv:118
train2692.mp4,no_audio_stream,No audio stream found,repcount_train.csv,train,repcount_train.csv:119
stu10_49.mp4,no_audio_stream,No audio stream found,repcount_train.csv,train,repcount_train.csv:120
stu6_6.mp4,no_audio_stream,No audio stream found,repcount_train.csv,train,repcount_train.csv:121
stu1_11.mp4,no_audio_stream,No audio stream found,repcount_train.csv,train,repcount_train.csv:122
stu10_65.mp4,no_audio_stream,No audio stream found,repcount_train.csv,train,repcount_train.csv:123
stu7_40.mp4,no_audio_stream,No audio stream found,repcount_train.csv,train,repcount_train.csv:124
stu1_72.mp4,no_audio_stream,No audio stream found,repcount_train.csv,train,repcount_train.csv:125
stu6_70.mp4,no_audio_stream,No audio stream found,repcount_train.csv,train,repcount_train.csv:126
stu1_54.mp4,no_audio_stream,No audio stream found,repcount_train.csv,train,repcount_train.csv:127
stu2_43.mp4,no_audio_stream,No audio stream found,repcount_train.csv,train,repcount_train.csv:128
stu4_57.mp4,no_audio_stream,No audio stream found,repcount_train.csv,train,repcount_train.csv:129
stu9_28.mp4,no_audio_stream,No audio stream found,repcount_train.csv,train,repcount_train.csv:130
stu7_21.mp4,no_audio_stream,No audio stream found,repcount_train.csv,train,repcount_train.csv:131
stu8_41.mp4,no_audio_stream,No audio stream found,repcount_train.csv,train,repcount_train.csv:132
stu4_34.mp4,no_audio_stream,No audio stream found,repcount_train.csv,train,repcount_train.csv:133
stu10_23.mp4,no_audio_stream,No audio stream found,repcount_train.csv,train,repcount_train.csv:134
stu10_58.mp4,no_audio_stream,No audio stream found,repcount_train.csv,train,repcount_train.csv:135
stu1_4.mp4,no_audio_stream,No audio stream found,repcount_train.csv,train,repcount_train.csv:136
val912.mp4,no_audio_stream,No audio stream found,repcount_train.csv,train,repcount_train.csv:137
stu6_38.mp4,no_audio_stream,No audio stream found,repcount_train.csv,train,repcount_train.csv:138
stu1_66.mp4,no_audio_stream,No audio stream found,repcount_train.csv,train,repcount_train.csv:139
val826.mp4,no_audio_stream,No audio stream found,repcount_train.csv,train,repcount_train.csv:140
stu2_3.mp4,no_audio_stream,No audio stream found,repcount_train.csv,train,repcount_train.csv:141
stu2_16.mp4,no_audio_stream,No audio stream found,repcount_train.csv,train,repcount_train.csv:142
stu9_3.mp4,no_audio_stream,No audio stream found,repcount_train.csv,train,repcount_train.csv:143
stu9_25.mp4,no_audio_stream,No audio stream found,repcount_train.csv,train,repcount_train.csv:144
stu7_55.mp4,no_audio_stream,No audio stream found,repcount_train.csv,train,repcount_train.csv:145
train3327.mp4,no_audio_stream,No audio stream found,repcount_train.csv,train,repcount_train.csv:146
stu4_24.mp4,no_audio_stream,No audio stream found,repcount_train.csv,train,repcount_train.csv:147
stu5_4.mp4,no_audio_stream,No audio stream found,repcount_train.csv,train,repcount_train.csv:148
stu7_31.mp4,no_audio_stream,No audio stream found,repcount_train.csv,train,repcount_train.csv:149
train3309.mp4,no_audio_stream,No audio stream found,repcount_train.csv,train,repcount_train.csv:150
train954.mp4,no_audio_stream,No audio stream found,repcount_train.csv,train,repcount_train.csv:151
stu3_37.mp4,no_audio_stream,No audio stream found,repcount_train.csv,train,repcount_train.csv:152
stu4_18.mp4,no_audio_stream,No audio stream found,repcount_train.csv,train,repcount_train.csv:153
stu8_17.mp4,no_audio_stream,No audio stream found,repcount_train.csv,train,repcount_train.csv:154
stu1_63.mp4,no_audio_stream,No audio stream found,repcount_train.csv,train,repcount_train.csv:155
stu10_10.mp4,no_audio_stream,No audio stream found,repcount_train.csv,train,repcount_train.csv:156
val824.mp4,no_audio_stream,No audio stream found,repcount_train.csv,train,repcount_train.csv:157
stu7_54.mp4,no_audio_stream,No audio stream found,repcount_train.csv,train,repcount_train.csv:158
stu5_70.mp4,no_audio_stream,No audio stream found,repcount_train.csv,train,repcount_train.csv:159
val890.mp4,no_audio_stream,No audio stream found,repcount_train.csv,train,repcount_train.csv:160
val1074.mp4,no_audio_stream,No audio stream found,repcount_train.csv,train,repcount_train.csv:161
stu4_41.mp4,no_audio_stream,No audio stream found,repcount_train.csv,train,repcount_train.csv:162
stu5_8.mp4,no_audio_stream,No audio stream found,repcount_train.csv,train,repcount_train.csv:164
stu10_18.mp4,no_audio_stream,No audio stream found,repcount_train.csv,train,repcount_train.csv:165
stu6_10.mp4,no_audio_stream,No audio stream found,repcount_train.csv,train,repcount_train.csv:166
train1005.mp4,no_audio_stream,No audio stream found,repcount_train.csv,train,repcount_train.csv:168
val817.mp4,no_audio_stream,No audio stream found,repcount_train.csv,train,repcount_train.csv:169
stu2_49.mp4,no_audio_stream,No audio stream found,repcount_train.csv,train,repcount_train.csv:170
stu9_20.mp4,no_audio_stream,No audio stream found,repcount_train.csv,train,repcount_train.csv:171
val1235.mp4,no_audio_stream,No audio stream found,repcount_train.csv,train,repcount_train.csv:172
train181.mp4,no_audio_stream,No audio stream found,repcount_train.csv,train,repcount_train.csv:173
train1617.mp4,no_audio_stream,No audio stream found,repcount_train.csv,train,repcount_train.csv:174
stu2_46.mp4,no_audio_stream,No audio stream found,repcount_train.csv,train,repcount_train.csv:175
stu1_62.mp4,no_audio_stream,No audio stream found,repcount_train.csv,train,repcount_train.csv:176
stu4_13.mp4,no_audio_stream,No audio stream found,repcount_train.csv,train,repcount_train.csv:177
stu5_13.mp4,no_audio_stream,No audio stream found,repcount_train.csv,train,repcount_train.csv:178
stu10_9.mp4,no_audio_stream,No audio stream found,repcount_train.csv,train,repcount_train.csv:179
stu10_15.mp4,no_audio_stream,No audio stream found,repcount_train.csv,train,repcount_train.csv:180
stu5_31.mp4,no_audio_stream,No audio stream found,repcount_train.csv,train,repcount_train.csv:181
stu4_23.mp4,no_audio_stream,No audio stream found,repcount_train.csv,train,repcount_train.csv:182
stu5_43.mp4,no_audio_stream,No audio stream found,repcount_train.csv,train,repcount_train.csv:183
train3959.mp4,no_audio_stream,No audio stream found,repcount_train.csv,train,repcount_train.csv:184
train3323.mp4,no_audio_stream,No audio stream found,repcount_train.csv,train,repcount_train.csv:186
train1640.mp4,no_audio_stream,No audio stream found,repcount_train.csv,train,repcount_train.csv:187
stu2_45.mp4,no_audio_stream,No audio stream found,repcount_train.csv,train,repcount_train.csv:188
stu10_3.mp4,no_audio_stream,No audio stream found,repcount_train.csv,train,repcount_train.csv:189
stu5_7.mp4,no_audio_stream,No audio stream found,repcount_train.csv,train,repcount_train.csv:190
stu4_52.mp4,no_audio_stream,No audio stream found,repcount_train.csv,train,repcount_train.csv:191
stu8_6.mp4,no_audio_stream,No audio stream found,repcount_train.csv,train,repcount_train.csv:192
stu9_41.mp4,no_audio_stream,No audio stream found,repcount_train.csv,train,repcount_train.csv:193
stu6_67.mp4,no_audio_stream,No audio stream found,repcount_train.csv,train,repcount_train.csv:194
stu3_36.mp4,no_audio_stream,No audio stream found,repcount_train.csv,train,repcount_train.csv:195
stu1_65.mp4,no_audio_stream,No audio stream found,repcount_train.csv,train,repcount_train.csv:196
test2319.mp4,no_audio_stream,No audio stream found,repcount_train.csv,train,repcount_train.csv:197
stu4_26.mp4,no_audio_stream,No audio stream found,repcount_train.csv,train,repcount_train.csv:198
stu3_11.mp4,no_audio_stream,No audio stream found,repcount_train.csv,train,repcount_train.csv:199
test1448.mp4,no_audio_stream,No audio stream found,repcount_train.csv,train,repcount_train.csv:200
stu5_1.mp4,no_audio_stream,No audio stream found,repcount_train.csv,train,repcount_train.csv:201
stu5_35.mp4,no_audio_stream,No audio stream found,repcount_train.csv,train,repcount_train.csv:202
stu4_62.mp4,no_audio_stream,No audio stream found,repcount_train.csv,train,repcount_train.csv:203
stu6_36.mp4,no_audio_stream,No audio stream found,repcount_train.csv,train,repcount_train.csv:204
test531.mp4,no_audio_stream,No audio stream found,repcount_train.csv,train,repcount_train.csv:205
stu9_42.mp4,no_audio_stream,No audio stream found,repcount_train.csv,train,repcount_train.csv:206
stu2_17.mp4,no_audio_stream,No audio stream found,repcount_train.csv,train,repcount_train.csv:207
stu9_16.mp4,no_audio_stream,No audio stream found,repcount_train.csv,train,repcount_train.csv:208
stu7_0.mp4,no_audio_stream,No audio stream found,repcount_train.csv,train,repcount_train.csv:209
stu1_15.mp4,no_audio_stream,No audio stream found,repcount_train.csv,train,repcount_train.csv:210
stu7_23.mp4,no_audio_stream,No audio stream found,repcount_train.csv,train,repcount_train.csv:211
stu1_28.mp4,no_audio_stream,No audio stream found,repcount_train.csv,train,repcount_train.csv:212
stu8_30.mp4,no_audio_stream,No audio stream found,repcount_train.csv,train,repcount_train.csv:213
stu9_5.mp4,no_audio_stream,No audio stream found,repcount_train.csv,train,repcount_train.csv:214
stu2_72.mp4,no_audio_stream,No audio stream found,repcount_train.csv,train,repcount_train.csv:215
stu6_5.mp4,no_audio_stream,No audio stream found,repcount_train.csv,train,repcount_train.csv:216
stu9_10.mp4,no_audio_stream,No audio stream found,repcount_train.csv,train,repcount_train.csv:217
stu10_59.mp4,no_audio_stream,No audio stream found,repcount_train.csv,train,repcount_train.csv:218
test1465.mp4,no_audio_stream,No audio stream found,repcount_train.csv,train,repcount_train.csv:219
stu7_38.mp4,no_audio_stream,No audio stream found,repcount_train.csv,train,repcount_train.csv:220
stu9_61.mp4,no_audio_stream,No audio stream found,repcount_train.csv,train,repcount_train.csv:221
train3944.mp4,no_audio_stream,No audio stream found,repcount_train.csv,train,repcount_train.csv:222
val568.mp4,no_audio_stream,No audio stream found,repcount_train.csv,train,repcount_train.csv:223
stu9_27.mp4,no_audio_stream,No audio stream found,repcount_train.csv,train,repcount_train.csv:224
train3303.mp4,no_audio_stream,No audio stream found,repcount_train.csv,train,repcount_train.csv:225
stu3_34.mp4,no_audio_stream,No audio stream found,repcount_train.csv,train,repcount_train.csv:226
stu1_10.mp4,no_audio_stream,No audio stream found,repcount_train.csv,train,repcount_train.csv:227
test153.mp4,no_audio_stream,No audio stream found,repcount_train.csv,train,repcount_train.csv:228
stu4_3.mp4,no_audio_stream,No audio stream found,repcount_train.csv,train,repcount_train.csv:229
stu9_38.mp4,no_audio_stream,No audio stream found,repcount_train.csv,train,repcount_train.csv:230
stu8_39.mp4,no_audio_stream,No audio stream found,repcount_train.csv,train,repcount_train.csv:231
val578.mp4,no_audio_stream,No audio stream found,repcount_train.csv,train,repcount_train.csv:232
stu7_2.mp4,no_audio_stream,No audio stream found,repcount_train.csv,train,repcount_train.csv:233
val359.mp4,no_audio_stream,No audio stream found,repcount_train.csv,train,repcount_train.csv:234
stu2_66.mp4,no_audio_stream,No audio stream found,repcount_train.csv,train,repcount_train.csv:236
stu2_32.mp4,no_audio_stream,No audio stream found,repcount_train.csv,train,repcount_train.csv:237
val1250.mp4,no_audio_stream,No audio stream found,repcount_train.csv,train,repcount_train.csv:238
stu1_51.mp4,no_audio_stream,No audio stream found,repcount_train.csv,train,repcount_train.csv:239
stu8_50.mp4,no_audio_stream,No audio stream found,repcount_train.csv,train,repcount_train.csv:240
stu4_7.mp4,no_audio_stream,No audio stream found,repcount_train.csv,train,repcount_train.csv:241
stu5_64.mp4,no_audio_stream,No audio stream found,repcount_train.csv,train,repcount_train.csv:242
stu5_14.mp4,no_audio_stream,No audio stream found,repcount_train.csv,train,repcount_train.csv:243
stu3_23.mp4,no_audio_stream,No audio stream found,repcount_train.csv,train,repcount_train.csv:244
train139.mp4,no_audio_stream,No audio stream found,repcount_train.csv,train,repcount_train.csv:245
stu10_0.mp4,no_audio_stream,No audio stream found,repcount_train.csv,train,repcount_train.csv:247
stu4_42.mp4,no_audio_stream,No audio stream found,repcount_train.csv,train,repcount_train.csv:248
stu4_36.mp4,no_audio_stream,No audio stream found,repcount_train.csv,train,repcount_train.csv:249
stu10_41.mp4,no_audio_stream,No audio stream found,repcount_train.csv,train,repcount_train.csv:250
stu8_0.mp4,no_audio_stream,No audio stream found,repcount_train.csv,train,repcount_train.csv:251
stu7_15.mp4,no_audio_stream,No audio stream found,repcount_train.csv,train,repcount_train.csv:252
stu2_47.mp4,no_audio_stream,No audio stream found,repcount_train.csv,train,repcount_train.csv:253
train2527.mp4,no_audio_stream,No audio stream found,repcount_train.csv,train,repcount_train.csv:254
stu10_38.mp4,no_audio_stream,No audio stream found,repcount_train.csv,train,repcount_train.csv:255
stu1_64.mp4,no_audio_stream,No audio stream found,repcount_train.csv,train,repcount_train.csv:256
stu3_13.mp4,no_audio_stream,No audio stream found,repcount_train.csv,train,repcount_train.csv:257
stu1_52.mp4,no_audio_stream,No audio stream found,repcount_train.csv,train,repcount_train.csv:258
stu10_54.mp4,no_audio_stream,No audio stream found,repcount_train.csv,train,repcount_train.csv:259
stu5_0.mp4,no_audio_stream,No audio stream found,repcount_train.csv,train,repcount_train.csv:260
stu10_33.mp4,no_audio_stream,No audio stream found,repcount_train.csv,train,repcount_train.csv:261
test558.mp4,no_audio_stream,No audio stream found,repcount_train.csv,train,repcount_train.csv:262
val581.mp4,no_audio_stream,No audio stream found,repcount_train.csv,train,repcount_train.csv:264
test989.mp4,no_audio_stream,No audio stream found,repcount_train.csv,train,repcount_train.csv:265
stu8_15.mp4,no_audio_stream,No audio stream found,repcount_train.csv,train,repcount_train.csv:266
stu8_8.mp4,no_audio_stream,No audio stream found,repcount_train.csv,train,repcount_train.csv:267
stu4_9.mp4,no_audio_stream,No audio stream found,repcount_train.csv,train,repcount_train.csv:268
stu2_64.mp4,no_audio_stream,No audio stream found,repcount_train.csv,train,repcount_train.csv:269
stu6_59.mp4,no_audio_stream,No audio stream found,repcount_train.csv,train,repcount_train.csv:270
train929.mp4,no_audio_stream,No audio stream found,repcount_train.csv,train,repcount_train.csv:271
test555.mp4,no_audio_stream,No audio stream found,repcount_train.csv,train,repcount_train.csv:272
val1076.mp4,no_audio_stream,No audio stream found,repcount_train.csv,train,repcount_train.csv:273
stu5_57.mp4,no_audio_stream,No audio stream found,repcount_train.csv,train,repcount_train.csv:274
val828.mp4,no_audio_stream,No audio stream found,repcount_train.csv,train,repcount_train.csv:276
stu1_56.mp4,no_audio_stream,No audio stream found,repcount_train.csv,train,repcount_train.csv:277
train2734.mp4,no_audio_stream,No audio stream found,repcount_train.csv,train,repcount_train.csv:278
train2649.mp4,no_audio_stream,No audio stream found,repcount_train.csv,train,repcount_train.csv:279
stu1_2.mp4,no_audio_stream,No audio stream found,repcount_train.csv,train,repcount_train.csv:280
stu8_22.mp4,no_audio_stream,No audio stream found,repcount_train.csv,train,repcount_train.csv:281
stu2_52.mp4,no_audio_stream,No audio stream found,repcount_train.csv,train,repcount_train.csv:282
stu1_16.mp4,no_audio_stream,No audio stream found,repcount_train.csv,train,repcount_train.csv:283
stu3_17.mp4,no_audio_stream,No audio stream found,repcount_train.csv,train,repcount_train.csv:284
test127.mp4,no_audio_stream,No audio stream found,repcount_train.csv,train,repcount_train.csv:285
stu1_46.mp4,no_audio_stream,No audio stream found,repcount_train.csv,train,repcount_train.csv:286
stu4_38.mp4,no_audio_stream,No audio stream found,repcount_train.csv,train,repcount_train.csv:287
stu10_4.mp4,no_audio_stream,No audio stream found,repcount_train.csv,train,repcount_train.csv:289
stu7_47.mp4,no_audio_stream,No audio stream found,repcount_train.csv,train,repcount_train.csv:290
stu5_6.mp4,no_audio_stream,No audio stream found,repcount_train.csv,train,repcount_train.csv:291
stu3_24.mp4,no_audio_stream,No audio stream found,repcount_train.csv,train,repcount_train.csv:292
train3316.mp4,no_audio_stream,No audio stream found,repcount_train.csv,train,repcount_train.csv:293
stu4_10.mp4,no_audio_stream,No audio stream found,repcount_train.csv,train,repcount_train.csv:294
stu2_50.mp4,no_audio_stream,No audio stream found,repcount_train.csv,train,repcount_train.csv:295
stu4_30.mp4,no_audio_stream,No audio stream found,repcount_train.csv,train,repcount_train.csv:296
stu2_19.mp4,no_audio_stream,No audio stream found,repcount_train.csv,train,repcount_train.csv:297
stu8_2.mp4,no_audio_stream,No audio stream found,repcount_train.csv,train,repcount_train.csv:298
stu5_41.mp4,no_audio_stream,No audio stream found,repcount_train.csv,train,repcount_train.csv:299
stu1_21.mp4,no_audio_stream,No audio stream found,repcount_train.csv,train,repcount_train.csv:300
val1256.mp4,no_audio_stream,No audio stream found,repcount_train.csv,train,repcount_train.csv:301
stu9_49.mp4,no_audio_stream,No audio stream found,repcount_train.csv,train,repcount_train.csv:302
stu6_45.mp4,no_audio_stream,No audio stream found,repcount_train.csv,train,repcount_train.csv:303
stu4_6.mp4,no_audio_stream,No audio stream found,repcount_train.csv,train,repcount_train.csv:304
stu9_43.mp4,no_audio_stream,No audio stream found,repcount_train.csv,train,repcount_train.csv:305
test2326.mp4,no_audio_stream,No audio stream found,repcount_train.csv,train,repcount_train.csv:306
stu3_30.mp4,no_audio_stream,No audio stream found,repcount_train.csv,train,repcount_train.csv:307
stu8_29.mp4,no_audio_stream,No audio stream found,repcount_train.csv,train,repcount_train.csv:308
stu1_58.mp4,no_audio_stream,No audio stream found,repcount_train.csv,train,repcount_train.csv:309
stu4_55.mp4,no_audio_stream,No audio stream found,repcount_train.csv,train,repcount_train.csv:310
train2645.mp4,no_audio_stream,No audio stream found,repcount_train.csv,train,repcount_train.csv:311
stu6_27.mp4,no_audio_stream,No audio stream found,repcount_train.csv,train,repcount_train.csv:312
stu4_31.mp4,no_audio_stream,No audio stream found,repcount_train.csv,train,repcount_train.csv:313
stu2_8.mp4,no_audio_stream,No audio stream found,repcount_train.csv,train,repcount_train.csv:314
stu8_24.mp4,no_audio_stream,No audio stream found,repcount_train.csv,train,repcount_train.csv:316
val892.mp4,no_audio_stream,No audio stream found,repcount_train.csv,train,repcount_train.csv:317
test557.mp4,no_audio_stream,No audio stream found,repcount_train.csv,train,repcount_train.csv:318
stu5_10.mp4,no_audio_stream,No audio stream found,repcount_train.csv,train,repcount_train.csv:320
test1483.mp4,no_audio_stream,No audio stream found,repcount_train.csv,train,repcount_train.csv:321
stu4_53.mp4,no_audio_stream,No audio stream found,repcount_train.csv,train,repcount_train.csv:322
stu2_31.mp4,no_audio_stream,No audio stream found,repcount_train.csv,train,repcount_train.csv:323
test570.mp4,no_audio_stream,No audio stream found,repcount_train.csv,train,repcount_train.csv:324
stu10_40.mp4,no_audio_stream,No audio stream found,repcount_train.csv,train,repcount_train.csv:325
stu2_70.mp4,no_audio_stream,No audio stream found,repcount_train.csv,train,repcount_train.csv:326
stu1_13.mp4,no_audio_stream,No audio stream found,repcount_train.csv,train,repcount_train.csv:327
stu4_67.mp4,no_audio_stream,No audio stream found,repcount_train.csv,train,repcount_train.csv:328
stu9_0.mp4,no_audio_stream,No audio stream found,repcount_train.csv,train,repcount_train.csv:329
train1614.mp4,no_audio_stream,No audio stream found,repcount_train.csv,train,repcount_train.csv:330
stu1_69.mp4,no_audio_stream,No audio stream found,repcount_train.csv,train,repcount_train.csv:331
stu8_18.mp4,no_audio_stream,No audio stream found,repcount_train.csv,train,repcount_train.csv:332
stu8_33.mp4,no_audio_stream,No audio stream found,repcount_train.csv,train,repcount_train.csv:333
stu8_26.mp4,no_audio_stream,No audio stream found,repcount_train.csv,train,repcount_train.csv:334
stu1_43.mp4,no_audio_stream,No audio stream found,repcount_train.csv,train,repcount_train.csv:335
stu4_51.mp4,no_audio_stream,No audio stream found,repcount_train.csv,train,repcount_train.csv:337
stu2_42.mp4,no_audio_stream,No audio stream found,repcount_train.csv,train,repcount_train.csv:338
stu1_42.mp4,no_audio_stream,No audio stream found,repcount_train.csv,train,repcount_train.csv:339
stu3_48.mp4,no_audio_stream,No audio stream found,repcount_train.csv,train,repcount_train.csv:340
stu8_66.mp4,no_audio_stream,No audio stream found,repcount_train.csv,train,repcount_train.csv:341
train1678.mp4,no_audio_stream,No audio stream found,repcount_train.csv,train,repcount_train.csv:342
stu9_62.mp4,no_audio_stream,No audio stream found,repcount_train.csv,train,repcount_train.csv:343
stu3_49.mp4,no_audio_stream,No audio stream found,repcount_train.csv,train,repcount_train.csv:344
stu2_18.mp4,no_audio_stream,No audio stream found,repcount_train.csv,train,repcount_train.csv:345
stu2_2.mp4,no_audio_stream,No audio stream found,repcount_train.csv,train,repcount_train.csv:346
stu10_55.mp4,no_audio_stream,No audio stream found,repcount_train.csv,train,repcount_train.csv:347
stu10_7.mp4,no_audio_stream,No audio stream found,repcount_train.csv,train,repcount_train.csv:348
stu8_21.mp4,no_audio_stream,No audio stream found,repcount_train.csv,train,repcount_train.csv:349
stu7_69.mp4,no_audio_stream,No audio stream found,repcount_train.csv,train,repcount_train.csv:350
stu8_36.mp4,no_audio_stream,No audio stream found,repcount_train.csv,train,repcount_train.csv:351
stu3_22.mp4,no_audio_stream,No audio stream found,repcount_train.csv,train,repcount_train.csv:352
train3951.mp4,no_audio_stream,No audio stream found,repcount_train.csv,train,repcount_train.csv:353
stu5_54.mp4,no_audio_stream,No audio stream found,repcount_train.csv,train,repcount_train.csv:354
test577.mp4,no_audio_stream,No audio stream found,repcount_train.csv,train,repcount_train.csv:355
stu9_14.mp4,no_audio_stream,No audio stream found,repcount_train.csv,train,repcount_train.csv:358
stu2_33.mp4,no_audio_stream,No audio stream found,repcount_train.csv,train,repcount_train.csv:359
stu7_11.mp4,no_audio_stream,No audio stream found,repcount_train.csv,train,repcount_train.csv:360
stu9_7.mp4,no_audio_stream,No audio stream found,repcount_train.csv,train,repcount_train.csv:361
stu2_7.mp4,no_audio_stream,No audio stream found,repcount_train.csv,train,repcount_train.csv:362
stu6_55.mp4,no_audio_stream,No audio stream found,repcount_train.csv,train,repcount_train.csv:363
stu2_68.mp4,no_audio_stream,No audio stream found,repcount_train.csv,train,repcount_train.csv:364
stu5_39.mp4,no_audio_stream,No audio stream found,repcount_train.csv,train,repcount_train.csv:365
stu9_68.mp4,no_audio_stream,No audio stream found,repcount_train.csv,train,repcount_train.csv:366
stu8_27.mp4,no_audio_stream,No audio stream found,repcount_train.csv,train,repcount_train.csv:367
stu9_53.mp4,no_audio_stream,No audio stream found,repcount_train.csv,train,repcount_train.csv:368
stu1_1.mp4,no_audio_stream,No audio stream found,repcount_train.csv,train,repcount_train.csv:369
train2676.mp4,no_audio_stream,No audio stream found,repcount_train.csv,train,repcount_train.csv:370
stu1_49.mp4,no_audio_stream,No audio stream found,repcount_train.csv,train,repcount_train.csv:371
test2299.mp4,no_audio_stream,No audio stream found,repcount_train.csv,train,repcount_train.csv:372
stu3_27.mp4,no_audio_stream,No audio stream found,repcount_train.csv,train,repcount_train.csv:373
test2309.mp4,no_audio_stream,No audio stream found,repcount_train.csv,train,repcount_train.csv:374
stu4_37.mp4,no_audio_stream,No audio stream found,repcount_train.csv,train,repcount_train.csv:375
stu9_39.mp4,no_audio_stream,No audio stream found,repcount_train.csv,train,repcount_train.csv:376
stu10_28.mp4,no_audio_stream,No audio stream found,repcount_train.csv,train,repcount_train.csv:377
stu7_48.mp4,no_audio_stream,No audio stream found,repcount_train.csv,train,repcount_train.csv:378
stu6_25.mp4,no_audio_stream,No audio stream found,repcount_train.csv,train,repcount_train.csv:379
stu6_26.mp4,no_audio_stream,No audio stream found,repcount_train.csv,train,repcount_train.csv:380
train3365.mp4,no_audio_stream,No audio stream found,repcount_train.csv,train,repcount_train.csv:381
test584.mp4,no_audio_stream,No audio stream found,repcount_train.csv,train,repcount_train.csv:382
stu9_46.mp4,no_audio_stream,No audio stream found,repcount_train.csv,train,repcount_train.csv:383
stu7_68.mp4,no_audio_stream,No audio stream found,repcount_train.csv,train,repcount_train.csv:384
stu10_21.mp4,no_audio_stream,No audio stream found,repcount_train.csv,train,repcount_train.csv:385
stu7_51.mp4,no_audio_stream,No audio stream found,repcount_train.csv,train,repcount_train.csv:386
train186.mp4,no_audio_stream,No audio stream found,repcount_train.csv,train,repcount_train.csv:387
stu10_35.mp4,no_audio_stream,No audio stream found,repcount_train.csv,train,repcount_train.csv:388
stu7_27.mp4,no_audio_stream,No audio stream found,repcount_train.csv,train,repcount_train.csv:389
stu10_11.mp4,no_audio_stream,No audio stream found,repcount_train.csv,train,repcount_train.csv:390
stu10_2.mp4,no_audio_stream,No audio stream found,repcount_train.csv,train,repcount_train.csv:391
stu3_7.mp4,no_audio_stream,No audio stream found,repcount_train.csv,train,repcount_train.csv:392
stu9_6.mp4,no_audio_stream,No audio stream found,repcount_train.csv,train,repcount_train.csv:394
val1258.mp4,no_audio_stream,No audio stream found,repcount_train.csv,train,repcount_train.csv:396
stu2_29.mp4,no_audio_stream,No audio stream found,repcount_train.csv,train,repcount_train.csv:397
stu2_41.mp4,no_audio_stream,No audio stream found,repcount_train.csv,train,repcount_train.csv:398
stu6_43.mp4,no_audio_stream,No audio stream found,repcount_train.csv,train,repcount_train.csv:399
stu7_41.mp4,no_audio_stream,No audio stream found,repcount_train.csv,train,repcount_train.csv:400
stu9_4.mp4,no_audio_stream,No audio stream found,repcount_train.csv,train,repcount_train.csv:401
stu9_23.mp4,no_audio_stream,No audio stream found,repcount_train.csv,train,repcount_train.csv:402
test118.mp4,no_audio_stream,No audio stream found,repcount_train.csv,train,repcount_train.csv:403
stu10_57.mp4,no_audio_stream,No audio stream found,repcount_train.csv,train,repcount_train.csv:404
stu2_44.mp4,no_audio_stream,No audio stream found,repcount_train.csv,train,repcount_train.csv:405
stu10_45.mp4,no_audio_stream,No audio stream found,repcount_train.csv,train,repcount_train.csv:406
train2464.mp4,no_audio_stream,No audio stream found,repcount_train.csv,train,repcount_train.csv:407
stu10_20.mp4,no_audio_stream,No audio stream found,repcount_train.csv,train,repcount_train.csv:408
test125.mp4,no_audio_stream,No audio stream found,repcount_train.csv,train,repcount_train.csv:409
stu10_14.mp4,no_audio_stream,No audio stream found,repcount_train.csv,train,repcount_train.csv:410
stu1_3.mp4,no_audio_stream,No audio stream found,repcount_train.csv,train,repcount_train.csv:411
train2523.mp4,no_audio_stream,No audio stream found,repcount_train.csv,train,repcount_train.csv:412
stu8_55.mp4,no_audio_stream,No audio stream found,repcount_train.csv,train,repcount_train.csv:414
stu4_43.mp4,no_audio_stream,No audio stream found,repcount_train.csv,train,repcount_train.csv:415
test2318.mp4,no_audio_stream,No audio stream found,repcount_train.csv,train,repcount_train.csv:416
stu3_45.mp4,no_audio_stream,No audio stream found,repcount_train.csv,train,repcount_train.csv:417
stu3_70.mp4,no_audio_stream,No audio stream found,repcount_train.csv,train,repcount_train.csv:418
stu10_30.mp4,no_audio_stream,No audio stream found,repcount_train.csv,train,repcount_train.csv:419
stu9_60.mp4,no_audio_stream,No audio stream found,repcount_train.csv,train,repcount_train.csv:420
train2484.mp4,no_audio_stream,No audio stream found,repcount_train.csv,train,repcount_train.csv:421
stu7_7.mp4,no_audio_stream,No audio stream found,repcount_train.csv,train,repcount_train.csv:422
test990.mp4,no_audio_stream,No audio stream found,repcount_train.csv,train,repcount_train.csv:424
stu2_10.mp4,no_audio_stream,No audio stream found,repcount_train.csv,train,repcount_train.csv:425
stu5_63.mp4,no_audio_stream,No audio stream found,repcount_train.csv,train,repcount_train.csv:428
stu6_50.mp4,no_audio_stream,No audio stream found,repcount_train.csv,train,repcount_train.csv:429
stu4_44.mp4,no_audio_stream,No audio stream found,repcount_train.csv,train,repcount_train.csv:431
stu3_33.mp4,no_audio_stream,No audio stream found,repcount_train.csv,train,repcount_train.csv:432
stu4_48.mp4,no_audio_stream,No audio stream found,repcount_train.csv,train,repcount_train.csv:433
train1022.mp4,no_audio_stream,No audio stream found,repcount_train.csv,train,repcount_train.csv:434
stu10_52.mp4,no_audio_stream,No audio stream found,repcount_train.csv,train,repcount_train.csv:435
stu10_27.mp4,no_audio_stream,No audio stream found,repcount_train.csv,train,repcount_train.csv:436
stu10_61.mp4,no_audio_stream,No audio stream found,repcount_train.csv,train,repcount_train.csv:437
stu1_45.mp4,no_audio_stream,No audio stream found,repcount_train.csv,train,repcount_train.csv:438
val1075.mp4,no_audio_stream,No audio stream found,repcount_train.csv,train,repcount_train.csv:439
train2502.mp4,no_audio_stream,No audio stream found,repcount_train.csv,train,repcount_train.csv:440
stu3_40.mp4,no_audio_stream,No audio stream found,repcount_train.csv,train,repcount_train.csv:441
stu2_13.mp4,no_audio_stream,No audio stream found,repcount_train.csv,train,repcount_train.csv:442
train184.mp4,no_audio_stream,No audio stream found,repcount_train.csv,train,repcount_train.csv:443
stu5_44.mp4,no_audio_stream,No audio stream found,repcount_train.csv,train,repcount_train.csv:444
test2003.mp4,no_audio_stream,No audio stream found,repcount_train.csv,train,repcount_train.csv:445
stu3_6.mp4,no_audio_stream,No audio stream found,repcount_train.csv,train,repcount_train.csv:446
stu2_67.mp4,no_audio_stream,No audio stream found,repcount_train.csv,train,repcount_train.csv:447
stu10_66.mp4,no_audio_stream,No audio stream found,repcount_train.csv,train,repcount_train.csv:448
train2745.mp4,no_audio_stream,No audio stream found,repcount_train.csv,train,repcount_train.csv:449
stu6_19.mp4,no_audio_stream,No audio stream found,repcount_train.csv,train,repcount_train.csv:450
val1099.mp4,no_audio_stream,No audio stream found,repcount_train.csv,train,repcount_train.csv:451
stu8_13.mp4,no_audio_stream,No audio stream found,repcount_train.csv,train,repcount_train.csv:452
stu1_6.mp4,no_audio_stream,No audio stream found,repcount_train.csv,train,repcount_train.csv:453
stu2_9.mp4,no_audio_stream,No audio stream found,repcount_train.csv,train,repcount_train.csv:454
stu3_63.mp4,no_audio_stream,No audio stream found,repcount_train.csv,train,repcount_train.csv:455
stu3_41.mp4,no_audio_stream,No audio stream found,repcount_train.csv,train,repcount_train.csv:456
stu4_20.mp4,no_audio_stream,No audio stream found,repcount_train.csv,train,repcount_train.csv:457
val820.mp4,no_audio_stream,No audio stream found,repcount_train.csv,train,repcount_train.csv:458
stu5_42.mp4,no_audio_stream,No audio stream found,repcount_train.csv,train,repcount_train.csv:459
test944.mp4,no_audio_stream,No audio stream found,repcount_train.csv,train,repcount_train.csv:460
stu6_11.mp4,no_audio_stream,No audio stream found,repcount_train.csv,train,repcount_train.csv:461
stu6_14.mp4,no_audio_stream,No audio stream found,repcount_train.csv,train,repcount_train.csv:462
stu7_37.mp4,no_audio_stream,No audio stream found,repcount_train.csv,train,repcount_train.csv:464
stu8_51.mp4,no_audio_stream,No audio stream found,repcount_train.csv,train,repcount_train.csv:466
stu3_14.mp4,no_audio_stream,No audio stream found,repcount_train.csv,train,repcount_train.csv:467
train941.mp4,no_audio_stream,No audio stream found,repcount_train.csv,train,repcount_train.csv:468
test1995.mp4,no_audio_stream,No audio stream found,repcount_train.csv,train,repcount_train.csv:469
test541.mp4,no_audio_stream,No audio stream found,repcount_train.csv,train,repcount_train.csv:470
stu6_49.mp4,no_audio_stream,No audio stream found,repcount_train.csv,train,repcount_train.csv:471
test168.mp4,no_audio_stream,No audio stream found,repcount_train.csv,train,repcount_train.csv:472
stu9_40.mp4,no_audio_stream,No audio stream found,repcount_train.csv,train,repcount_train.csv:473
stu6_64.mp4,no_audio_stream,No audio stream found,repcount_train.csv,train,repcount_train.csv:474
stu5_34.mp4,no_audio_stream,No audio stream found,repcount_train.csv,train,repcount_train.csv:475
stu8_31.mp4,no_audio_stream,No audio stream found,repcount_train.csv,train,repcount_train.csv:476
train970.mp4,no_audio_stream,No audio stream found,repcount_train.csv,train,repcount_train.csv:477
stu9_54.mp4,no_audio_stream,No audio stream found,repcount_train.csv,train,repcount_train.csv:478
stu4_32.mp4,no_audio_stream,No audio stream found,repcount_train.csv,train,repcount_train.csv:479
stu3_35.mp4,no_audio_stream,No audio stream found,repcount_train.csv,train,repcount_train.csv:480
val886.mp4,no_audio_stream,No audio stream found,repcount_train.csv,train,repcount_train.csv:481
stu1_67.mp4,no_audio_stream,No audio stream found,repcount_train.csv,train,repcount_train.csv:482
stu7_25.mp4,no_audio_stream,No audio stream found,repcount_train.csv,train,repcount_train.csv:483
stu6_53.mp4,no_audio_stream,No audio stream found,repcount_train.csv,train,repcount_train.csv:484
stu9_33.mp4,no_audio_stream,No audio stream found,repcount_train.csv,train,repcount_train.csv:485
stu3_43.mp4,no_audio_stream,No audio stream found,repcount_train.csv,train,repcount_train.csv:486
stu1_7.mp4,no_audio_stream,No audio stream found,repcount_train.csv,train,repcount_train.csv:487
stu6_41.mp4,no_audio_stream,No audio stream found,repcount_train.csv,train,repcount_train.csv:488
test2317.mp4,no_audio_stream,No audio stream found,repcount_train.csv,train,repcount_train.csv:489
stu8_16.mp4,no_audio_stream,No audio stream found,repcount_train.csv,train,repcount_train.csv:490
stu9_1.mp4,no_audio_stream,No audio stream found,repcount_train.csv,train,repcount_train.csv:491
stu7_6.mp4,no_audio_stream,No audio stream found,repcount_train.csv,train,repcount_train.csv:492
stu3_8.mp4,no_audio_stream,No audio stream found,repcount_train.csv,train,repcount_train.csv:493
test1977.mp4,no_audio_stream,No audio stream found,repcount_train.csv,train,repcount_train.csv:494
stu7_70.mp4,no_audio_stream,No audio stream found,repcount_train.csv,train,repcount_train.csv:495
stu2_12.mp4,no_audio_stream,No audio stream found,repcount_train.csv,train,repcount_train.csv:496
stu10_22.mp4,no_audio_stream,No audio stream found,repcount_train.csv,train,repcount_train.csv:497
stu7_29.mp4,no_audio_stream,No audio stream found,repcount_train.csv,train,repcount_train.csv:498
stu4_72.mp4,no_audio_stream,No audio stream found,repcount_train.csv,train,repcount_train.csv:499
stu1_18.mp4,no_audio_stream,No audio stream found,repcount_train.csv,train,repcount_train.csv:500
stu1_50.mp4,no_audio_stream,No audio stream found,repcount_train.csv,train,repcount_train.csv:501
stu2_22.mp4,no_audio_stream,No audio stream found,repcount_train.csv,train,repcount_train.csv:502
stu5_49.mp4,no_audio_stream,No audio stream found,repcount_train.csv,train,repcount_train.csv:504
stu2_53.mp4,no_audio_stream,No audio stream found,repcount_train.csv,train,repcount_train.csv:505
stu2_24.mp4,no_audio_stream,No audio stream found,repcount_train.csv,train,repcount_train.csv:506
train2739.mp4,no_audio_stream,No audio stream found,repcount_train.csv,train,repcount_train.csv:507
train960.mp4,no_audio_stream,No audio stream found,repcount_train.csv,train,repcount_train.csv:508
stu2_26.mp4,no_audio_stream,No audio stream found,repcount_train.csv,train,repcount_train.csv:509
stu10_12.mp4,no_audio_stream,No audio stream found,repcount_train.csv,train,repcount_train.csv:510
stu4_4.mp4,no_audio_stream,No audio stream found,repcount_train.csv,train,repcount_train.csv:511
train1623.mp4,no_audio_stream,No audio stream found,repcount_train.csv,train,repcount_train.csv:512
train3324.mp4,no_audio_stream,No audio stream found,repcount_train.csv,train,repcount_train.csv:513
train172.mp4,no_audio_stream,No audio stream found,repcount_train.csv,train,repcount_train.csv:514
stu5_33.mp4,no_audio_stream,No audio stream found,repcount_train.csv,train,repcount_train.csv:515
stu9_24.mp4,no_audio_stream,No audio stream found,repcount_train.csv,train,repcount_train.csv:516
stu4_35.mp4,no_audio_stream,No audio stream found,repcount_train.csv,train,repcount_train.csv:517
stu3_32.mp4,no_audio_stream,No audio stream found,repcount_train.csv,train,repcount_train.csv:518
train2666.mp4,no_audio_stream,No audio stream found,repcount_train.csv,train,repcount_train.csv:519
stu8_60.mp4,no_audio_stream,No audio stream found,repcount_train.csv,train,repcount_train.csv:520
train1646.mp4,no_audio_stream,No audio stream found,repcount_train.csv,train,repcount_train.csv:521
stu5_2.mp4,no_audio_stream,No audio stream found,repcount_train.csv,train,repcount_train.csv:522
stu6_12.mp4,no_audio_stream,No audio stream found,repcount_train.csv,train,repcount_train.csv:523
stu3_47.mp4,no_audio_stream,No audio stream found,repcount_train.csv,train,repcount_train.csv:524
stu6_69.mp4,no_audio_stream,No audio stream found,repcount_train.csv,train,repcount_train.csv:525
stu6_46.mp4,no_audio_stream,No audio stream found,repcount_train.csv,train,repcount_train.csv:526
stu10_37.mp4,no_audio_stream,No audio stream found,repcount_train.csv,train,repcount_train.csv:527
test2295.mp4,no_audio_stream,No audio stream found,repcount_train.csv,train,repcount_train.csv:528
stu1_12.mp4,no_audio_stream,No audio stream found,repcount_train.csv,train,repcount_train.csv:529
test528.mp4,no_audio_stream,No audio stream found,repcount_train.csv,train,repcount_train.csv:530
stu1_61.mp4,no_audio_stream,No audio stream found,repcount_train.csv,train,repcount_train.csv:531
stu5_29.mp4,no_audio_stream,No audio stream found,repcount_train.csv,train,repcount_train.csv:532
stu9_44.mp4,no_audio_stream,No audio stream found,repcount_train.csv,train,repcount_train.csv:533
stu7_20.mp4,no_audio_stream,No audio stream found,repcount_train.csv,train,repcount_train.csv:534
stu1_23.mp4,no_audio_stream,No audio stream found,repcount_train.csv,train,repcount_train.csv:535
stu7_39.mp4,no_audio_stream,No audio stream found,repcount_train.csv,train,repcount_train.csv:536
stu5_37.mp4,no_audio_stream,No audio stream found,repcount_train.csv,train,repcount_train.csv:537
stu4_0.mp4,no_audio_stream,No audio stream found,repcount_train.csv,train,repcount_train.csv:538
stu2_48.mp4,no_audio_stream,No audio stream found,repcount_train.csv,train,repcount_train.csv:539
stu6_32.mp4,no_audio_stream,No audio stream found,repcount_train.csv,train,repcount_train.csv:540
stu5_69.mp4,no_audio_stream,No audio stream found,repcount_train.csv,train,repcount_train.csv:541
stu5_25.mp4,no_audio_stream,No audio stream found,repcount_train.csv,train,repcount_train.csv:542
stu6_9.mp4,no_audio_stream,No audio stream found,repcount_train.csv,train,repcount_train.csv:543
test1496.mp4,no_audio_stream,No audio stream found,repcount_train.csv,train,repcount_train.csv:544
stu7_61.mp4,no_audio_stream,No audio stream found,repcount_train.csv,train,repcount_train.csv:545
stu1_5.mp4,no_audio_stream,No audio stream found,repcount_train.csv,train,repcount_train.csv:546
stu6_52.mp4,no_audio_stream,No audio stream found,repcount_train.csv,train,repcount_train.csv:548
stu1_24.mp4,no_audio_stream,No audio stream found,repcount_train.csv,train,repcount_train.csv:549
test138.mp4,no_audio_stream,No audio stream found,repcount_train.csv,train,repcount_train.csv:550
stu6_51.mp4,no_audio_stream,No audio stream found,repcount_train.csv,train,repcount_train.csv:551
stu1_25.mp4,no_audio_stream,No audio stream found,repcount_train.csv,train,repcount_train.csv:552
stu6_56.mp4,no_audio_stream,No audio stream found,repcount_train.csv,train,repcount_train.csv:553
stu7_28.mp4,no_audio_stream,No audio stream found,repcount_train.csv,train,repcount_train.csv:554
stu8_20.mp4,no_audio_stream,No audio stream found,repcount_train.csv,train,repcount_train.csv:555
stu9_59.mp4,no_audio_stream,No audio stream found,repcount_train.csv,train,repcount_train.csv:556
stu7_58.mp4,no_audio_stream,No audio stream found,repcount_train.csv,train,repcount_train.csv:557
stu7_33.mp4,no_audio_stream,No audio stream found,repcount_train.csv,train,repcount_train.csv:558
stu7_46.mp4,no_audio_stream,No audio stream found,repcount_train.csv,train,repcount_train.csv:559
stu5_60.mp4,no_audio_stream,No audio stream found,repcount_train.csv,train,repcount_train.csv:560
stu2_30.mp4,no_audio_stream,No audio stream found,repcount_train.csv,train,repcount_train.csv:561
stu4_58.mp4,no_audio_stream,No audio stream found,repcount_train.csv,train,repcount_train.csv:562
stu5_38.mp4,no_audio_stream,No audio stream found,repcount_train.csv,train,repcount_train.csv:563
stu4_65.mp4,no_audio_stream,No audio stream found,repcount_train.csv,train,repcount_train.csv:564
stu7_22.mp4,no_audio_stream,No audio stream found,repcount_train.csv,train,repcount_train.csv:565
stu1_31.mp4,no_audio_stream,No audio stream found,repcount_train.csv,train,repcount_train.csv:566
stu4_2.mp4,no_audio_stream,No audio stream found,repcount_train.csv,train,repcount_train.csv:567
stu9_21.mp4,no_audio_stream,No audio stream found,repcount_train.csv,train,repcount_train.csv:568
stu7_59.mp4,no_audio_stream,No audio stream found,repcount_train.csv,train,repcount_train.csv:569
stu5_58.mp4,no_audio_stream,No audio stream found,repcount_train.csv,train,repcount_train.csv:570
stu8_32.mp4,no_audio_stream,No audio stream found,repcount_train.csv,train,repcount_train.csv:571
stu7_71.mp4,no_audio_stream,No audio stream found,repcount_train.csv,train,repcount_train.csv:572
train3382.mp4,no_audio_stream,No audio stream found,repcount_train.csv,train,repcount_train.csv:573
stu9_12.mp4,no_audio_stream,No audio stream found,repcount_train.csv,train,repcount_train.csv:574
stu5_53.mp4,no_audio_stream,No audio stream found,repcount_train.csv,train,repcount_train.csv:575
stu6_2.mp4,no_audio_stream,No audio stream found,repcount_train.csv,train,repcount_train.csv:577
test545.mp4,no_audio_stream,No audio stream found,repcount_train.csv,train,repcount_train.csv:578
test2323.mp4,no_audio_stream,No audio stream found,repcount_train.csv,train,repcount_train.csv:579
train3312.mp4,no_audio_stream,No audio stream found,repcount_train.csv,train,repcount_train.csv:580
stu9_30.mp4,no_audio_stream,No audio stream found,repcount_train.csv,train,repcount_train.csv:581
stu4_60.mp4,no_audio_stream,No audio stream found,repcount_train.csv,train,repcount_train.csv:582
stu4_56.mp4,no_audio_stream,No audio stream found,repcount_train.csv,train,repcount_train.csv:583
stu3_21.mp4,no_audio_stream,No audio stream found,repcount_train.csv,train,repcount_train.csv:584
stu4_17.mp4,no_audio_stream,No audio stream found,repcount_train.csv,train,repcount_train.csv:585
stu2_61.mp4,no_audio_stream,No audio stream found,repcount_train.csv,train,repcount_train.csv:586
stu10_32.mp4,no_audio_stream,No audio stream found,repcount_train.csv,train,repcount_train.csv:587
stu5_46.mp4,no_audio_stream,No audio stream found,repcount_train.csv,train,repcount_train.csv:588
train2685.mp4,no_audio_stream,No audio stream found,repcount_train.csv,train,repcount_train.csv:590
train1000.mp4,no_audio_stream,No audio stream found,repcount_train.csv,train,repcount_train.csv:591
stu9_56.mp4,no_audio_stream,No audio stream found,repcount_train.csv,train,repcount_train.csv:592
stu3_56.mp4,no_audio_stream,No audio stream found,repcount_train.csv,train,repcount_train.csv:593
stu6_54.mp4,no_audio_stream,No audio stream found,repcount_train.csv,train,repcount_train.csv:594
stu2_4.mp4,no_audio_stream,No audio stream found,repcount_train.csv,train,repcount_train.csv:596
test1624.mp4,no_audio_stream,No audio stream found,repcount_train.csv,train,repcount_train.csv:597
stu9_50.mp4,no_audio_stream,No audio stream found,repcount_train.csv,train,repcount_train.csv:598
stu2_60.mp4,no_audio_stream,No audio stream found,repcount_train.csv,train,repcount_train.csv:599
stu6_20.mp4,no_audio_stream,No audio stream found,repcount_train.csv,train,repcount_train.csv:600
stu5_65.mp4,no_audio_stream,No audio stream found,repcount_train.csv,train,repcount_train.csv:601
stu8_65.mp4,no_audio_stream,No audio stream found,repcount_train.csv,train,repcount_train.csv:602
stu2_11.mp4,no_audio_stream,No audio stream found,repcount_train.csv,train,repcount_train.csv:603
stu3_46.mp4,no_audio_stream,No audio stream found,repcount_train.csv,train,repcount_train.csv:604
stu7_56.mp4,no_audio_stream,No audio stream found,repcount_train.csv,train,repcount_train.csv:605
stu5_15.mp4,no_audio_stream,No audio stream found,repcount_train.csv,train,repcount_train.csv:606
test2015.mp4,no_audio_stream,No audio stream found,repcount_train.csv,train,repcount_train.csv:607
stu5_3.mp4,no_audio_stream,No audio stream found,repcount_train.csv,train,repcount_train.csv:608
stu2_1.mp4,no_audio_stream,No audio stream found,repcount_train.csv,train,repcount_train.csv:609
stu7_42.mp4,no_audio_stream,No audio stream found,repcount_train.csv,train,repcount_train.csv:611
stu2_71.mp4,no_audio_stream,No audio stream found,repcount_train.csv,train,repcount_train.csv:612
train3367.mp4,no_audio_stream,No audio stream found,repcount_train.csv,train,repcount_train.csv:613
train2477.mp4,no_audio_stream,No audio stream found,repcount_train.csv,train,repcount_train.csv:614
train3932.mp4,no_audio_stream,No audio stream found,repcount_train.csv,train,repcount_train.csv:615
stu9_65.mp4,no_audio_stream,No audio stream found,repcount_train.csv,train,repcount_train.csv:616
stu4_16.mp4,no_audio_stream,No audio stream found,repcount_train.csv,train,repcount_train.csv:617
stu7_50.mp4,no_audio_stream,No audio stream found,repcount_train.csv,train,repcount_train.csv:618
stu8_48.mp4,no_audio_stream,No audio stream found,repcount_train.csv,train,repcount_train.csv:619
stu3_51.mp4,no_audio_stream,No audio stream found,repcount_train.csv,train,repcount_train.csv:620
stu7_44.mp4,no_audio_stream,No audio stream found,repcount_train.csv,train,repcount_train.csv:621
stu8_19.mp4,no_audio_stream,No audio stream found,repcount_train.csv,train,repcount_train.csv:622
stu7_32.mp4,no_audio_stream,No audio stream found,repcount_train.csv,train,repcount_train.csv:624
stu6_37.mp4,no_audio_stream,No audio stream found,repcount_train.csv,train,repcount_train.csv:625
test2331.mp4,no_audio_stream,No audio stream found,repcount_train.csv,train,repcount_train.csv:626
stu7_5.mp4,no_audio_stream,No audio stream found,repcount_train.csv,train,repcount_train.csv:627
stu7_9.mp4,no_audio_stream,No audio stream found,repcount_train.csv,train,repcount_train.csv:628
stu1_48.mp4,no_audio_stream,No audio stream found,repcount_train.csv,train,repcount_train.csv:629
stu4_49.mp4,no_audio_stream,No audio stream found,repcount_train.csv,train,repcount_train.csv:630
stu1_29.mp4,no_audio_stream,No audio stream found,repcount_train.csv,train,repcount_train.csv:631
stu10_26.mp4,no_audio_stream,No audio stream found,repcount_train.csv,train,repcount_train.csv:632
stu9_37.mp4,no_audio_stream,No audio stream found,repcount_train.csv,train,repcount_train.csv:633
stu3_4.mp4,no_audio_stream,No audio stream found,repcount_train.csv,train,repcount_train.csv:634
val914.mp4,no_audio_stream,No audio stream found,repcount_train.csv,train,repcount_train.csv:635
stu6_66.mp4,no_audio_stream,No audio stream found,repcount_train.csv,train,repcount_train.csv:636
stu3_19.mp4,no_audio_stream,No audio stream found,repcount_train.csv,train,repcount_train.csv:637
test142.mp4,no_audio_stream,No audio stream found,repcount_train.csv,train,repcount_train.csv:638
stu6_31.mp4,no_audio_stream,No audio stream found,repcount_train.csv,train,repcount_train.csv:639
stu9_15.mp4,no_audio_stream,No audio stream found,repcount_train.csv,train,repcount_train.csv:640
test587.mp4,no_audio_stream,No audio stream found,repcount_train.csv,train,repcount_train.csv:641
train168.mp4,no_audio_stream,No audio stream found,repcount_train.csv,train,repcount_train.csv:642
stu7_12.mp4,no_audio_stream,No audio stream found,repcount_train.csv,train,repcount_train.csv:643
stu4_1.mp4,no_audio_stream,No audio stream found,repcount_train.csv,train,repcount_train.csv:644
train1604.mp4,no_audio_stream,No audio stream found,repcount_train.csv,train,repcount_train.csv:645
stu10_29.mp4,no_audio_stream,No audio stream found,repcount_train.csv,train,repcount_train.csv:646
stu3_12.mp4,no_audio_stream,No audio stream found,repcount_train.csv,train,repcount_train.csv:647
stu4_8.mp4,no_audio_stream,No audio stream found,repcount_train.csv,train,repcount_train.csv:648
stu10_68.mp4,no_audio_stream,No audio stream found,repcount_train.csv,train,repcount_train.csv:649
train1715.mp4,no_audio_stream,No audio stream found,repcount_train.csv,train,repcount_train.csv:650
stu9_11.mp4,no_audio_stream,No audio stream found,repcount_train.csv,train,repcount_train.csv:651
stu1_44.mp4,no_audio_stream,No audio stream found,repcount_train.csv,train,repcount_train.csv:652
train3912.mp4,no_audio_stream,No audio stream found,repcount_train.csv,train,repcount_train.csv:654
stu6_40.mp4,no_audio_stream,No audio stream found,repcount_train.csv,train,repcount_train.csv:655
test2298.mp4,no_audio_stream,No audio stream found,repcount_train.csv,train,repcount_train.csv:656
stu3_0.mp4,no_audio_stream,No audio stream found,repcount_train.csv,train,repcount_train.csv:657
stu11_0.mp4,no_audio_stream,No audio stream found,repcount_train.csv,train,repcount_train.csv:658
stu11_1.mp4,no_audio_stream,No audio stream found,repcount_train.csv,train,repcount_train.csv:659
stu11_10.mp4,no_audio_stream,No audio stream found,repcount_train.csv,train,repcount_train.csv:660
stu11_11.mp4,no_audio_stream,No audio stream found,repcount_train.csv,train,repcount_train.csv:661
stu11_12.mp4,no_audio_stream,No audio stream found,repcount_train.csv,train,repcount_train.csv:662
stu11_13.mp4,no_audio_stream,No audio stream found,repcount_train.csv,train,repcount_train.csv:663
stu11_14.mp4,no_audio_stream,No audio stream found,repcount_train.csv,train,repcount_train.csv:664
stu11_15.mp4,no_audio_stream,No audio stream found,repcount_train.csv,train,repcount_train.csv:665
stu11_16.mp4,no_audio_stream,No audio stream found,repcount_train.csv,train,repcount_train.csv:666
stu11_17.mp4,no_audio_stream,No audio stream found,repcount_train.csv,train,repcount_train.csv:667
stu11_18.mp4,no_audio_stream,No audio stream found,repcount_train.csv,train,repcount_train.csv:668
stu11_19.mp4,no_audio_stream,No audio stream found,repcount_train.csv,train,repcount_train.csv:669
stu11_2.mp4,no_audio_stream,No audio stream found,repcount_train.csv,train,repcount_train.csv:670
stu11_20.mp4,no_audio_stream,No audio stream found,repcount_train.csv,train,repcount_train.csv:671
stu11_21.mp4,no_audio_stream,No audio stream found,repcount_train.csv,train,repcount_train.csv:672
stu11_22.mp4,no_audio_stream,No audio stream found,repcount_train.csv,train,repcount_train.csv:673
stu11_23.mp4,no_audio_stream,No audio stream found,repcount_train.csv,train,repcount_train.csv:674
stu11_24.mp4,no_audio_stream,No audio stream found,repcount_train.csv,train,repcount_train.csv:675
stu11_25.mp4,no_audio_stream,No audio stream found,repcount_train.csv,train,repcount_train.csv:676
stu11_26.mp4,no_audio_stream,No audio stream found,repcount_train.csv,train,repcount_train.csv:677
stu11_27.mp4,no_audio_stream,No audio stream found,repcount_train.csv,train,repcount_train.csv:678
stu11_28.mp4,no_audio_stream,No audio stream found,repcount_train.csv,train,repcount_train.csv:679
stu11_29.mp4,no_audio_stream,No audio stream found,repcount_train.csv,train,repcount_train.csv:680
stu11_3.mp4,no_audio_stream,No audio stream found,repcount_train.csv,train,repcount_train.csv:681
stu11_4.mp4,no_audio_stream,No audio stream found,repcount_train.csv,train,repcount_train.csv:682
stu11_40.mp4,no_audio_stream,No audio stream found,repcount_train.csv,train,repcount_train.csv:683
stu11_41.mp4,no_audio_stream,No audio stream found,repcount_train.csv,train,repcount_train.csv:684
stu11_42.mp4,no_audio_stream,No audio stream found,repcount_train.csv,train,repcount_train.csv:685
stu11_43.mp4,no_audio_stream,No audio stream found,repcount_train.csv,train,repcount_train.csv:686
stu11_5.mp4,no_audio_stream,No audio stream found,repcount_train.csv,train,repcount_train.csv:687
stu11_6.mp4,no_audio_stream,No audio stream found,repcount_train.csv,train,repcount_train.csv:688
stu11_7.mp4,no_audio_stream,No audio stream found,repcount_train.csv,train,repcount_train.csv:689
stu11_8.mp4,no_audio_stream,No audio stream found,repcount_train.csv,train,repcount_train.csv:690
stu11_9.mp4,no_audio_stream,No audio stream found,repcount_train.csv,train,repcount_train.csv:691
stu12_0.mp4,no_audio_stream,No audio stream found,repcount_train.csv,train,repcount_train.csv:692
stu12_1.mp4,no_audio_stream,No audio stream found,repcount_train.csv,train,repcount_train.csv:693
stu12_10.mp4,no_audio_stream,No audio stream found,repcount_train.csv,train,repcount_train.csv:694
stu12_11.mp4,no_audio_stream,No audio stream found,repcount_train.csv,train,repcount_train.csv:695
stu12_12.mp4,no_audio_stream,No audio stream found,repcount_train.csv,train,repcount_train.csv:696
stu12_14.mp4,no_audio_stream,No audio stream found,repcount_train.csv,train,repcount_train.csv:697
stu12_15.mp4,no_audio_stream,No audio stream found,repcount_train.csv,train,repcount_train.csv:698
stu12_16.mp4,no_audio_stream,No audio stream found,repcount_train.csv,train,repcount_train.csv:699
stu12_17.mp4,no_audio_stream,No audio stream found,repcount_train.csv,train,repcount_train.csv:700
stu12_18.mp4,no_audio_stream,No audio stream found,repcount_train.csv,train,repcount_train.csv:701
stu12_19.mp4,no_audio_stream,No audio stream found,repcount_train.csv,train,repcount_train.csv:702
stu12_2.mp4,no_audio_stream,No audio stream found,repcount_train.csv,train,repcount_train.csv:703
stu12_20.mp4,no_audio_stream,No audio stream found,repcount_train.csv,train,repcount_train.csv:704
stu12_21.mp4,no_audio_stream,No audio stream found,repcount_train.csv,train,repcount_train.csv:705
stu12_22.mp4,no_audio_stream,No audio stream found,repcount_train.csv,train,repcount_train.csv:706
stu12_23.mp4,no_audio_stream,No audio stream found,repcount_train.csv,train,repcount_train.csv:707
stu12_24.mp4,no_audio_stream,No audio stream found,repcount_train.csv,train,repcount_train.csv:708
stu12_25.mp4,no_audio_stream,No audio stream found,repcount_train.csv,train,repcount_train.csv:709
stu12_26.mp4,no_audio_stream,No audio stream found,repcount_train.csv,train,repcount_train.csv:710
stu12_27.mp4,no_audio_stream,No audio stream found,repcount_train.csv,train,repcount_train.csv:711
stu12_28.mp4,no_audio_stream,No audio stream found,repcount_train.csv,train,repcount_train.csv:712
stu12_29.mp4,no_audio_stream,No audio stream found,repcount_train.csv,train,repcount_train.csv:713
stu12_3.mp4,no_audio_stream,No audio stream found,repcount_train.csv,train,repcount_train.csv:714
stu12_4.mp4,no_audio_stream,No audio stream found,repcount_train.csv,train,repcount_train.csv:715
stu12_40.mp4,no_audio_stream,No audio stream found,repcount_train.csv,train,repcount_train.csv:716
stu12_41.mp4,no_audio_stream,No audio stream found,repcount_train.csv,train,repcount_train.csv:717
stu12_42.mp4,no_audio_stream,No audio stream found,repcount_train.csv,train,repcount_train.csv:718
stu12_43.mp4,no_audio_stream,No audio stream found,repcount_train.csv,train,repcount_train.csv:719
stu12_5.mp4,no_audio_stream,No audio stream found,repcount_train.csv,train,repcount_train.csv:720
stu12_6.mp4,no_audio_stream,No audio stream found,repcount_train.csv,train,repcount_train.csv:721
stu12_7.mp4,no_audio_stream,No audio stream found,repcount_train.csv,train,repcount_train.csv:722
stu12_8.mp4,no_audio_stream,No audio stream found,repcount_train.csv,train,repcount_train.csv:723
stu12_9.mp4,no_audio_stream,No audio stream found,repcount_train.csv,train,repcount_train.csv:724
stu13_0.mp4,no_audio_stream,No audio stream found,repcount_train.csv,train,repcount_train.csv:725
stu13_1.mp4,no_audio_stream,No audio stream found,repcount_train.csv,train,repcount_train.csv:726
stu13_10.mp4,no_audio_stream,No audio stream found,repcount_train.csv,train,repcount_train.csv:727
stu13_11.mp4,no_audio_stream,No audio stream found,repcount_train.csv,train,repcount_train.csv:728
stu13_12.mp4,no_audio_stream,No audio stream found,repcount_train.csv,train,repcount_train.csv:729
stu13_13.mp4,no_audio_stream,No audio stream found,repcount_train.csv,train,repcount_train.csv:730
stu13_14.mp4,no_audio_stream,No audio stream found,repcount_train.csv,train,repcount_train.csv:731
stu13_15.mp4,no_audio_stream,No audio stream found,repcount_train.csv,train,repcount_train.csv:732
stu13_16.mp4,no_audio_stream,No audio stream found,repcount_train.csv,train,repcount_train.csv:733
stu13_17.mp4,no_audio_stream,No audio stream found,repcount_train.csv,train,repcount_train.csv:734
stu13_18.mp4,no_audio_stream,No audio stream found,repcount_train.csv,train,repcount_train.csv:735
stu13_19.mp4,no_audio_stream,No audio stream found,repcount_train.csv,train,repcount_train.csv:736
stu13_2.mp4,no_audio_stream,No audio stream found,repcount_train.csv,train,repcount_train.csv:737
stu13_20.mp4,no_audio_stream,No audio stream found,repcount_train.csv,train,repcount_train.csv:738
stu13_21.mp4,no_audio_stream,No audio stream found,repcount_train.csv,train,repcount_train.csv:739
stu13_22.mp4,no_audio_stream,No audio stream found,repcount_train.csv,train,repcount_train.csv:740
stu13_23.mp4,no_audio_stream,No audio stream found,repcount_train.csv,train,repcount_train.csv:741
stu13_24.mp4,no_audio_stream,No audio stream found,repcount_train.csv,train,repcount_train.csv:742
stu13_25.mp4,no_audio_stream,No audio stream found,repcount_train.csv,train,repcount_train.csv:743
stu13_26.mp4,no_audio_stream,No audio stream found,repcount_train.csv,train,repcount_train.csv:744
stu13_27.mp4,no_audio_stream,No audio stream found,repcount_train.csv,train,repcount_train.csv:745
stu13_28.mp4,no_audio_stream,No audio stream found,repcount_train.csv,train,repcount_train.csv:746
stu13_29.mp4,no_audio_stream,No audio stream found,repcount_train.csv,train,repcount_train.csv:747
stu13_3.mp4,no_audio_stream,No audio stream found,repcount_train.csv,train,repcount_train.csv:748
stu13_4.mp4,no_audio_stream,No audio stream found,repcount_train.csv,train,repcount_train.csv:749
stu13_40.mp4,no_audio_stream,No audio stream found,repcount_train.csv,train,repcount_train.csv:750
stu13_41.mp4,no_audio_stream,No audio stream found,repcount_train.csv,train,repcount_train.csv:751
stu13_42.mp4,no_audio_stream,No audio stream found,repcount_train.csv,train,repcount_train.csv:752
stu13_43.mp4,no_audio_stream,No audio stream found,repcount_train.csv,train,repcount_train.csv:753
stu13_5.mp4,no_audio_stream,No audio stream found,repcount_train.csv,train,repcount_train.csv:754
stu13_6.mp4,no_audio_stream,No audio stream found,repcount_train.csv,train,repcount_train.csv:755
stu13_7.mp4,no_audio_stream,No audio stream found,repcount_train.csv,train,repcount_train.csv:756
stu13_8.mp4,no_audio_stream,No audio stream found,repcount_train.csv,train,repcount_train.csv:757
stu13_9.mp4,no_audio_stream,No audio stream found,repcount_train.csv,train,repcount_train.csv:758
stu3_3.mp4,no_audio_stream,No audio stream found,repcount_val.csv,val,repcount_val.csv:2
stu5_24.mp4,no_audio_stream,No audio stream found,repcount_val.csv,val,repcount_val.csv:3
stu2_15.mp4,no_audio_stream,No audio stream found,repcount_val.csv,val,repcount_val.csv:4
stu5_40.mp4,no_audio_stream,No audio stream found,repcount_val.csv,val,repcount_val.csv:5
stu7_1.mp4,no_audio_stream,No audio stream found,repcount_val.csv,val,repcount_val.csv:7
train2720.mp4,no_audio_stream,No audio stream found,repcount_val.csv,val,repcount_val.csv:8
stu9_8.mp4,no_audio_stream,No audio stream found,repcount_val.csv,val,repcount_val.csv:9
stu1_47.mp4,no_audio_stream,No audio stream found,repcount_val.csv,val,repcount_val.csv:10
train3946.mp4,no_audio_stream,No audio stream found,repcount_val.csv,val,repcount_val.csv:11
train2481.mp4,no_audio_stream,No audio stream found,repcount_val.csv,val,repcount_val.csv:12
stu10_56.mp4,no_audio_stream,No audio stream found,repcount_val.csv,val,repcount_val.csv:13
stu8_7.mp4,no_audio_stream,No audio stream found,repcount_val.csv,val,repcount_val.csv:14
stu2_57.mp4,no_audio_stream,No audio stream found,repcount_val.csv,val,repcount_val.csv:15
stu2_23.mp4,no_audio_stream,No audio stream found,repcount_val.csv,val,repcount_val.csv:16
stu1_26.mp4,no_audio_stream,No audio stream found,repcount_val.csv,val,repcount_val.csv:17
stu6_7.mp4,no_audio_stream,No audio stream found,repcount_val.csv,val,repcount_val.csv:18
stu9_18.mp4,no_audio_stream,No audio stream found,repcount_val.csv,val,repcount_val.csv:19
stu8_37.mp4,no_audio_stream,No audio stream found,repcount_val.csv,val,repcount_val.csv:20
stu7_19.mp4,no_audio_stream,No audio stream found,repcount_val.csv,val,repcount_val.csv:21
stu7_16.mp4,no_audio_stream,No audio stream found,repcount_val.csv,val,repcount_val.csv:22
test2023.mp4,no_audio_stream,No audio stream found,repcount_val.csv,val,repcount_val.csv:23
stu10_44.mp4,no_audio_stream,No audio stream found,repcount_val.csv,val,repcount_val.csv:24
train2542.mp4,no_audio_stream,No audio stream found,repcount_val.csv,val,repcount_val.csv:25
stu5_17.mp4,no_audio_stream,No audio stream found,repcount_val.csv,val,repcount_val.csv:26
stu6_57.mp4,no_audio_stream,No audio stream found,repcount_val.csv,val,repcount_val.csv:27
stu1_38.mp4,no_audio_stream,No audio stream found,repcount_val.csv,val,repcount_val.csv:28
stu2_21.mp4,no_audio_stream,No audio stream found,repcount_val.csv,val,repcount_val.csv:29
stu7_66.mp4,no_audio_stream,No audio stream found,repcount_val.csv,val,repcount_val.csv:30
stu8_62.mp4,no_audio_stream,No audio stream found,repcount_val.csv,val,repcount_val.csv:32
test159.mp4,no_audio_stream,No audio stream found,repcount_val.csv,val,repcount_val.csv:33
stu10_47.mp4,no_audio_stream,No audio stream found,repcount_val.csv,val,repcount_val.csv:34
train3921.mp4,no_audio_stream,No audio stream found,repcount_val.csv,val,repcount_val.csv:35
stu10_63.mp4,no_audio_stream,No audio stream found,repcount_val.csv,val,repcount_val.csv:37
stu9_55.mp4,no_audio_stream,No audio stream found,repcount_val.csv,val,repcount_val.csv:38
stu5_21.mp4,no_audio_stream,No audio stream found,repcount_val.csv,val,repcount_val.csv:39
stu6_0.mp4,no_audio_stream,No audio stream found,repcount_val.csv,val,repcount_val.csv:40
stu5_45.mp4,no_audio_stream,No audio stream found,repcount_val.csv,val,repcount_val.csv:41
stu7_43.mp4,no_audio_stream,No audio stream found,repcount_val.csv,val,repcount_val.csv:42
stu1_17.mp4,no_audio_stream,No audio stream found,repcount_val.csv,val,repcount_val.csv:43
train2748.mp4,no_audio_stream,No audio stream found,repcount_val.csv,val,repcount_val.csv:44
stu6_17.mp4,no_audio_stream,No audio stream found,repcount_val.csv,val,repcount_val.csv:45
train1025.mp4,no_audio_stream,No audio stream found,repcount_val.csv,val,repcount_val.csv:46
val901.mp4,no_audio_stream,No audio stream found,repcount_val.csv,val,repcount_val.csv:47
stu3_50.mp4,no_audio_stream,No audio stream found,repcount_val.csv,val,repcount_val.csv:48
stu5_36.mp4,no_audio_stream,No audio stream found,repcount_val.csv,val,repcount_val.csv:49
stu6_4.mp4,no_audio_stream,No audio stream found,repcount_val.csv,val,repcount_val.csv:51
stu5_71.mp4,no_audio_stream,No audio stream found,repcount_val.csv,val,repcount_val.csv:52
stu5_19.mp4,no_audio_stream,No audio stream found,repcount_val.csv,val,repcount_val.csv:53
stu10_8.mp4,no_audio_stream,No audio stream found,repcount_val.csv,val,repcount_val.csv:54
stu6_16.mp4,no_audio_stream,No audio stream found,repcount_val.csv,val,repcount_val.csv:55
stu3_54.mp4,no_audio_stream,No audio stream found,repcount_val.csv,val,repcount_val.csv:56
stu1_34.mp4,no_audio_stream,No audio stream found,repcount_val.csv,val,repcount_val.csv:57
stu1_57.mp4,no_audio_stream,No audio stream found,repcount_val.csv,val,repcount_val.csv:58
stu2_0.mp4,no_audio_stream,No audio stream found,repcount_val.csv,val,repcount_val.csv:59
test571.mp4,no_audio_stream,No audio stream found,repcount_val.csv,val,repcount_val.csv:60
train3348.mp4,no_audio_stream,No audio stream found,repcount_val.csv,val,repcount_val.csv:61
stu8_14.mp4,no_audio_stream,No audio stream found,repcount_val.csv,val,repcount_val.csv:62
stu8_47.mp4,no_audio_stream,No audio stream found,repcount_val.csv,val,repcount_val.csv:63
stu10_42.mp4,no_audio_stream,No audio stream found,repcount_val.csv,val,repcount_val.csv:64
stu7_26.mp4,no_audio_stream,No audio stream found,repcount_val.csv,val,repcount_val.csv:65
stu6_48.mp4,no_audio_stream,No audio stream found,repcount_val.csv,val,repcount_val.csv:66
test1595.mp4,no_audio_stream,No audio stream found,repcount_val.csv,val,repcount_val.csv:67
stu7_53.mp4,no_audio_stream,No audio stream found,repcount_val.csv,val,repcount_val.csv:68
stu2_59.mp4,no_audio_stream,No audio stream found,repcount_val.csv,val,repcount_val.csv:69
stu7_36.mp4,no_audio_stream,No audio stream found,repcount_val.csv,val,repcount_val.csv:70
stu3_16.mp4,no_audio_stream,No audio stream found,repcount_val.csv,val,repcount_val.csv:71
stu1_39.mp4,no_audio_stream,No audio stream found,repcount_val.csv,val,repcount_val.csv:72
stu1_19.mp4,no_audio_stream,No audio stream found,repcount_val.csv,val,repcount_val.csv:73
stu5_59.mp4,no_audio_stream,No audio stream found,repcount_val.csv,val,repcount_val.csv:74
stu10_67.mp4,no_audio_stream,No audio stream found,repcount_val.csv,val,repcount_val.csv:75
stu7_65.mp4,no_audio_stream,No audio stream found,repcount_val.csv,val,repcount_val.csv:76
stu10_34.mp4,no_audio_stream,No audio stream found,repcount_val.csv,val,repcount_val.csv:77
stu8_52.mp4,no_audio_stream,No audio stream found,repcount_val.csv,val,repcount_val.csv:78
stu6_34.mp4,no_audio_stream,No audio stream found,repcount_val.csv,val,repcount_val.csv:79
stu4_11.mp4,no_audio_stream,No audio stream found,repcount_val.csv,val,repcount_val.csv:80
stu4_22.mp4,no_audio_stream,No audio stream found,repcount_val.csv,val,repcount_val.csv:81
stu8_43.mp4,no_audio_stream,No audio stream found,repcount_val.csv,val,repcount_val.csv:82
stu4_40.mp4,no_audio_stream,No audio stream found,repcount_val.csv,val,repcount_val.csv:83
stu5_5.mp4,no_audio_stream,No audio stream found,repcount_val.csv,val,repcount_val.csv:84
stu9_13.mp4,no_audio_stream,No audio stream found,repcount_val.csv,val,repcount_val.csv:85
train3898.mp4,no_audio_stream,No audio stream found,repcount_val.csv,val,repcount_val.csv:86
stu2_56.mp4,no_audio_stream,No audio stream found,repcount_val.csv,val,repcount_val.csv:87
stu6_21.mp4,no_audio_stream,No audio stream found,repcount_val.csv,val,repcount_val.csv:88
train1630.mp4,no_audio_stream,No audio stream found,repcount_val.csv,val,repcount_val.csv:89
val1093.mp4,no_audio_stream,No audio stream found,repcount_val.csv,val,repcount_val.csv:90
test2349.mp4,no_audio_stream,No audio stream found,repcount_val.csv,val,repcount_val.csv:91
stu3_52.mp4,no_audio_stream,No audio stream found,repcount_val.csv,val,repcount_val.csv:92
train2711.mp4,no_audio_stream,No audio stream found,repcount_val.csv,val,repcount_val.csv:93
stu10_39.mp4,no_audio_stream,No audio stream found,repcount_val.csv,val,repcount_val.csv:94
stu2_27.mp4,no_audio_stream,No audio stream found,repcount_val.csv,val,repcount_val.csv:95
stu1_37.mp4,no_audio_stream,No audio stream found,repcount_val.csv,val,repcount_val.csv:96
stu10_13.mp4,no_audio_stream,No audio stream found,repcount_val.csv,val,repcount_val.csv:97
stu3_2.mp4,no_audio_stream,No audio stream found,repcount_val.csv,val,repcount_val.csv:98
stu9_19.mp4,no_audio_stream,No audio stream found,repcount_val.csv,val,repcount_val.csv:99
stu4_45.mp4,no_audio_stream,No audio stream found,repcount_val.csv,val,repcount_val.csv:100
stu5_9.mp4,no_audio_stream,No audio stream found,repcount_val.csv,val,repcount_val.csv:101
test2029.mp4,no_audio_stream,No audio stream found,repcount_val.csv,val,repcount_val.csv:103
stu4_59.mp4,no_audio_stream,No audio stream found,repcount_val.csv,val,repcount_val.csv:104
stu3_1.mp4,no_audio_stream,No audio stream found,repcount_val.csv,val,repcount_val.csv:105
train990.mp4,no_audio_stream,No audio stream found,repcount_val.csv,val,repcount_val.csv:106
train2716.mp4,no_audio_stream,No audio stream found,repcount_val.csv,val,repcount_val.csv:107
train1010.mp4,no_audio_stream,No audio stream found,repcount_val.csv,val,repcount_val.csv:108
stu8_53.mp4,no_audio_stream,No audio stream found,repcount_val.csv,val,repcount_val.csv:109
stu5_26.mp4,no_audio_stream,No audio stream found,repcount_val.csv,val,repcount_val.csv:110
stu6_47.mp4,no_audio_stream,No audio stream found,repcount_val.csv,val,repcount_val.csv:111
stu5_22.mp4,no_audio_stream,No audio stream found,repcount_val.csv,val,repcount_val.csv:112
stu8_54.mp4,no_audio_stream,No audio stream found,repcount_val.csv,val,repcount_val.csv:113
stu1_8.mp4,no_audio_stream,No audio stream found,repcount_val.csv,val,repcount_val.csv:114
stu9_9.mp4,no_audio_stream,No audio stream found,repcount_val.csv,val,repcount_val.csv:115
stu7_24.mp4,no_audio_stream,No audio stream found,repcount_val.csv,val,repcount_val.csv:116
stu12_35.mp4,no_audio_stream,No audio stream found,repcount_val.csv,val,repcount_val.csv:117
stu12_36.mp4,no_audio_stream,No audio stream found,repcount_val.csv,val,repcount_val.csv:118
stu12_37.mp4,no_audio_stream,No audio stream found,repcount_val.csv,val,repcount_val.csv:119
stu12_38.mp4,no_audio_stream,No audio stream found,repcount_val.csv,val,repcount_val.csv:120
stu12_39.mp4,no_audio_stream,No audio stream found,repcount_val.csv,val,repcount_val.csv:121
stu11_30.mp4,no_audio_stream,No audio stream found,repcount_val.csv,val,repcount_val.csv:122
stu11_31.mp4,no_audio_stream,No audio stream found,repcount_val.csv,val,repcount_val.csv:123
stu11_32.mp4,no_audio_stream,No audio stream found,repcount_val.csv,val,repcount_val.csv:124
stu11_33.mp4,no_audio_stream,No audio stream found,repcount_val.csv,val,repcount_val.csv:125
stu11_34.mp4,no_audio_stream,No audio stream found,repcount_val.csv,val,repcount_val.csv:126
stu11_35.mp4,no_audio_stream,No audio stream found,repcount_val.csv,val,repcount_val.csv:127
stu11_36.mp4,no_audio_stream,No audio stream found,repcount_val.csv,val,repcount_val.csv:128
stu11_37.mp4,no_audio_stream,No audio stream found,repcount_val.csv,val,repcount_val.csv:129
stu11_38.mp4,no_audio_stream,No audio stream found,repcount_val.csv,val,repcount_val.csv:130
stu11_39.mp4,no_audio_stream,No audio stream found,repcount_val.csv,val,repcount_val.csv:131
