split,video_id,kinetics_start,kinetics_end,source_path,audio_path,reason
train,tHs-a_9GLrE,5,15,https://www.youtube.com/watch?v=tHs-a_9GLrE,,video download failed
train,sp0nDoUydmA,6,16,https://www.youtube.com/watch?v=sp0nDoUydmA,,video download failed
train,8x9rty5TpC8,25,35,https://www.youtube.com/watch?v=8x9rty5TpC8,,video download failed
train,HqDD2PHO03M,12,22,https://www.youtube.com/watch?v=HqDD2PHO03M,,video download failed
train,c6ScBnbLCIs,58,68,https://www.youtube.com/watch?v=c6ScBnbLCIs,,video download failed
train,xGH01du4DDM,158,168,https://www.youtube.com/watch?v=xGH01du4DDM,,video download failed
train,69aAzRzPUfk,49,59,https://www.youtube.com/watch?v=69aAzRzPUfk,,video download failed
train,tExQFWaFJwM,0,10,https://www.youtube.com/watch?v=tExQFWaFJwM,,video download failed
train,0CcBSsbQvFg,0,10,https://www.youtube.com/watch?v=0CcBSsbQvFg,,video download failed
train,a9PrSorcZ-Q,282,292,https://www.youtube.com/watch?v=a9PrSorcZ-Q,,video download failed
train,cAdl5uGiwEE,0,10,https://www.youtube.com/watch?v=cAdl5uGiwEE,,video download failed
train,o2naVWxaKxM,41,51,https://www.youtube.com/watch?v=o2naVWxaKxM,,video download failed
train,RavLI1kUqXk,8,18,https://www.youtube.com/watch?v=RavLI1kUqXk,,video download failed
train,VERNxMkSmlc,26,36,https://www.youtube.com/watch?v=VERNxMkSmlc,,video download failed
train,3V0FICZwVCk,7,17,https://www.youtube.com/watch?v=3V0FICZwVCk,,video download failed
train,J3FOvKd_-sc,54,64,https://www.youtube.com/watch?v=J3FOvKd_-sc,,video download failed
train,QrMMaswiBdk,17,27,https://www.youtube.com/watch?v=QrMMaswiBdk,,video download failed
train,WMn2dy1E14g,4,14,https://www.youtube.com/watch?v=WMn2dy1E14g,,video download failed
train,iBX4iKPpSK0,0,10,https://www.youtube.com/watch?v=iBX4iKPpSK0,,video download failed
train,H-vWDzgC_Xc,10,20,https://www.youtube.com/watch?v=H-vWDzgC_Xc,,video download failed
train,tbesSp7Nu0M,3,13,https://www.youtube.com/watch?v=tbesSp7Nu0M,,video download failed
train,4zl3h-ycfXo,11,21,https://www.youtube.com/watch?v=4zl3h-ycfXo,,video download failed
train,Xh7-rFGHYwU,77,87,https://www.youtube.com/watch?v=Xh7-rFGHYwU,,video download failed
train,i-cyRM8XpIw,81,91,https://www.youtube.com/watch?v=i-cyRM8XpIw,,video download failed
train,i-cyRM8XpIw,71,81,https://www.youtube.com/watch?v=i-cyRM8XpIw,,video download failed
train,i-cyRM8XpIw,89,99,https://www.youtube.com/watch?v=i-cyRM8XpIw,,video download failed
train,AiStLCoxW7I,139,149,https://www.youtube.com/watch?v=AiStLCoxW7I,,video download failed
train,B5YSsqF2FRA,14,24,https://www.youtube.com/watch?v=B5YSsqF2FRA,,video download failed
train,oSFyWDiTslQ,2,12,https://www.youtube.com/watch?v=oSFyWDiTslQ,,video download failed
val,d3UKyK0XO64,28,38,https://www.youtube.com/watch?v=d3UKyK0XO64,,video download failed
test,42zkI-r5YNw,0,10,https://www.youtube.com/watch?v=42zkI-r5YNw,,video download failed
test,CxqCgU0r7C4,29,39,https://www.youtube.com/watch?v=CxqCgU0r7C4,,video download failed
test,0gXF-9_ahOE,37,47,https://www.youtube.com/watch?v=0gXF-9_ahOE,,video download failed
test,e-JyMr8rU80,0,10,https://www.youtube.com/watch?v=e-JyMr8rU80,,video download failed
test,gMu05ihBi-s,12,22,https://www.youtube.com/watch?v=gMu05ihBi-s,,video download failed
test,DeX_Nz5NR8s,58,68,https://www.youtube.com/watch?v=DeX_Nz5NR8s,,video download failed
test,3QJ99458W4c,0,10,https://www.youtube.com/watch?v=3QJ99458W4c,,video download failed
test,3MiRAnfskRA,17,27,https://www.youtube.com/watch?v=3MiRAnfskRA,,video download failed
test,9Njd6e97fiI,9,19,https://www.youtube.com/watch?v=9Njd6e97fiI,,video download failed
test,9NQ1EeEEaHA,157,167,https://www.youtube.com/watch?v=9NQ1EeEEaHA,,video download failed
