split,video_id,kinetics_start,kinetics_end,expected_filename,source_path,reason
train,D5Ge91h0XZw,38,48,D5Ge91h0XZw_000038_000048.mp4,,matching file not found in kinetics_clips
train,JQu6cUHQTpI,220,230,JQu6cUHQTpI_000220_000230.mp4,,matching file not found in kinetics_clips
train,RGq54UYpkmo,1,11,RGq54UYpkmo_000001_000011.mp4,,matching file not found in kinetics_clips
train,FLY2D2gE0qs,605,615,FLY2D2gE0qs_000605_000615.mp4,,matching file not found in kinetics_clips
train,GQJcsl3nwUA,2,12,GQJcsl3nwUA_000002_000012.mp4,,matching file not found in kinetics_clips
train,kXR_MFXsYpQ,140,150,kXR_MFXsYpQ_000140_000150.mp4,,matching file not found in kinetics_clips
train,tHs-a_9GLrE,5,15,tHs-a_9GLrE_000005_000015.mp4,,matching file not found in kinetics_clips
train,sp0nDoUydmA,6,16,sp0nDoUydmA_000006_000016.mp4,,matching file not found in kinetics_clips
train,8x9rty5TpC8,25,35,8x9rty5TpC8_000025_000035.mp4,,matching file not found in kinetics_clips
train,vN1JxANg17Q,37,47,vN1JxANg17Q_000037_000047.mp4,,matching file not found in kinetics_clips
train,PSjsZbsL-5w,15,25,PSjsZbsL-5w_000015_000025.mp4,,matching file not found in kinetics_clips
train,SZRaAzB3QBM,0,10,SZRaAzB3QBM_000000_000010.mp4,,matching file not found in kinetics_clips
train,oN3qOlphjfo,0,10,oN3qOlphjfo_000000_000010.mp4,,matching file not found in kinetics_clips
train,AVsSyPj6Zy0,26,36,AVsSyPj6Zy0_000026_000036.mp4,,matching file not found in kinetics_clips
train,ErgWAKiq1ho,30,40,ErgWAKiq1ho_000030_000040.mp4,,matching file not found in kinetics_clips
train,GE6VK3ySAtI,20,30,GE6VK3ySAtI_000020_000030.mp4,,matching file not found in kinetics_clips
train,IEidzT4MEMk,117,127,IEidzT4MEMk_000117_000127.mp4,,matching file not found in kinetics_clips
train,KH6P86revfc,2,12,KH6P86revfc_000002_000012.mp4,,matching file not found in kinetics_clips
train,Kk6n29KqipA,10,20,Kk6n29KqipA_000010_000020.mp4,,matching file not found in kinetics_clips
train,L8bee5aEgBA,252,262,L8bee5aEgBA_000252_000262.mp4,,matching file not found in kinetics_clips
train,PM05EC64rlc,14,24,PM05EC64rlc_000014_000024.mp4,,matching file not found in kinetics_clips
train,Xp3ruKdw2YI,0,10,Xp3ruKdw2YI_000000_000010.mp4,,matching file not found in kinetics_clips
train,dmtxU26lF6E,0,10,dmtxU26lF6E_000000_000010.mp4,,matching file not found in kinetics_clips
train,gap1tQ4c438,20,30,gap1tQ4c438_000020_000030.mp4,,matching file not found in kinetics_clips
train,rbngfUJgu8Y,7,17,rbngfUJgu8Y_000007_000017.mp4,,matching file not found in kinetics_clips
train,r-kcQEJq5Zc,220,230,r-kcQEJq5Zc_000220_000230.mp4,,matching file not found in kinetics_clips
train,3R0KIDzX1SI,54,64,3R0KIDzX1SI_000054_000064.mp4,,matching file not found in kinetics_clips
train,794nYWCgEOI,348,358,794nYWCgEOI_000348_000358.mp4,,matching file not found in kinetics_clips
train,HqDD2PHO03M,12,22,HqDD2PHO03M_000012_000022.mp4,,matching file not found in kinetics_clips
train,M18u9iUgSvo,10,20,M18u9iUgSvo_000010_000020.mp4,,matching file not found in kinetics_clips
train,P5ohYhxsYo8,2,12,P5ohYhxsYo8_000002_000012.mp4,,matching file not found in kinetics_clips
train,Zd8JopgebnI,21,31,Zd8JopgebnI_000021_000031.mp4,,matching file not found in kinetics_clips
train,c6ScBnbLCIs,58,68,c6ScBnbLCIs_000058_000068.mp4,,matching file not found in kinetics_clips
train,hf721om62L8,0,10,hf721om62L8_000000_000010.mp4,,matching file not found in kinetics_clips
train,xGH01du4DDM,158,168,xGH01du4DDM_000158_000168.mp4,,matching file not found in kinetics_clips
train,69aAzRzPUfk,49,59,69aAzRzPUfk_000049_000059.mp4,,matching file not found in kinetics_clips
train,Jc3QV8id9Ns,0,10,Jc3QV8id9Ns_000000_000010.mp4,,matching file not found in kinetics_clips
train,nQIROQk78Do,21,31,nQIROQk78Do_000021_000031.mp4,,matching file not found in kinetics_clips
train,sEFZ45uYI2c,45,55,sEFZ45uYI2c_000045_000055.mp4,,matching file not found in kinetics_clips
train,szlw8XOERl8,18,28,szlw8XOERl8_000018_000028.mp4,,matching file not found in kinetics_clips
train,tExQFWaFJwM,0,10,tExQFWaFJwM_000000_000010.mp4,,matching file not found in kinetics_clips
train,vejrt1l5AQM,62,72,vejrt1l5AQM_000062_000072.mp4,,matching file not found in kinetics_clips
train,0CcBSsbQvFg,0,10,0CcBSsbQvFg_000000_000010.mp4,,matching file not found in kinetics_clips
train,3KB7l9vakic,85,95,3KB7l9vakic_000085_000095.mp4,,matching file not found in kinetics_clips
train,37BRxdkQu_o,50,60,37BRxdkQu_o_000050_000060.mp4,,matching file not found in kinetics_clips
train,ETo6wgt7i2k,173,183,ETo6wgt7i2k_000173_000183.mp4,,matching file not found in kinetics_clips
train,SSnFwDTeO9c,33,43,SSnFwDTeO9c_000033_000043.mp4,,matching file not found in kinetics_clips
train,ab-MmudKdD0,12,22,ab-MmudKdD0_000012_000022.mp4,,matching file not found in kinetics_clips
train,casDTQ0y60Y,72,82,casDTQ0y60Y_000072_000082.mp4,,matching file not found in kinetics_clips
train,g3V9JXXCfNI,23,33,g3V9JXXCfNI_000023_000033.mp4,,matching file not found in kinetics_clips
train,vEzF8Q7IZnw,5,15,vEzF8Q7IZnw_000005_000015.mp4,,matching file not found in kinetics_clips
train,0rvBA3Lk2eo,4,14,0rvBA3Lk2eo_000004_000014.mp4,,matching file not found in kinetics_clips
train,6GZPVfofQ2c,74,84,6GZPVfofQ2c_000074_000084.mp4,,matching file not found in kinetics_clips
train,DpDyuhF6Alc,160,170,DpDyuhF6Alc_000160_000170.mp4,,matching file not found in kinetics_clips
train,E5A5JfS5wwk,78,88,E5A5JfS5wwk_000078_000088.mp4,,matching file not found in kinetics_clips
train,JDbWT8TC1q8,42,52,JDbWT8TC1q8_000042_000052.mp4,,matching file not found in kinetics_clips
train,JI64dikSIm4,0,10,JI64dikSIm4_000000_000010.mp4,,matching file not found in kinetics_clips
train,PagVojz4-qk,106,116,PagVojz4-qk_000106_000116.mp4,,matching file not found in kinetics_clips
train,T13NYMpFfpw,0,10,T13NYMpFfpw_000000_000010.mp4,,matching file not found in kinetics_clips
train,a9PrSorcZ-Q,282,292,a9PrSorcZ-Q_000282_000292.mp4,,matching file not found in kinetics_clips
train,cAdl5uGiwEE,0,10,cAdl5uGiwEE_000000_000010.mp4,,matching file not found in kinetics_clips
train,hkPD4SbMS8c,207,217,hkPD4SbMS8c_000207_000217.mp4,,matching file not found in kinetics_clips
train,k3zt30q3aMI,89,99,k3zt30q3aMI_000089_000099.mp4,,matching file not found in kinetics_clips
train,ohp5vRs9oA4,49,59,ohp5vRs9oA4_000049_000059.mp4,,matching file not found in kinetics_clips
train,o6Fjd8hm3W8,61,71,o6Fjd8hm3W8_000061_000071.mp4,,matching file not found in kinetics_clips
train,qBYVmxHS-bM,189,199,qBYVmxHS-bM_000189_000199.mp4,,matching file not found in kinetics_clips
train,IgJIy7yGaHA,21,31,IgJIy7yGaHA_000021_000031.mp4,,matching file not found in kinetics_clips
train,NGIHzgTCjho,150,160,NGIHzgTCjho_000150_000160.mp4,,matching file not found in kinetics_clips
train,T3Q10NrKG8k,145,155,T3Q10NrKG8k_000145_000155.mp4,,matching file not found in kinetics_clips
train,hPuylJBmk_8,47,57,hPuylJBmk_8_000047_000057.mp4,,matching file not found in kinetics_clips
train,sPKu2KAeqI0,94,104,sPKu2KAeqI0_000094_000104.mp4,,matching file not found in kinetics_clips
train,bPuY7gCtCXQ,5,15,bPuY7gCtCXQ_000005_000015.mp4,,matching file not found in kinetics_clips
train,oOZNo3rsrGw,0,10,oOZNo3rsrGw_000000_000010.mp4,,matching file not found in kinetics_clips
train,o2naVWxaKxM,41,51,o2naVWxaKxM_000041_000051.mp4,,matching file not found in kinetics_clips
train,qFhoDkvJFnc,4,14,qFhoDkvJFnc_000004_000014.mp4,,matching file not found in kinetics_clips
train,uM8WU3ZLq9Q,2,12,uM8WU3ZLq9Q_000002_000012.mp4,,matching file not found in kinetics_clips
train,0LjEtt9Nfx4,34,44,0LjEtt9Nfx4_000034_000044.mp4,,matching file not found in kinetics_clips
train,9wnZaUX7wpU,2,12,9wnZaUX7wpU_000002_000012.mp4,,matching file not found in kinetics_clips
train,Bw_MIVvvhUU,165,175,Bw_MIVvvhUU_000165_000175.mp4,,matching file not found in kinetics_clips
train,FB8nG3ZA00o,25,35,FB8nG3ZA00o_000025_000035.mp4,,matching file not found in kinetics_clips
train,HbAYoheAboo,8,18,HbAYoheAboo_000008_000018.mp4,,matching file not found in kinetics_clips
train,KODgB416W00,315,325,KODgB416W00_000315_000325.mp4,,matching file not found in kinetics_clips
train,PYQKPQTl9q0,36,46,PYQKPQTl9q0_000036_000046.mp4,,matching file not found in kinetics_clips
train,RavLI1kUqXk,8,18,RavLI1kUqXk_000008_000018.mp4,,matching file not found in kinetics_clips
train,VERNxMkSmlc,26,36,VERNxMkSmlc_000026_000036.mp4,,matching file not found in kinetics_clips
train,pxGU5sP2vnE,133,143,pxGU5sP2vnE_000133_000143.mp4,,matching file not found in kinetics_clips
train,roNF133x3ao,19,29,roNF133x3ao_000019_000029.mp4,,matching file not found in kinetics_clips
train,u2WPzrpz38g,9,19,u2WPzrpz38g_000009_000019.mp4,,matching file not found in kinetics_clips
train,0Q2sqxP7sZQ,128,138,0Q2sqxP7sZQ_000128_000138.mp4,,matching file not found in kinetics_clips
train,0TVA21VNGts,79,89,0TVA21VNGts_000079_000089.mp4,,matching file not found in kinetics_clips
train,1TC4Mx8FvRU,35,45,1TC4Mx8FvRU_000035_000045.mp4,,matching file not found in kinetics_clips
train,8j_roCqyldE,1,11,8j_roCqyldE_000001_000011.mp4,,matching file not found in kinetics_clips
train,9n47CwR0xkQ,34,44,9n47CwR0xkQ_000034_000044.mp4,,matching file not found in kinetics_clips
train,9yb75QQ5MyM,0,10,9yb75QQ5MyM_000000_000010.mp4,,matching file not found in kinetics_clips
train,gIZfTUnE1VY,0,10,gIZfTUnE1VY_000000_000010.mp4,,matching file not found in kinetics_clips
train,taEnhbs3zGQ,426,436,taEnhbs3zGQ_000426_000436.mp4,,matching file not found in kinetics_clips
train,va93ykOh2QI,756,766,va93ykOh2QI_000756_000766.mp4,,matching file not found in kinetics_clips
train,vy5m_4mt4R0,22,32,vy5m_4mt4R0_000022_000032.mp4,,matching file not found in kinetics_clips
train,wdZ-udSHAN8,1,11,wdZ-udSHAN8_000001_000011.mp4,,matching file not found in kinetics_clips
train,3V0FICZwVCk,7,17,3V0FICZwVCk_000007_000017.mp4,,matching file not found in kinetics_clips
train,5gcntrSK8m4,51,61,5gcntrSK8m4_000051_000061.mp4,,matching file not found in kinetics_clips
train,9McFCBmkfow,0,10,9McFCBmkfow_000000_000010.mp4,,matching file not found in kinetics_clips
train,_PDgqk9JEdg,11,21,_PDgqk9JEdg_000011_000021.mp4,,matching file not found in kinetics_clips
train,Bb3XvyTEkNE,111,121,Bb3XvyTEkNE_000111_000121.mp4,,matching file not found in kinetics_clips
train,CxUynB3Yb5M,10,20,CxUynB3Yb5M_000010_000020.mp4,,matching file not found in kinetics_clips
train,DIqmvoEjWPY,21,31,DIqmvoEjWPY_000021_000031.mp4,,matching file not found in kinetics_clips
train,F8FbDUOz9_E,51,61,F8FbDUOz9_E_000051_000061.mp4,,matching file not found in kinetics_clips
train,HLftb2xvrqM,26,36,HLftb2xvrqM_000026_000036.mp4,,matching file not found in kinetics_clips
train,InfLbqvDNZo,22,32,InfLbqvDNZo_000022_000032.mp4,,matching file not found in kinetics_clips
train,J3FOvKd_-sc,54,64,J3FOvKd_-sc_000054_000064.mp4,,matching file not found in kinetics_clips
train,KWkoYYhfs6o,27,37,KWkoYYhfs6o_000027_000037.mp4,,matching file not found in kinetics_clips
train,NWKE1a927Xc,20,30,NWKE1a927Xc_000020_000030.mp4,,matching file not found in kinetics_clips
train,N_Jm9uRlWlE,123,133,N_Jm9uRlWlE_000123_000133.mp4,,matching file not found in kinetics_clips
train,QrMMaswiBdk,17,27,QrMMaswiBdk_000017_000027.mp4,,matching file not found in kinetics_clips
train,WMn2dy1E14g,4,14,WMn2dy1E14g_000004_000014.mp4,,matching file not found in kinetics_clips
train,YOddpF7Np2M,24,34,YOddpF7Np2M_000024_000034.mp4,,matching file not found in kinetics_clips
train,fn4jnzQw8zE,0,10,fn4jnzQw8zE_000000_000010.mp4,,matching file not found in kinetics_clips
train,ftI8LKUbpjg,5,15,ftI8LKUbpjg_000005_000015.mp4,,matching file not found in kinetics_clips
train,iBX4iKPpSK0,0,10,iBX4iKPpSK0_000000_000010.mp4,,matching file not found in kinetics_clips
train,iSlQpbAQ66M,200,210,iSlQpbAQ66M_000200_000210.mp4,,matching file not found in kinetics_clips
train,jMKGwCkjWs0,39,49,jMKGwCkjWs0_000039_000049.mp4,,matching file not found in kinetics_clips
train,A7xOaBJGXTc,30,40,A7xOaBJGXTc_000030_000040.mp4,,matching file not found in kinetics_clips
train,H-vWDzgC_Xc,10,20,H-vWDzgC_Xc_000010_000020.mp4,,matching file not found in kinetics_clips
train,POGTm5vGEII,3,13,POGTm5vGEII_000003_000013.mp4,,matching file not found in kinetics_clips
train,cdWDLFCj2OY,18,28,cdWDLFCj2OY_000018_000028.mp4,,matching file not found in kinetics_clips
train,eOpPlx-1vZ4,5,15,eOpPlx-1vZ4_000005_000015.mp4,,matching file not found in kinetics_clips
train,maVnj-BZ7JY,10,20,maVnj-BZ7JY_000010_000020.mp4,,matching file not found in kinetics_clips
train,tbesSp7Nu0M,3,13,tbesSp7Nu0M_000003_000013.mp4,,matching file not found in kinetics_clips
train,4zl3h-ycfXo,11,21,4zl3h-ycfXo_000011_000021.mp4,,matching file not found in kinetics_clips
train,GeiqTdtP2MY,18,28,GeiqTdtP2MY_000018_000028.mp4,,matching file not found in kinetics_clips
train,Nejv69b_nmw,16,26,Nejv69b_nmw_000016_000026.mp4,,matching file not found in kinetics_clips
train,WAFMr1KANpE,51,61,WAFMr1KANpE_000051_000061.mp4,,matching file not found in kinetics_clips
train,Xh7-rFGHYwU,77,87,Xh7-rFGHYwU_000077_000087.mp4,,matching file not found in kinetics_clips
train,i-cyRM8XpIw,81,91,i-cyRM8XpIw_000081_000091.mp4,,matching file not found in kinetics_clips
train,i-cyRM8XpIw,71,81,i-cyRM8XpIw_000071_000081.mp4,,matching file not found in kinetics_clips
train,i-cyRM8XpIw,89,99,i-cyRM8XpIw_000089_000099.mp4,,matching file not found in kinetics_clips
train,lDBDYfAZo4U,26,36,lDBDYfAZo4U_000026_000036.mp4,,matching file not found in kinetics_clips
train,lmQNhciYiVU,11,21,lmQNhciYiVU_000011_000021.mp4,,matching file not found in kinetics_clips
train,r4FxHVEd_bg,26,36,r4FxHVEd_bg_000026_000036.mp4,,matching file not found in kinetics_clips
train,uoF1lqy7yDU,18,28,uoF1lqy7yDU_000018_000028.mp4,,matching file not found in kinetics_clips
train,2M0cyAw5csU,8,18,2M0cyAw5csU_000008_000018.mp4,,matching file not found in kinetics_clips
train,AiStLCoxW7I,139,149,AiStLCoxW7I_000139_000149.mp4,,matching file not found in kinetics_clips
train,d5plwNKqlVc,10,20,d5plwNKqlVc_000010_000020.mp4,,matching file not found in kinetics_clips
train,vcfHHoyi7BE,52,62,vcfHHoyi7BE_000052_000062.mp4,,matching file not found in kinetics_clips
train,2TC0LNlBJqE,28,38,2TC0LNlBJqE_000028_000038.mp4,,matching file not found in kinetics_clips
train,DYKyirHChZI,13,23,DYKyirHChZI_000013_000023.mp4,,matching file not found in kinetics_clips
train,POGqStjMI60,49,59,POGqStjMI60_000049_000059.mp4,,matching file not found in kinetics_clips
train,QYLzDEJT28A,163,173,QYLzDEJT28A_000163_000173.mp4,,matching file not found in kinetics_clips
train,ksQj_bhkIXw,26,36,ksQj_bhkIXw_000026_000036.mp4,,matching file not found in kinetics_clips
train,ArR8eP9A_Jc,1,11,ArR8eP9A_Jc_000001_000011.mp4,,matching file not found in kinetics_clips
train,B5YSsqF2FRA,14,24,B5YSsqF2FRA_000014_000024.mp4,,matching file not found in kinetics_clips
train,MSU9kiN6Xf8,0,10,MSU9kiN6Xf8_000000_000010.mp4,,matching file not found in kinetics_clips
train,Szb9n6DUgGA,292,302,Szb9n6DUgGA_000292_000302.mp4,,matching file not found in kinetics_clips
train,U6IA_w1sy8I,13,23,U6IA_w1sy8I_000013_000023.mp4,,matching file not found in kinetics_clips
train,Xq4VwMZnS4I,12,22,Xq4VwMZnS4I_000012_000022.mp4,,matching file not found in kinetics_clips
train,bqLmeyIEmFg,0,10,bqLmeyIEmFg_000000_000010.mp4,,matching file not found in kinetics_clips
train,inapKPYckFA,12,22,inapKPYckFA_000012_000022.mp4,,matching file not found in kinetics_clips
train,mJgmseapwQo,26,36,mJgmseapwQo_000026_000036.mp4,,matching file not found in kinetics_clips
train,oSFyWDiTslQ,2,12,oSFyWDiTslQ_000002_000012.mp4,,matching file not found in kinetics_clips
train,pNvHYGPFV1M,12,22,pNvHYGPFV1M_000012_000022.mp4,,matching file not found in kinetics_clips
train,rwZbTxGY1xI,51,61,rwZbTxGY1xI_000051_000061.mp4,,matching file not found in kinetics_clips
train,uY_B6y5fK8E,0,10,uY_B6y5fK8E_000000_000010.mp4,,matching file not found in kinetics_clips
train,wDgTQ_0w8jo,17,27,wDgTQ_0w8jo_000017_000027.mp4,,matching file not found in kinetics_clips
train,393hVY7pxHw,21,31,393hVY7pxHw_000021_000031.mp4,,matching file not found in kinetics_clips
train,5jIIgZ_nrcE,64,74,5jIIgZ_nrcE_000064_000074.mp4,,matching file not found in kinetics_clips
val,d3UKyK0XO64,28,38,d3UKyK0XO64_000028_000038.mp4,,matching file not found in kinetics_clips
test,42zkI-r5YNw,0,10,42zkI-r5YNw_000000_000010.mp4,,matching file not found in kinetics_clips
test,CxqCgU0r7C4,29,39,CxqCgU0r7C4_000029_000039.mp4,,matching file not found in kinetics_clips
test,ci8sj1HmskI,12,22,ci8sj1HmskI_000012_000022.mp4,,matching file not found in kinetics_clips
test,0gXF-9_ahOE,37,47,0gXF-9_ahOE_000037_000047.mp4,,matching file not found in kinetics_clips
test,e-JyMr8rU80,0,10,e-JyMr8rU80_000000_000010.mp4,,matching file not found in kinetics_clips
test,gMu05ihBi-s,12,22,gMu05ihBi-s_000012_000022.mp4,,matching file not found in kinetics_clips
test,ibwuLDHfX0Y,5,15,ibwuLDHfX0Y_000005_000015.mp4,,matching file not found in kinetics_clips
test,jpRWZ40UIzQ,200,210,jpRWZ40UIzQ_000200_000210.mp4,,matching file not found in kinetics_clips
test,DeX_Nz5NR8s,58,68,DeX_Nz5NR8s_000058_000068.mp4,,matching file not found in kinetics_clips
test,3QJ99458W4c,0,10,3QJ99458W4c_000000_000010.mp4,,matching file not found in kinetics_clips
test,3MiRAnfskRA,17,27,3MiRAnfskRA_000017_000027.mp4,,matching file not found in kinetics_clips
test,9Njd6e97fiI,9,19,9Njd6e97fiI_000009_000019.mp4,,matching file not found in kinetics_clips
test,3BbTEQ8xHM4,15,25,3BbTEQ8xHM4_000015_000025.mp4,,matching file not found in kinetics_clips
test,9NQ1EeEEaHA,157,167,9NQ1EeEEaHA_000157_000167.mp4,,matching file not found in kinetics_clips
